label,subject_id,file,start,group_id,y
carioca_left,participant_1,participant_1/carioca_left_2020-07-21--19-35-00.json,0,participant_1,0
carioca_left,participant_1,participant_1/carioca_left_2020-07-21--19-35-00.json,13,participant_1,0
carioca_left,participant_1,participant_1/carioca_left_2020-07-21--19-35-00.json,26,participant_1,0
carioca_left,participant_1,participant_1/carioca_left_2020-07-21--19-35-00.json,39,participant_1,0
carioca_left,participant_1,participant_1/carioca_left_2020-07-21--19-35-00.json,52,participant_1,0
carioca_left,participant_1,participant_1/carioca_left_2020-07-21--19-35-00.json,65,participant_1,0
carioca_left,participant_1,participant_1/carioca_left_2020-07-21--19-35-00.json,78,participant_1,0
carioca_left,participant_1,participant_1/carioca_left_2020-07-21--19-35-00.json,91,participant_1,0
carioca_left,participant_1,participant_1/carioca_left_2020-07-21--19-35-00.json,104,participant_1,0
carioca_left,participant_1,participant_1/carioca_left_2020-07-21--19-35-00.json,117,participant_1,0
carioca_left,participant_1,participant_1/carioca_left_2020-07-21--19-35-00.json,130,participant_1,0
carioca_left,participant_1,participant_1/carioca_left_2020-07-21--19-35-00.json,143,participant_1,0
carioca_left,participant_1,participant_1/carioca_left_2020-07-21--19-35-00.json,156,participant_1,0
carioca_left,participant_1,participant_1/carioca_left_2020-07-21--19-35-00.json,169,participant_1,0
carioca_left,participant_1,participant_1/carioca_left_2020-07-21--19-35-00.json,182,participant_1,0
carioca_left,participant_1,participant_1/carioca_left_2020-07-21--19-35-00.json,195,participant_1,0
carioca_left,participant_1,participant_1/carioca_left_2020-07-21--19-35-00.json,208,participant_1,0
carioca_left,participant_1,participant_1/carioca_left_2020-07-21--19-35-00.json,221,participant_1,0
carioca_left,participant_1,participant_1/carioca_left_2020-07-21--19-35-00.json,234,participant_1,0
carioca_left,participant_1,participant_1/carioca_left_2020-07-21--19-35-00.json,247,participant_1,0
carioca_left,participant_1,participant_1/carioca_left_2020-07-21--19-35-00.json,260,participant_1,0
carioca_left,participant_1,participant_1/carioca_left_2020-07-21--19-35-00.json,273,participant_1,0
carioca_left,participant_1,participant_1/carioca_left_2020-07-21--19-35-00.json,286,participant_1,0
carioca_left,participant_1,participant_1/carioca_left_2020-07-21--19-35-00.json,299,participant_1,0
carioca_left,participant_1,participant_1/carioca_left_2020-07-21--19-35-00.json,312,participant_1,0
carioca_left,participant_1,participant_1/carioca_left_2020-07-21--19-35-00.json,325,participant_1,0
carioca_left,participant_1,participant_1/carioca_left_2020-07-21--19-35-00.json,338,participant_1,0
carioca_left,participant_1,participant_1/carioca_left_2020-07-21--19-35-00.json,351,participant_1,0
carioca_left,participant_1,participant_1/carioca_left_2020-07-21--19-35-00.json,364,participant_1,0
carioca_left,participant_1,participant_1/carioca_left_2020-07-21--19-35-00.json,377,participant_1,0
carioca_left,participant_1,participant_1/carioca_left_2020-07-21--19-35-00.json,390,participant_1,0
carioca_left,participant_1,participant_1/carioca_left_2020-07-21--19-35-00.json,403,participant_1,0
carioca_left,participant_1,participant_1/carioca_left_2020-07-21--19-35-00.json,416,participant_1,0
carioca_left,participant_1,participant_1/carioca_left_2020-07-21--19-35-00.json,429,participant_1,0
carioca_left,participant_1,participant_1/carioca_left_2020-07-21--19-35-00.json,442,participant_1,0
carioca_left,participant_1,participant_1/carioca_left_2020-07-21--19-35-00.json,455,participant_1,0
carioca_right,participant_1,participant_1/carioca_right_2020-07-21--19-34-39.json,0,participant_1,1
carioca_right,participant_1,participant_1/carioca_right_2020-07-21--19-34-39.json,13,participant_1,1
carioca_right,participant_1,participant_1/carioca_right_2020-07-21--19-34-39.json,26,participant_1,1
carioca_right,participant_1,participant_1/carioca_right_2020-07-21--19-34-39.json,39,participant_1,1
carioca_right,participant_1,participant_1/carioca_right_2020-07-21--19-34-39.json,52,participant_1,1
carioca_right,participant_1,participant_1/carioca_right_2020-07-21--19-34-39.json,65,participant_1,1
carioca_right,participant_1,participant_1/carioca_right_2020-07-21--19-34-39.json,78,participant_1,1
carioca_right,participant_1,participant_1/carioca_right_2020-07-21--19-34-39.json,91,participant_1,1
carioca_right,participant_1,participant_1/carioca_right_2020-07-21--19-34-39.json,104,participant_1,1
carioca_right,participant_1,participant_1/carioca_right_2020-07-21--19-34-39.json,117,participant_1,1
carioca_right,participant_1,participant_1/carioca_right_2020-07-21--19-34-39.json,130,participant_1,1
carioca_right,participant_1,participant_1/carioca_right_2020-07-21--19-34-39.json,143,participant_1,1
carioca_right,participant_1,participant_1/carioca_right_2020-07-21--19-34-39.json,156,participant_1,1
carioca_right,participant_1,participant_1/carioca_right_2020-07-21--19-34-39.json,169,participant_1,1
carioca_right,participant_1,participant_1/carioca_right_2020-07-21--19-34-39.json,182,participant_1,1
carioca_right,participant_1,participant_1/carioca_right_2020-07-21--19-34-39.json,195,participant_1,1
carioca_right,participant_1,participant_1/carioca_right_2020-07-21--19-34-39.json,208,participant_1,1
carioca_right,participant_1,participant_1/carioca_right_2020-07-21--19-34-39.json,221,participant_1,1
carioca_right,participant_1,participant_1/carioca_right_2020-07-21--19-34-39.json,234,participant_1,1
carioca_right,participant_1,participant_1/carioca_right_2020-07-21--19-34-39.json,247,participant_1,1
carioca_right,participant_1,participant_1/carioca_right_2020-07-21--19-34-39.json,260,participant_1,1
carioca_right,participant_1,participant_1/carioca_right_2020-07-21--19-34-39.json,273,participant_1,1
carioca_right,participant_1,participant_1/carioca_right_2020-07-21--19-34-39.json,286,participant_1,1
carioca_right,participant_1,participant_1/carioca_right_2020-07-21--19-34-39.json,299,participant_1,1
carioca_right,participant_1,participant_1/carioca_right_2020-07-21--19-34-39.json,312,participant_1,1
carioca_right,participant_1,participant_1/carioca_right_2020-07-21--19-34-39.json,325,participant_1,1
carioca_right,participant_1,participant_1/carioca_right_2020-07-21--19-34-39.json,338,participant_1,1
carioca_right,participant_1,participant_1/carioca_right_2020-07-21--19-34-39.json,351,participant_1,1
carioca_right,participant_1,participant_1/carioca_right_2020-07-21--19-34-39.json,364,participant_1,1
carioca_right,participant_1,participant_1/carioca_right_2020-07-21--19-34-39.json,377,participant_1,1
carioca_right,participant_1,participant_1/carioca_right_2020-07-21--19-34-39.json,390,participant_1,1
carioca_right,participant_1,participant_1/carioca_right_2020-07-21--19-34-39.json,403,participant_1,1
carioca_right,participant_1,participant_1/carioca_right_2020-07-21--19-34-39.json,416,participant_1,1
carioca_right,participant_1,participant_1/carioca_right_2020-07-21--19-34-39.json,429,participant_1,1
carioca_right,participant_1,participant_1/carioca_right_2020-07-21--19-34-39.json,442,participant_1,1
carioca_right,participant_1,participant_1/carioca_right_2020-07-21--19-34-39.json,455,participant_1,1
heel_to_butt,participant_1,participant_1/heel_to_butt_2020-07-21--19-35-51.json,0,participant_1,2
heel_to_butt,participant_1,participant_1/heel_to_butt_2020-07-21--19-35-51.json,13,participant_1,2
heel_to_butt,participant_1,participant_1/heel_to_butt_2020-07-21--19-35-51.json,26,participant_1,2
heel_to_butt,participant_1,participant_1/heel_to_butt_2020-07-21--19-35-51.json,39,participant_1,2
heel_to_butt,participant_1,participant_1/heel_to_butt_2020-07-21--19-35-51.json,52,participant_1,2
heel_to_butt,participant_1,participant_1/heel_to_butt_2020-07-21--19-35-51.json,65,participant_1,2
heel_to_butt,participant_1,participant_1/heel_to_butt_2020-07-21--19-35-51.json,78,participant_1,2
heel_to_butt,participant_1,participant_1/heel_to_butt_2020-07-21--19-35-51.json,91,participant_1,2
heel_to_butt,participant_1,participant_1/heel_to_butt_2020-07-21--19-35-51.json,104,participant_1,2
heel_to_butt,participant_1,participant_1/heel_to_butt_2020-07-21--19-35-51.json,117,participant_1,2
heel_to_butt,participant_1,participant_1/heel_to_butt_2020-07-21--19-35-51.json,130,participant_1,2
heel_to_butt,participant_1,participant_1/heel_to_butt_2020-07-21--19-35-51.json,143,participant_1,2
heel_to_butt,participant_1,participant_1/heel_to_butt_2020-07-21--19-35-51.json,156,participant_1,2
heel_to_butt,participant_1,participant_1/heel_to_butt_2020-07-21--19-35-51.json,169,participant_1,2
heel_to_butt,participant_1,participant_1/heel_to_butt_2020-07-21--19-35-51.json,182,participant_1,2
heel_to_butt,participant_1,participant_1/heel_to_butt_2020-07-21--19-35-51.json,195,participant_1,2
heel_to_butt,participant_1,participant_1/heel_to_butt_2020-07-21--19-35-51.json,208,participant_1,2
heel_to_butt,participant_1,participant_1/heel_to_butt_2020-07-21--19-35-51.json,221,participant_1,2
heel_to_butt,participant_1,participant_1/heel_to_butt_2020-07-21--19-35-51.json,234,participant_1,2
heel_to_butt,participant_1,participant_1/heel_to_butt_2020-07-21--19-35-51.json,247,participant_1,2
heel_to_butt,participant_1,participant_1/heel_to_butt_2020-07-21--19-35-51.json,260,participant_1,2
heel_to_butt,participant_1,participant_1/heel_to_butt_2020-07-21--19-35-51.json,273,participant_1,2
heel_to_butt,participant_1,participant_1/heel_to_butt_2020-07-21--19-35-51.json,286,participant_1,2
heel_to_butt,participant_1,participant_1/heel_to_butt_2020-07-21--19-35-51.json,299,participant_1,2
heel_to_butt,participant_1,participant_1/heel_to_butt_2020-07-21--19-35-51.json,312,participant_1,2
heel_to_butt,participant_1,participant_1/heel_to_butt_2020-07-21--19-35-51.json,325,participant_1,2
heel_to_butt,participant_1,participant_1/heel_to_butt_2020-07-21--19-35-51.json,338,participant_1,2
heel_to_butt,participant_1,participant_1/heel_to_butt_2020-07-21--19-35-51.json,351,participant_1,2
heel_to_butt,participant_1,participant_1/heel_to_butt_2020-07-21--19-35-51.json,364,participant_1,2
heel_to_butt,participant_1,participant_1/heel_to_butt_2020-07-21--19-35-51.json,377,participant_1,2
heel_to_butt,participant_1,participant_1/heel_to_butt_2020-07-21--19-35-51.json,390,participant_1,2
heel_to_butt,participant_1,participant_1/heel_to_butt_2020-07-21--19-35-51.json,403,participant_1,2
heel_to_butt,participant_1,participant_1/heel_to_butt_2020-07-21--19-35-51.json,416,participant_1,2
heel_to_butt,participant_1,participant_1/heel_to_butt_2020-07-21--19-35-51.json,429,participant_1,2
heel_to_butt,participant_1,participant_1/heel_to_butt_2020-07-21--19-35-51.json,442,participant_1,2
heel_to_butt,participant_1,participant_1/heel_to_butt_2020-07-21--19-35-51.json,455,participant_1,2
high_knee_run,participant_1,participant_1/high_knee_run_2020-07-21--19-35-23.json,0,participant_1,3
high_knee_run,participant_1,participant_1/high_knee_run_2020-07-21--19-35-23.json,13,participant_1,3
high_knee_run,participant_1,participant_1/high_knee_run_2020-07-21--19-35-23.json,26,participant_1,3
high_knee_run,participant_1,participant_1/high_knee_run_2020-07-21--19-35-23.json,39,participant_1,3
high_knee_run,participant_1,participant_1/high_knee_run_2020-07-21--19-35-23.json,52,participant_1,3
high_knee_run,participant_1,participant_1/high_knee_run_2020-07-21--19-35-23.json,65,participant_1,3
high_knee_run,participant_1,participant_1/high_knee_run_2020-07-21--19-35-23.json,78,participant_1,3
high_knee_run,participant_1,participant_1/high_knee_run_2020-07-21--19-35-23.json,91,participant_1,3
high_knee_run,participant_1,participant_1/high_knee_run_2020-07-21--19-35-23.json,104,participant_1,3
high_knee_run,participant_1,participant_1/high_knee_run_2020-07-21--19-35-23.json,117,participant_1,3
high_knee_run,participant_1,participant_1/high_knee_run_2020-07-21--19-35-23.json,130,participant_1,3
high_knee_run,participant_1,participant_1/high_knee_run_2020-07-21--19-35-23.json,143,participant_1,3
high_knee_run,participant_1,participant_1/high_knee_run_2020-07-21--19-35-23.json,156,participant_1,3
high_knee_run,participant_1,participant_1/high_knee_run_2020-07-21--19-35-23.json,169,participant_1,3
high_knee_run,participant_1,participant_1/high_knee_run_2020-07-21--19-35-23.json,182,participant_1,3
high_knee_run,participant_1,participant_1/high_knee_run_2020-07-21--19-35-23.json,195,participant_1,3
high_knee_run,participant_1,participant_1/high_knee_run_2020-07-21--19-35-23.json,208,participant_1,3
high_knee_run,participant_1,participant_1/high_knee_run_2020-07-21--19-35-23.json,221,participant_1,3
high_knee_run,participant_1,participant_1/high_knee_run_2020-07-21--19-35-23.json,234,participant_1,3
high_knee_run,participant_1,participant_1/high_knee_run_2020-07-21--19-35-23.json,247,participant_1,3
high_knee_run,participant_1,participant_1/high_knee_run_2020-07-21--19-35-23.json,260,participant_1,3
high_knee_run,participant_1,participant_1/high_knee_run_2020-07-21--19-35-23.json,273,participant_1,3
high_knee_run,participant_1,participant_1/high_knee_run_2020-07-21--19-35-23.json,286,participant_1,3
high_knee_run,participant_1,participant_1/high_knee_run_2020-07-21--19-35-23.json,299,participant_1,3
high_knee_run,participant_1,participant_1/high_knee_run_2020-07-21--19-35-23.json,312,participant_1,3
high_knee_run,participant_1,participant_1/high_knee_run_2020-07-21--19-35-23.json,325,participant_1,3
high_knee_run,participant_1,participant_1/high_knee_run_2020-07-21--19-35-23.json,338,participant_1,3
high_knee_run,participant_1,participant_1/high_knee_run_2020-07-21--19-35-23.json,351,participant_1,3
high_knee_run,participant_1,participant_1/high_knee_run_2020-07-21--19-35-23.json,364,participant_1,3
high_knee_run,participant_1,participant_1/high_knee_run_2020-07-21--19-35-23.json,377,participant_1,3
high_knee_run,participant_1,participant_1/high_knee_run_2020-07-21--19-35-23.json,390,participant_1,3
high_knee_run,participant_1,participant_1/high_knee_run_2020-07-21--19-35-23.json,403,participant_1,3
high_knee_run,participant_1,participant_1/high_knee_run_2020-07-21--19-35-23.json,416,participant_1,3
high_knee_run,participant_1,participant_1/high_knee_run_2020-07-21--19-35-23.json,429,participant_1,3
high_knee_run,participant_1,participant_1/high_knee_run_2020-07-21--19-35-23.json,442,participant_1,3
high_knee_run,participant_1,participant_1/high_knee_run_2020-07-21--19-35-23.json,455,participant_1,3
running,participant_1,participant_1/running_2020-07-21--19-33-34.json,0,participant_1,4
running,participant_1,participant_1/running_2020-07-21--19-33-34.json,13,participant_1,4
running,participant_1,participant_1/running_2020-07-21--19-33-34.json,26,participant_1,4
running,participant_1,participant_1/running_2020-07-21--19-33-34.json,39,participant_1,4
running,participant_1,participant_1/running_2020-07-21--19-33-34.json,52,participant_1,4
running,participant_1,participant_1/running_2020-07-21--19-33-34.json,65,participant_1,4
running,participant_1,participant_1/running_2020-07-21--19-33-34.json,78,participant_1,4
running,participant_1,participant_1/running_2020-07-21--19-33-34.json,91,participant_1,4
running,participant_1,participant_1/running_2020-07-21--19-33-34.json,104,participant_1,4
running,participant_1,participant_1/running_2020-07-21--19-33-34.json,117,participant_1,4
running,participant_1,participant_1/running_2020-07-21--19-33-34.json,130,participant_1,4
running,participant_1,participant_1/running_2020-07-21--19-33-34.json,143,participant_1,4
running,participant_1,participant_1/running_2020-07-21--19-33-34.json,156,participant_1,4
running,participant_1,participant_1/running_2020-07-21--19-33-34.json,169,participant_1,4
running,participant_1,participant_1/running_2020-07-21--19-33-34.json,182,participant_1,4
running,participant_1,participant_1/running_2020-07-21--19-33-34.json,195,participant_1,4
running,participant_1,participant_1/running_2020-07-21--19-33-34.json,208,participant_1,4
running,participant_1,participant_1/running_2020-07-21--19-33-34.json,221,participant_1,4
running,participant_1,participant_1/running_2020-07-21--19-33-34.json,234,participant_1,4
running,participant_1,participant_1/running_2020-07-21--19-33-34.json,247,participant_1,4
running,participant_1,participant_1/running_2020-07-21--19-33-34.json,260,participant_1,4
running,participant_1,participant_1/running_2020-07-21--19-33-34.json,273,participant_1,4
running,participant_1,participant_1/running_2020-07-21--19-33-34.json,286,participant_1,4
running,participant_1,participant_1/running_2020-07-21--19-33-34.json,299,participant_1,4
running,participant_1,participant_1/running_2020-07-21--19-33-34.json,312,participant_1,4
running,participant_1,participant_1/running_2020-07-21--19-33-34.json,325,participant_1,4
running,participant_1,participant_1/running_2020-07-21--19-33-34.json,338,participant_1,4
running,participant_1,participant_1/running_2020-07-21--19-33-34.json,351,participant_1,4
running,participant_1,participant_1/running_2020-07-21--19-33-34.json,364,participant_1,4
running,participant_1,participant_1/running_2020-07-21--19-33-34.json,377,participant_1,4
running,participant_1,participant_1/running_2020-07-21--19-33-34.json,390,participant_1,4
running,participant_1,participant_1/running_2020-07-21--19-33-34.json,403,participant_1,4
running,participant_1,participant_1/running_2020-07-21--19-33-34.json,416,participant_1,4
running,participant_1,participant_1/running_2020-07-21--19-33-34.json,429,participant_1,4
running,participant_1,participant_1/running_2020-07-21--19-33-34.json,442,participant_1,4
running,participant_1,participant_1/running_2020-07-21--19-33-34.json,455,participant_1,4
sideskips_left,participant_1,participant_1/sideskips_left_2020-07-21--19-34-16.json,0,participant_1,5
sideskips_left,participant_1,participant_1/sideskips_left_2020-07-21--19-34-16.json,13,participant_1,5
sideskips_left,participant_1,participant_1/sideskips_left_2020-07-21--19-34-16.json,26,participant_1,5
sideskips_left,participant_1,participant_1/sideskips_left_2020-07-21--19-34-16.json,39,participant_1,5
sideskips_left,participant_1,participant_1/sideskips_left_2020-07-21--19-34-16.json,52,participant_1,5
sideskips_left,participant_1,participant_1/sideskips_left_2020-07-21--19-34-16.json,65,participant_1,5
sideskips_left,participant_1,participant_1/sideskips_left_2020-07-21--19-34-16.json,78,participant_1,5
sideskips_left,participant_1,participant_1/sideskips_left_2020-07-21--19-34-16.json,91,participant_1,5
sideskips_left,participant_1,participant_1/sideskips_left_2020-07-21--19-34-16.json,104,participant_1,5
sideskips_left,participant_1,participant_1/sideskips_left_2020-07-21--19-34-16.json,117,participant_1,5
sideskips_left,participant_1,participant_1/sideskips_left_2020-07-21--19-34-16.json,130,participant_1,5
sideskips_left,participant_1,participant_1/sideskips_left_2020-07-21--19-34-16.json,143,participant_1,5
sideskips_left,participant_1,participant_1/sideskips_left_2020-07-21--19-34-16.json,156,participant_1,5
sideskips_left,participant_1,participant_1/sideskips_left_2020-07-21--19-34-16.json,169,participant_1,5
sideskips_left,participant_1,participant_1/sideskips_left_2020-07-21--19-34-16.json,182,participant_1,5
sideskips_left,participant_1,participant_1/sideskips_left_2020-07-21--19-34-16.json,195,participant_1,5
sideskips_left,participant_1,participant_1/sideskips_left_2020-07-21--19-34-16.json,208,participant_1,5
sideskips_left,participant_1,participant_1/sideskips_left_2020-07-21--19-34-16.json,221,participant_1,5
sideskips_left,participant_1,participant_1/sideskips_left_2020-07-21--19-34-16.json,234,participant_1,5
sideskips_left,participant_1,participant_1/sideskips_left_2020-07-21--19-34-16.json,247,participant_1,5
sideskips_left,participant_1,participant_1/sideskips_left_2020-07-21--19-34-16.json,260,participant_1,5
sideskips_left,participant_1,participant_1/sideskips_left_2020-07-21--19-34-16.json,273,participant_1,5
sideskips_left,participant_1,participant_1/sideskips_left_2020-07-21--19-34-16.json,286,participant_1,5
sideskips_left,participant_1,participant_1/sideskips_left_2020-07-21--19-34-16.json,299,participant_1,5
sideskips_left,participant_1,participant_1/sideskips_left_2020-07-21--19-34-16.json,312,participant_1,5
sideskips_left,participant_1,participant_1/sideskips_left_2020-07-21--19-34-16.json,325,participant_1,5
sideskips_left,participant_1,participant_1/sideskips_left_2020-07-21--19-34-16.json,338,participant_1,5
sideskips_left,participant_1,participant_1/sideskips_left_2020-07-21--19-34-16.json,351,participant_1,5
sideskips_left,participant_1,participant_1/sideskips_left_2020-07-21--19-34-16.json,364,participant_1,5
sideskips_left,participant_1,participant_1/sideskips_left_2020-07-21--19-34-16.json,377,participant_1,5
sideskips_left,participant_1,participant_1/sideskips_left_2020-07-21--19-34-16.json,390,participant_1,5
sideskips_left,participant_1,participant_1/sideskips_left_2020-07-21--19-34-16.json,403,participant_1,5
sideskips_left,participant_1,participant_1/sideskips_left_2020-07-21--19-34-16.json,416,participant_1,5
sideskips_left,participant_1,participant_1/sideskips_left_2020-07-21--19-34-16.json,429,participant_1,5
sideskips_left,participant_1,participant_1/sideskips_left_2020-07-21--19-34-16.json,442,participant_1,5
sideskips_left,participant_1,participant_1/sideskips_left_2020-07-21--19-34-16.json,455,participant_1,5
sideskips_right,participant_1,participant_1/sideskips_right_2020-07-21--19-33-54.json,0,participant_1,6
sideskips_right,participant_1,participant_1/sideskips_right_2020-07-21--19-33-54.json,13,participant_1,6
sideskips_right,participant_1,participant_1/sideskips_right_2020-07-21--19-33-54.json,26,participant_1,6
sideskips_right,participant_1,participant_1/sideskips_right_2020-07-21--19-33-54.json,39,participant_1,6
sideskips_right,participant_1,participant_1/sideskips_right_2020-07-21--19-33-54.json,52,participant_1,6
sideskips_right,participant_1,participant_1/sideskips_right_2020-07-21--19-33-54.json,65,participant_1,6
sideskips_right,participant_1,participant_1/sideskips_right_2020-07-21--19-33-54.json,78,participant_1,6
sideskips_right,participant_1,participant_1/sideskips_right_2020-07-21--19-33-54.json,91,participant_1,6
sideskips_right,participant_1,participant_1/sideskips_right_2020-07-21--19-33-54.json,104,participant_1,6
sideskips_right,participant_1,participant_1/sideskips_right_2020-07-21--19-33-54.json,117,participant_1,6
sideskips_right,participant_1,participant_1/sideskips_right_2020-07-21--19-33-54.json,130,participant_1,6
sideskips_right,participant_1,participant_1/sideskips_right_2020-07-21--19-33-54.json,143,participant_1,6
sideskips_right,participant_1,participant_1/sideskips_right_2020-07-21--19-33-54.json,156,participant_1,6
sideskips_right,participant_1,participant_1/sideskips_right_2020-07-21--19-33-54.json,169,participant_1,6
sideskips_right,participant_1,participant_1/sideskips_right_2020-07-21--19-33-54.json,182,participant_1,6
sideskips_right,participant_1,participant_1/sideskips_right_2020-07-21--19-33-54.json,195,participant_1,6
sideskips_right,participant_1,participant_1/sideskips_right_2020-07-21--19-33-54.json,208,participant_1,6
sideskips_right,participant_1,participant_1/sideskips_right_2020-07-21--19-33-54.json,221,participant_1,6
sideskips_right,participant_1,participant_1/sideskips_right_2020-07-21--19-33-54.json,234,participant_1,6
sideskips_right,participant_1,participant_1/sideskips_right_2020-07-21--19-33-54.json,247,participant_1,6
sideskips_right,participant_1,participant_1/sideskips_right_2020-07-21--19-33-54.json,260,participant_1,6
sideskips_right,participant_1,participant_1/sideskips_right_2020-07-21--19-33-54.json,273,participant_1,6
sideskips_right,participant_1,participant_1/sideskips_right_2020-07-21--19-33-54.json,286,participant_1,6
sideskips_right,participant_1,participant_1/sideskips_right_2020-07-21--19-33-54.json,299,participant_1,6
sideskips_right,participant_1,participant_1/sideskips_right_2020-07-21--19-33-54.json,312,participant_1,6
sideskips_right,participant_1,participant_1/sideskips_right_2020-07-21--19-33-54.json,325,participant_1,6
sideskips_right,participant_1,participant_1/sideskips_right_2020-07-21--19-33-54.json,338,participant_1,6
sideskips_right,participant_1,participant_1/sideskips_right_2020-07-21--19-33-54.json,351,participant_1,6
sideskips_right,participant_1,participant_1/sideskips_right_2020-07-21--19-33-54.json,364,participant_1,6
sideskips_right,participant_1,participant_1/sideskips_right_2020-07-21--19-33-54.json,377,participant_1,6
sideskips_right,participant_1,participant_1/sideskips_right_2020-07-21--19-33-54.json,390,participant_1,6
sideskips_right,participant_1,participant_1/sideskips_right_2020-07-21--19-33-54.json,403,participant_1,6
sideskips_right,participant_1,participant_1/sideskips_right_2020-07-21--19-33-54.json,416,participant_1,6
sideskips_right,participant_1,participant_1/sideskips_right_2020-07-21--19-33-54.json,429,participant_1,6
sideskips_right,participant_1,participant_1/sideskips_right_2020-07-21--19-33-54.json,442,participant_1,6
sideskips_right,participant_1,participant_1/sideskips_right_2020-07-21--19-33-54.json,455,participant_1,6
carioca_left,participant_10,participant_10/carioca_left_2020-08-27--20-28-30.json,0,participant_10,0
carioca_left,participant_10,participant_10/carioca_left_2020-08-27--20-28-30.json,13,participant_10,0
carioca_left,participant_10,participant_10/carioca_left_2020-08-27--20-28-30.json,26,participant_10,0
carioca_left,participant_10,participant_10/carioca_left_2020-08-27--20-28-30.json,39,participant_10,0
carioca_left,participant_10,participant_10/carioca_left_2020-08-27--20-28-30.json,52,participant_10,0
carioca_left,participant_10,participant_10/carioca_left_2020-08-27--20-28-30.json,65,participant_10,0
carioca_left,participant_10,participant_10/carioca_left_2020-08-27--20-28-30.json,78,participant_10,0
carioca_left,participant_10,participant_10/carioca_left_2020-08-27--20-28-30.json,91,participant_10,0
carioca_left,participant_10,participant_10/carioca_left_2020-08-27--20-28-30.json,104,participant_10,0
carioca_left,participant_10,participant_10/carioca_left_2020-08-27--20-28-30.json,117,participant_10,0
carioca_left,participant_10,participant_10/carioca_left_2020-08-27--20-28-30.json,130,participant_10,0
carioca_left,participant_10,participant_10/carioca_left_2020-08-27--20-28-30.json,143,participant_10,0
carioca_left,participant_10,participant_10/carioca_left_2020-08-27--20-28-30.json,156,participant_10,0
carioca_left,participant_10,participant_10/carioca_left_2020-08-27--20-28-30.json,169,participant_10,0
carioca_left,participant_10,participant_10/carioca_left_2020-08-27--20-28-30.json,182,participant_10,0
carioca_left,participant_10,participant_10/carioca_left_2020-08-27--20-28-30.json,195,participant_10,0
carioca_left,participant_10,participant_10/carioca_left_2020-08-27--20-28-30.json,208,participant_10,0
carioca_left,participant_10,participant_10/carioca_left_2020-08-27--20-28-30.json,221,participant_10,0
carioca_left,participant_10,participant_10/carioca_left_2020-08-27--20-28-30.json,234,participant_10,0
carioca_left,participant_10,participant_10/carioca_left_2020-08-27--20-28-30.json,247,participant_10,0
carioca_left,participant_10,participant_10/carioca_left_2020-08-27--20-28-30.json,260,participant_10,0
carioca_left,participant_10,participant_10/carioca_left_2020-08-27--20-28-30.json,273,participant_10,0
carioca_left,participant_10,participant_10/carioca_left_2020-08-27--20-28-30.json,286,participant_10,0
carioca_left,participant_10,participant_10/carioca_left_2020-08-27--20-28-30.json,299,participant_10,0
carioca_left,participant_10,participant_10/carioca_left_2020-08-27--20-28-30.json,312,participant_10,0
carioca_left,participant_10,participant_10/carioca_left_2020-08-27--20-28-30.json,325,participant_10,0
carioca_left,participant_10,participant_10/carioca_left_2020-08-27--20-28-30.json,338,participant_10,0
carioca_left,participant_10,participant_10/carioca_left_2020-08-27--20-28-30.json,351,participant_10,0
carioca_left,participant_10,participant_10/carioca_left_2020-08-27--20-28-30.json,364,participant_10,0
carioca_left,participant_10,participant_10/carioca_left_2020-08-27--20-28-30.json,377,participant_10,0
carioca_left,participant_10,participant_10/carioca_left_2020-08-27--20-28-30.json,390,participant_10,0
carioca_left,participant_10,participant_10/carioca_left_2020-08-27--20-28-30.json,403,participant_10,0
carioca_left,participant_10,participant_10/carioca_left_2020-08-27--20-28-30.json,416,participant_10,0
carioca_left,participant_10,participant_10/carioca_left_2020-08-27--20-28-30.json,429,participant_10,0
carioca_left,participant_10,participant_10/carioca_left_2020-08-27--20-28-30.json,442,participant_10,0
carioca_left,participant_10,participant_10/carioca_left_2020-08-27--20-28-30.json,455,participant_10,0
carioca_right,participant_10,participant_10/carioca_right_2020-08-27--20-28-50.json,0,participant_10,1
carioca_right,participant_10,participant_10/carioca_right_2020-08-27--20-28-50.json,13,participant_10,1
carioca_right,participant_10,participant_10/carioca_right_2020-08-27--20-28-50.json,26,participant_10,1
carioca_right,participant_10,participant_10/carioca_right_2020-08-27--20-28-50.json,39,participant_10,1
carioca_right,participant_10,participant_10/carioca_right_2020-08-27--20-28-50.json,52,participant_10,1
carioca_right,participant_10,participant_10/carioca_right_2020-08-27--20-28-50.json,65,participant_10,1
carioca_right,participant_10,participant_10/carioca_right_2020-08-27--20-28-50.json,78,participant_10,1
carioca_right,participant_10,participant_10/carioca_right_2020-08-27--20-28-50.json,91,participant_10,1
carioca_right,participant_10,participant_10/carioca_right_2020-08-27--20-28-50.json,104,participant_10,1
carioca_right,participant_10,participant_10/carioca_right_2020-08-27--20-28-50.json,117,participant_10,1
carioca_right,participant_10,participant_10/carioca_right_2020-08-27--20-28-50.json,130,participant_10,1
carioca_right,participant_10,participant_10/carioca_right_2020-08-27--20-28-50.json,143,participant_10,1
carioca_right,participant_10,participant_10/carioca_right_2020-08-27--20-28-50.json,156,participant_10,1
carioca_right,participant_10,participant_10/carioca_right_2020-08-27--20-28-50.json,169,participant_10,1
carioca_right,participant_10,participant_10/carioca_right_2020-08-27--20-28-50.json,182,participant_10,1
carioca_right,participant_10,participant_10/carioca_right_2020-08-27--20-28-50.json,195,participant_10,1
carioca_right,participant_10,participant_10/carioca_right_2020-08-27--20-28-50.json,208,participant_10,1
carioca_right,participant_10,participant_10/carioca_right_2020-08-27--20-28-50.json,221,participant_10,1
carioca_right,participant_10,participant_10/carioca_right_2020-08-27--20-28-50.json,234,participant_10,1
carioca_right,participant_10,participant_10/carioca_right_2020-08-27--20-28-50.json,247,participant_10,1
carioca_right,participant_10,participant_10/carioca_right_2020-08-27--20-28-50.json,260,participant_10,1
carioca_right,participant_10,participant_10/carioca_right_2020-08-27--20-28-50.json,273,participant_10,1
carioca_right,participant_10,participant_10/carioca_right_2020-08-27--20-28-50.json,286,participant_10,1
carioca_right,participant_10,participant_10/carioca_right_2020-08-27--20-28-50.json,299,participant_10,1
carioca_right,participant_10,participant_10/carioca_right_2020-08-27--20-28-50.json,312,participant_10,1
carioca_right,participant_10,participant_10/carioca_right_2020-08-27--20-28-50.json,325,participant_10,1
carioca_right,participant_10,participant_10/carioca_right_2020-08-27--20-28-50.json,338,participant_10,1
carioca_right,participant_10,participant_10/carioca_right_2020-08-27--20-28-50.json,351,participant_10,1
carioca_right,participant_10,participant_10/carioca_right_2020-08-27--20-28-50.json,364,participant_10,1
carioca_right,participant_10,participant_10/carioca_right_2020-08-27--20-28-50.json,377,participant_10,1
carioca_right,participant_10,participant_10/carioca_right_2020-08-27--20-28-50.json,390,participant_10,1
carioca_right,participant_10,participant_10/carioca_right_2020-08-27--20-28-50.json,403,participant_10,1
carioca_right,participant_10,participant_10/carioca_right_2020-08-27--20-28-50.json,416,participant_10,1
carioca_right,participant_10,participant_10/carioca_right_2020-08-27--20-28-50.json,429,participant_10,1
carioca_right,participant_10,participant_10/carioca_right_2020-08-27--20-28-50.json,442,participant_10,1
carioca_right,participant_10,participant_10/carioca_right_2020-08-27--20-28-50.json,455,participant_10,1
heel_to_butt,participant_10,participant_10/heel_to_butt_2020-08-27--20-31-54.json,0,participant_10,2
heel_to_butt,participant_10,participant_10/heel_to_butt_2020-08-27--20-31-54.json,13,participant_10,2
heel_to_butt,participant_10,participant_10/heel_to_butt_2020-08-27--20-31-54.json,26,participant_10,2
heel_to_butt,participant_10,participant_10/heel_to_butt_2020-08-27--20-31-54.json,39,participant_10,2
heel_to_butt,participant_10,participant_10/heel_to_butt_2020-08-27--20-31-54.json,52,participant_10,2
heel_to_butt,participant_10,participant_10/heel_to_butt_2020-08-27--20-31-54.json,65,participant_10,2
heel_to_butt,participant_10,participant_10/heel_to_butt_2020-08-27--20-31-54.json,78,participant_10,2
heel_to_butt,participant_10,participant_10/heel_to_butt_2020-08-27--20-31-54.json,91,participant_10,2
heel_to_butt,participant_10,participant_10/heel_to_butt_2020-08-27--20-31-54.json,104,participant_10,2
heel_to_butt,participant_10,participant_10/heel_to_butt_2020-08-27--20-31-54.json,117,participant_10,2
heel_to_butt,participant_10,participant_10/heel_to_butt_2020-08-27--20-31-54.json,130,participant_10,2
heel_to_butt,participant_10,participant_10/heel_to_butt_2020-08-27--20-31-54.json,143,participant_10,2
heel_to_butt,participant_10,participant_10/heel_to_butt_2020-08-27--20-31-54.json,156,participant_10,2
heel_to_butt,participant_10,participant_10/heel_to_butt_2020-08-27--20-31-54.json,169,participant_10,2
heel_to_butt,participant_10,participant_10/heel_to_butt_2020-08-27--20-31-54.json,182,participant_10,2
heel_to_butt,participant_10,participant_10/heel_to_butt_2020-08-27--20-31-54.json,195,participant_10,2
heel_to_butt,participant_10,participant_10/heel_to_butt_2020-08-27--20-31-54.json,208,participant_10,2
heel_to_butt,participant_10,participant_10/heel_to_butt_2020-08-27--20-31-54.json,221,participant_10,2
heel_to_butt,participant_10,participant_10/heel_to_butt_2020-08-27--20-31-54.json,234,participant_10,2
heel_to_butt,participant_10,participant_10/heel_to_butt_2020-08-27--20-31-54.json,247,participant_10,2
heel_to_butt,participant_10,participant_10/heel_to_butt_2020-08-27--20-31-54.json,260,participant_10,2
heel_to_butt,participant_10,participant_10/heel_to_butt_2020-08-27--20-31-54.json,273,participant_10,2
heel_to_butt,participant_10,participant_10/heel_to_butt_2020-08-27--20-31-54.json,286,participant_10,2
heel_to_butt,participant_10,participant_10/heel_to_butt_2020-08-27--20-31-54.json,299,participant_10,2
heel_to_butt,participant_10,participant_10/heel_to_butt_2020-08-27--20-31-54.json,312,participant_10,2
heel_to_butt,participant_10,participant_10/heel_to_butt_2020-08-27--20-31-54.json,325,participant_10,2
heel_to_butt,participant_10,participant_10/heel_to_butt_2020-08-27--20-31-54.json,338,participant_10,2
heel_to_butt,participant_10,participant_10/heel_to_butt_2020-08-27--20-31-54.json,351,participant_10,2
heel_to_butt,participant_10,participant_10/heel_to_butt_2020-08-27--20-31-54.json,364,participant_10,2
heel_to_butt,participant_10,participant_10/heel_to_butt_2020-08-27--20-31-54.json,377,participant_10,2
heel_to_butt,participant_10,participant_10/heel_to_butt_2020-08-27--20-31-54.json,390,participant_10,2
heel_to_butt,participant_10,participant_10/heel_to_butt_2020-08-27--20-31-54.json,403,participant_10,2
heel_to_butt,participant_10,participant_10/heel_to_butt_2020-08-27--20-31-54.json,416,participant_10,2
heel_to_butt,participant_10,participant_10/heel_to_butt_2020-08-27--20-31-54.json,429,participant_10,2
heel_to_butt,participant_10,participant_10/heel_to_butt_2020-08-27--20-31-54.json,442,participant_10,2
heel_to_butt,participant_10,participant_10/heel_to_butt_2020-08-27--20-31-54.json,455,participant_10,2
high_knee_run,participant_10,participant_10/high_knee_run_2020-08-27--20-27-44.json,0,participant_10,3
high_knee_run,participant_10,participant_10/high_knee_run_2020-08-27--20-27-44.json,13,participant_10,3
high_knee_run,participant_10,participant_10/high_knee_run_2020-08-27--20-27-44.json,26,participant_10,3
high_knee_run,participant_10,participant_10/high_knee_run_2020-08-27--20-27-44.json,39,participant_10,3
high_knee_run,participant_10,participant_10/high_knee_run_2020-08-27--20-27-44.json,52,participant_10,3
high_knee_run,participant_10,participant_10/high_knee_run_2020-08-27--20-27-44.json,65,participant_10,3
high_knee_run,participant_10,participant_10/high_knee_run_2020-08-27--20-27-44.json,78,participant_10,3
high_knee_run,participant_10,participant_10/high_knee_run_2020-08-27--20-27-44.json,91,participant_10,3
high_knee_run,participant_10,participant_10/high_knee_run_2020-08-27--20-27-44.json,104,participant_10,3
high_knee_run,participant_10,participant_10/high_knee_run_2020-08-27--20-27-44.json,117,participant_10,3
high_knee_run,participant_10,participant_10/high_knee_run_2020-08-27--20-27-44.json,130,participant_10,3
high_knee_run,participant_10,participant_10/high_knee_run_2020-08-27--20-27-44.json,143,participant_10,3
high_knee_run,participant_10,participant_10/high_knee_run_2020-08-27--20-27-44.json,156,participant_10,3
high_knee_run,participant_10,participant_10/high_knee_run_2020-08-27--20-27-44.json,169,participant_10,3
high_knee_run,participant_10,participant_10/high_knee_run_2020-08-27--20-27-44.json,182,participant_10,3
high_knee_run,participant_10,participant_10/high_knee_run_2020-08-27--20-27-44.json,195,participant_10,3
high_knee_run,participant_10,participant_10/high_knee_run_2020-08-27--20-27-44.json,208,participant_10,3
high_knee_run,participant_10,participant_10/high_knee_run_2020-08-27--20-27-44.json,221,participant_10,3
high_knee_run,participant_10,participant_10/high_knee_run_2020-08-27--20-27-44.json,234,participant_10,3
high_knee_run,participant_10,participant_10/high_knee_run_2020-08-27--20-27-44.json,247,participant_10,3
high_knee_run,participant_10,participant_10/high_knee_run_2020-08-27--20-27-44.json,260,participant_10,3
high_knee_run,participant_10,participant_10/high_knee_run_2020-08-27--20-27-44.json,273,participant_10,3
high_knee_run,participant_10,participant_10/high_knee_run_2020-08-27--20-27-44.json,286,participant_10,3
high_knee_run,participant_10,participant_10/high_knee_run_2020-08-27--20-27-44.json,299,participant_10,3
high_knee_run,participant_10,participant_10/high_knee_run_2020-08-27--20-27-44.json,312,participant_10,3
high_knee_run,participant_10,participant_10/high_knee_run_2020-08-27--20-27-44.json,325,participant_10,3
high_knee_run,participant_10,participant_10/high_knee_run_2020-08-27--20-27-44.json,338,participant_10,3
high_knee_run,participant_10,participant_10/high_knee_run_2020-08-27--20-27-44.json,351,participant_10,3
high_knee_run,participant_10,participant_10/high_knee_run_2020-08-27--20-27-44.json,364,participant_10,3
high_knee_run,participant_10,participant_10/high_knee_run_2020-08-27--20-27-44.json,377,participant_10,3
high_knee_run,participant_10,participant_10/high_knee_run_2020-08-27--20-27-44.json,390,participant_10,3
high_knee_run,participant_10,participant_10/high_knee_run_2020-08-27--20-27-44.json,403,participant_10,3
high_knee_run,participant_10,participant_10/high_knee_run_2020-08-27--20-27-44.json,416,participant_10,3
high_knee_run,participant_10,participant_10/high_knee_run_2020-08-27--20-27-44.json,429,participant_10,3
high_knee_run,participant_10,participant_10/high_knee_run_2020-08-27--20-27-44.json,442,participant_10,3
high_knee_run,participant_10,participant_10/high_knee_run_2020-08-27--20-27-44.json,455,participant_10,3
running,participant_10,participant_10/running_2020-08-27--20-28-06.json,0,participant_10,4
running,participant_10,participant_10/running_2020-08-27--20-28-06.json,13,participant_10,4
running,participant_10,participant_10/running_2020-08-27--20-28-06.json,26,participant_10,4
running,participant_10,participant_10/running_2020-08-27--20-28-06.json,39,participant_10,4
running,participant_10,participant_10/running_2020-08-27--20-28-06.json,52,participant_10,4
running,participant_10,participant_10/running_2020-08-27--20-28-06.json,65,participant_10,4
running,participant_10,participant_10/running_2020-08-27--20-28-06.json,78,participant_10,4
running,participant_10,participant_10/running_2020-08-27--20-28-06.json,91,participant_10,4
running,participant_10,participant_10/running_2020-08-27--20-28-06.json,104,participant_10,4
running,participant_10,participant_10/running_2020-08-27--20-28-06.json,117,participant_10,4
running,participant_10,participant_10/running_2020-08-27--20-28-06.json,130,participant_10,4
running,participant_10,participant_10/running_2020-08-27--20-28-06.json,143,participant_10,4
running,participant_10,participant_10/running_2020-08-27--20-28-06.json,156,participant_10,4
running,participant_10,participant_10/running_2020-08-27--20-28-06.json,169,participant_10,4
running,participant_10,participant_10/running_2020-08-27--20-28-06.json,182,participant_10,4
running,participant_10,participant_10/running_2020-08-27--20-28-06.json,195,participant_10,4
running,participant_10,participant_10/running_2020-08-27--20-28-06.json,208,participant_10,4
running,participant_10,participant_10/running_2020-08-27--20-28-06.json,221,participant_10,4
running,participant_10,participant_10/running_2020-08-27--20-28-06.json,234,participant_10,4
running,participant_10,participant_10/running_2020-08-27--20-28-06.json,247,participant_10,4
running,participant_10,participant_10/running_2020-08-27--20-28-06.json,260,participant_10,4
running,participant_10,participant_10/running_2020-08-27--20-28-06.json,273,participant_10,4
running,participant_10,participant_10/running_2020-08-27--20-28-06.json,286,participant_10,4
running,participant_10,participant_10/running_2020-08-27--20-28-06.json,299,participant_10,4
running,participant_10,participant_10/running_2020-08-27--20-28-06.json,312,participant_10,4
running,participant_10,participant_10/running_2020-08-27--20-28-06.json,325,participant_10,4
running,participant_10,participant_10/running_2020-08-27--20-28-06.json,338,participant_10,4
running,participant_10,participant_10/running_2020-08-27--20-28-06.json,351,participant_10,4
running,participant_10,participant_10/running_2020-08-27--20-28-06.json,364,participant_10,4
running,participant_10,participant_10/running_2020-08-27--20-28-06.json,377,participant_10,4
running,participant_10,participant_10/running_2020-08-27--20-28-06.json,390,participant_10,4
running,participant_10,participant_10/running_2020-08-27--20-28-06.json,403,participant_10,4
running,participant_10,participant_10/running_2020-08-27--20-28-06.json,416,participant_10,4
running,participant_10,participant_10/running_2020-08-27--20-28-06.json,429,participant_10,4
running,participant_10,participant_10/running_2020-08-27--20-28-06.json,442,participant_10,4
running,participant_10,participant_10/running_2020-08-27--20-28-06.json,455,participant_10,4
sideskips_left,participant_10,participant_10/sideskips_left_2020-08-27--20-26-48.json,0,participant_10,5
sideskips_left,participant_10,participant_10/sideskips_left_2020-08-27--20-26-48.json,13,participant_10,5
sideskips_left,participant_10,participant_10/sideskips_left_2020-08-27--20-26-48.json,26,participant_10,5
sideskips_left,participant_10,participant_10/sideskips_left_2020-08-27--20-26-48.json,39,participant_10,5
sideskips_left,participant_10,participant_10/sideskips_left_2020-08-27--20-26-48.json,52,participant_10,5
sideskips_left,participant_10,participant_10/sideskips_left_2020-08-27--20-26-48.json,65,participant_10,5
sideskips_left,participant_10,participant_10/sideskips_left_2020-08-27--20-26-48.json,78,participant_10,5
sideskips_left,participant_10,participant_10/sideskips_left_2020-08-27--20-26-48.json,91,participant_10,5
sideskips_left,participant_10,participant_10/sideskips_left_2020-08-27--20-26-48.json,104,participant_10,5
sideskips_left,participant_10,participant_10/sideskips_left_2020-08-27--20-26-48.json,117,participant_10,5
sideskips_left,participant_10,participant_10/sideskips_left_2020-08-27--20-26-48.json,130,participant_10,5
sideskips_left,participant_10,participant_10/sideskips_left_2020-08-27--20-26-48.json,143,participant_10,5
sideskips_left,participant_10,participant_10/sideskips_left_2020-08-27--20-26-48.json,156,participant_10,5
sideskips_left,participant_10,participant_10/sideskips_left_2020-08-27--20-26-48.json,169,participant_10,5
sideskips_left,participant_10,participant_10/sideskips_left_2020-08-27--20-26-48.json,182,participant_10,5
sideskips_left,participant_10,participant_10/sideskips_left_2020-08-27--20-26-48.json,195,participant_10,5
sideskips_left,participant_10,participant_10/sideskips_left_2020-08-27--20-26-48.json,208,participant_10,5
sideskips_left,participant_10,participant_10/sideskips_left_2020-08-27--20-26-48.json,221,participant_10,5
sideskips_left,participant_10,participant_10/sideskips_left_2020-08-27--20-26-48.json,234,participant_10,5
sideskips_left,participant_10,participant_10/sideskips_left_2020-08-27--20-26-48.json,247,participant_10,5
sideskips_left,participant_10,participant_10/sideskips_left_2020-08-27--20-26-48.json,260,participant_10,5
sideskips_left,participant_10,participant_10/sideskips_left_2020-08-27--20-26-48.json,273,participant_10,5
sideskips_left,participant_10,participant_10/sideskips_left_2020-08-27--20-26-48.json,286,participant_10,5
sideskips_left,participant_10,participant_10/sideskips_left_2020-08-27--20-26-48.json,299,participant_10,5
sideskips_left,participant_10,participant_10/sideskips_left_2020-08-27--20-26-48.json,312,participant_10,5
sideskips_left,participant_10,participant_10/sideskips_left_2020-08-27--20-26-48.json,325,participant_10,5
sideskips_left,participant_10,participant_10/sideskips_left_2020-08-27--20-26-48.json,338,participant_10,5
sideskips_left,participant_10,participant_10/sideskips_left_2020-08-27--20-26-48.json,351,participant_10,5
sideskips_left,participant_10,participant_10/sideskips_left_2020-08-27--20-26-48.json,364,participant_10,5
sideskips_left,participant_10,participant_10/sideskips_left_2020-08-27--20-26-48.json,377,participant_10,5
sideskips_left,participant_10,participant_10/sideskips_left_2020-08-27--20-26-48.json,390,participant_10,5
sideskips_left,participant_10,participant_10/sideskips_left_2020-08-27--20-26-48.json,403,participant_10,5
sideskips_left,participant_10,participant_10/sideskips_left_2020-08-27--20-26-48.json,416,participant_10,5
sideskips_left,participant_10,participant_10/sideskips_left_2020-08-27--20-26-48.json,429,participant_10,5
sideskips_left,participant_10,participant_10/sideskips_left_2020-08-27--20-26-48.json,442,participant_10,5
sideskips_left,participant_10,participant_10/sideskips_left_2020-08-27--20-26-48.json,455,participant_10,5
sideskips_right,participant_10,participant_10/sideskips_right_2020-08-27--20-27-14.json,0,participant_10,6
sideskips_right,participant_10,participant_10/sideskips_right_2020-08-27--20-27-14.json,13,participant_10,6
sideskips_right,participant_10,participant_10/sideskips_right_2020-08-27--20-27-14.json,26,participant_10,6
sideskips_right,participant_10,participant_10/sideskips_right_2020-08-27--20-27-14.json,39,participant_10,6
sideskips_right,participant_10,participant_10/sideskips_right_2020-08-27--20-27-14.json,52,participant_10,6
sideskips_right,participant_10,participant_10/sideskips_right_2020-08-27--20-27-14.json,65,participant_10,6
sideskips_right,participant_10,participant_10/sideskips_right_2020-08-27--20-27-14.json,78,participant_10,6
sideskips_right,participant_10,participant_10/sideskips_right_2020-08-27--20-27-14.json,91,participant_10,6
sideskips_right,participant_10,participant_10/sideskips_right_2020-08-27--20-27-14.json,104,participant_10,6
sideskips_right,participant_10,participant_10/sideskips_right_2020-08-27--20-27-14.json,117,participant_10,6
sideskips_right,participant_10,participant_10/sideskips_right_2020-08-27--20-27-14.json,130,participant_10,6
sideskips_right,participant_10,participant_10/sideskips_right_2020-08-27--20-27-14.json,143,participant_10,6
sideskips_right,participant_10,participant_10/sideskips_right_2020-08-27--20-27-14.json,156,participant_10,6
sideskips_right,participant_10,participant_10/sideskips_right_2020-08-27--20-27-14.json,169,participant_10,6
sideskips_right,participant_10,participant_10/sideskips_right_2020-08-27--20-27-14.json,182,participant_10,6
sideskips_right,participant_10,participant_10/sideskips_right_2020-08-27--20-27-14.json,195,participant_10,6
sideskips_right,participant_10,participant_10/sideskips_right_2020-08-27--20-27-14.json,208,participant_10,6
sideskips_right,participant_10,participant_10/sideskips_right_2020-08-27--20-27-14.json,221,participant_10,6
sideskips_right,participant_10,participant_10/sideskips_right_2020-08-27--20-27-14.json,234,participant_10,6
sideskips_right,participant_10,participant_10/sideskips_right_2020-08-27--20-27-14.json,247,participant_10,6
sideskips_right,participant_10,participant_10/sideskips_right_2020-08-27--20-27-14.json,260,participant_10,6
sideskips_right,participant_10,participant_10/sideskips_right_2020-08-27--20-27-14.json,273,participant_10,6
sideskips_right,participant_10,participant_10/sideskips_right_2020-08-27--20-27-14.json,286,participant_10,6
sideskips_right,participant_10,participant_10/sideskips_right_2020-08-27--20-27-14.json,299,participant_10,6
sideskips_right,participant_10,participant_10/sideskips_right_2020-08-27--20-27-14.json,312,participant_10,6
sideskips_right,participant_10,participant_10/sideskips_right_2020-08-27--20-27-14.json,325,participant_10,6
sideskips_right,participant_10,participant_10/sideskips_right_2020-08-27--20-27-14.json,338,participant_10,6
sideskips_right,participant_10,participant_10/sideskips_right_2020-08-27--20-27-14.json,351,participant_10,6
sideskips_right,participant_10,participant_10/sideskips_right_2020-08-27--20-27-14.json,364,participant_10,6
sideskips_right,participant_10,participant_10/sideskips_right_2020-08-27--20-27-14.json,377,participant_10,6
sideskips_right,participant_10,participant_10/sideskips_right_2020-08-27--20-27-14.json,390,participant_10,6
sideskips_right,participant_10,participant_10/sideskips_right_2020-08-27--20-27-14.json,403,participant_10,6
sideskips_right,participant_10,participant_10/sideskips_right_2020-08-27--20-27-14.json,416,participant_10,6
sideskips_right,participant_10,participant_10/sideskips_right_2020-08-27--20-27-14.json,429,participant_10,6
sideskips_right,participant_10,participant_10/sideskips_right_2020-08-27--20-27-14.json,442,participant_10,6
sideskips_right,participant_10,participant_10/sideskips_right_2020-08-27--20-27-14.json,455,participant_10,6
carioca_left,participant_11,participant_11/carioca_left_2020-09-17--19-58-11.json,0,participant_11,0
carioca_left,participant_11,participant_11/carioca_left_2020-09-17--19-58-11.json,13,participant_11,0
carioca_left,participant_11,participant_11/carioca_left_2020-09-17--19-58-11.json,26,participant_11,0
carioca_left,participant_11,participant_11/carioca_left_2020-09-17--19-58-11.json,39,participant_11,0
carioca_left,participant_11,participant_11/carioca_left_2020-09-17--19-58-11.json,52,participant_11,0
carioca_left,participant_11,participant_11/carioca_left_2020-09-17--19-58-11.json,65,participant_11,0
carioca_left,participant_11,participant_11/carioca_left_2020-09-17--19-58-11.json,78,participant_11,0
carioca_left,participant_11,participant_11/carioca_left_2020-09-17--19-58-11.json,91,participant_11,0
carioca_left,participant_11,participant_11/carioca_left_2020-09-17--19-58-11.json,104,participant_11,0
carioca_left,participant_11,participant_11/carioca_left_2020-09-17--19-58-11.json,117,participant_11,0
carioca_left,participant_11,participant_11/carioca_left_2020-09-17--19-58-11.json,130,participant_11,0
carioca_left,participant_11,participant_11/carioca_left_2020-09-17--19-58-11.json,143,participant_11,0
carioca_left,participant_11,participant_11/carioca_left_2020-09-17--19-58-11.json,156,participant_11,0
carioca_left,participant_11,participant_11/carioca_left_2020-09-17--19-58-11.json,169,participant_11,0
carioca_left,participant_11,participant_11/carioca_left_2020-09-17--19-58-11.json,182,participant_11,0
carioca_left,participant_11,participant_11/carioca_left_2020-09-17--19-58-11.json,195,participant_11,0
carioca_left,participant_11,participant_11/carioca_left_2020-09-17--19-58-11.json,208,participant_11,0
carioca_left,participant_11,participant_11/carioca_left_2020-09-17--19-58-11.json,221,participant_11,0
carioca_left,participant_11,participant_11/carioca_left_2020-09-17--19-58-11.json,234,participant_11,0
carioca_left,participant_11,participant_11/carioca_left_2020-09-17--19-58-11.json,247,participant_11,0
carioca_left,participant_11,participant_11/carioca_left_2020-09-17--19-58-11.json,260,participant_11,0
carioca_left,participant_11,participant_11/carioca_left_2020-09-17--19-58-11.json,273,participant_11,0
carioca_left,participant_11,participant_11/carioca_left_2020-09-17--19-58-11.json,286,participant_11,0
carioca_left,participant_11,participant_11/carioca_left_2020-09-17--19-58-11.json,299,participant_11,0
carioca_left,participant_11,participant_11/carioca_left_2020-09-17--19-58-11.json,312,participant_11,0
carioca_left,participant_11,participant_11/carioca_left_2020-09-17--19-58-11.json,325,participant_11,0
carioca_left,participant_11,participant_11/carioca_left_2020-09-17--19-58-11.json,338,participant_11,0
carioca_left,participant_11,participant_11/carioca_left_2020-09-17--19-58-11.json,351,participant_11,0
carioca_left,participant_11,participant_11/carioca_left_2020-09-17--19-58-11.json,364,participant_11,0
carioca_left,participant_11,participant_11/carioca_left_2020-09-17--19-58-11.json,377,participant_11,0
carioca_left,participant_11,participant_11/carioca_left_2020-09-17--19-58-11.json,390,participant_11,0
carioca_left,participant_11,participant_11/carioca_left_2020-09-17--19-58-11.json,403,participant_11,0
carioca_left,participant_11,participant_11/carioca_left_2020-09-17--19-58-11.json,416,participant_11,0
carioca_left,participant_11,participant_11/carioca_left_2020-09-17--19-58-11.json,429,participant_11,0
carioca_left,participant_11,participant_11/carioca_left_2020-09-17--19-58-11.json,442,participant_11,0
carioca_left,participant_11,participant_11/carioca_left_2020-09-17--19-58-11.json,455,participant_11,0
carioca_right,participant_11,participant_11/carioca_right_2020-09-17--19-58-35.json,0,participant_11,1
carioca_right,participant_11,participant_11/carioca_right_2020-09-17--19-58-35.json,13,participant_11,1
carioca_right,participant_11,participant_11/carioca_right_2020-09-17--19-58-35.json,26,participant_11,1
carioca_right,participant_11,participant_11/carioca_right_2020-09-17--19-58-35.json,39,participant_11,1
carioca_right,participant_11,participant_11/carioca_right_2020-09-17--19-58-35.json,52,participant_11,1
carioca_right,participant_11,participant_11/carioca_right_2020-09-17--19-58-35.json,65,participant_11,1
carioca_right,participant_11,participant_11/carioca_right_2020-09-17--19-58-35.json,78,participant_11,1
carioca_right,participant_11,participant_11/carioca_right_2020-09-17--19-58-35.json,91,participant_11,1
carioca_right,participant_11,participant_11/carioca_right_2020-09-17--19-58-35.json,104,participant_11,1
carioca_right,participant_11,participant_11/carioca_right_2020-09-17--19-58-35.json,117,participant_11,1
carioca_right,participant_11,participant_11/carioca_right_2020-09-17--19-58-35.json,130,participant_11,1
carioca_right,participant_11,participant_11/carioca_right_2020-09-17--19-58-35.json,143,participant_11,1
carioca_right,participant_11,participant_11/carioca_right_2020-09-17--19-58-35.json,156,participant_11,1
carioca_right,participant_11,participant_11/carioca_right_2020-09-17--19-58-35.json,169,participant_11,1
carioca_right,participant_11,participant_11/carioca_right_2020-09-17--19-58-35.json,182,participant_11,1
carioca_right,participant_11,participant_11/carioca_right_2020-09-17--19-58-35.json,195,participant_11,1
carioca_right,participant_11,participant_11/carioca_right_2020-09-17--19-58-35.json,208,participant_11,1
carioca_right,participant_11,participant_11/carioca_right_2020-09-17--19-58-35.json,221,participant_11,1
carioca_right,participant_11,participant_11/carioca_right_2020-09-17--19-58-35.json,234,participant_11,1
carioca_right,participant_11,participant_11/carioca_right_2020-09-17--19-58-35.json,247,participant_11,1
carioca_right,participant_11,participant_11/carioca_right_2020-09-17--19-58-35.json,260,participant_11,1
carioca_right,participant_11,participant_11/carioca_right_2020-09-17--19-58-35.json,273,participant_11,1
carioca_right,participant_11,participant_11/carioca_right_2020-09-17--19-58-35.json,286,participant_11,1
carioca_right,participant_11,participant_11/carioca_right_2020-09-17--19-58-35.json,299,participant_11,1
carioca_right,participant_11,participant_11/carioca_right_2020-09-17--19-58-35.json,312,participant_11,1
carioca_right,participant_11,participant_11/carioca_right_2020-09-17--19-58-35.json,325,participant_11,1
carioca_right,participant_11,participant_11/carioca_right_2020-09-17--19-58-35.json,338,participant_11,1
carioca_right,participant_11,participant_11/carioca_right_2020-09-17--19-58-35.json,351,participant_11,1
carioca_right,participant_11,participant_11/carioca_right_2020-09-17--19-58-35.json,364,participant_11,1
carioca_right,participant_11,participant_11/carioca_right_2020-09-17--19-58-35.json,377,participant_11,1
carioca_right,participant_11,participant_11/carioca_right_2020-09-17--19-58-35.json,390,participant_11,1
carioca_right,participant_11,participant_11/carioca_right_2020-09-17--19-58-35.json,403,participant_11,1
carioca_right,participant_11,participant_11/carioca_right_2020-09-17--19-58-35.json,416,participant_11,1
carioca_right,participant_11,participant_11/carioca_right_2020-09-17--19-58-35.json,429,participant_11,1
carioca_right,participant_11,participant_11/carioca_right_2020-09-17--19-58-35.json,442,participant_11,1
carioca_right,participant_11,participant_11/carioca_right_2020-09-17--19-58-35.json,455,participant_11,1
heel_to_butt,participant_11,participant_11/heel_to_butt_2020-09-17--20-00-05.json,0,participant_11,2
heel_to_butt,participant_11,participant_11/heel_to_butt_2020-09-17--20-00-05.json,13,participant_11,2
heel_to_butt,participant_11,participant_11/heel_to_butt_2020-09-17--20-00-05.json,26,participant_11,2
heel_to_butt,participant_11,participant_11/heel_to_butt_2020-09-17--20-00-05.json,39,participant_11,2
heel_to_butt,participant_11,participant_11/heel_to_butt_2020-09-17--20-00-05.json,52,participant_11,2
heel_to_butt,participant_11,participant_11/heel_to_butt_2020-09-17--20-00-05.json,65,participant_11,2
heel_to_butt,participant_11,participant_11/heel_to_butt_2020-09-17--20-00-05.json,78,participant_11,2
heel_to_butt,participant_11,participant_11/heel_to_butt_2020-09-17--20-00-05.json,91,participant_11,2
heel_to_butt,participant_11,participant_11/heel_to_butt_2020-09-17--20-00-05.json,104,participant_11,2
heel_to_butt,participant_11,participant_11/heel_to_butt_2020-09-17--20-00-05.json,117,participant_11,2
heel_to_butt,participant_11,participant_11/heel_to_butt_2020-09-17--20-00-05.json,130,participant_11,2
heel_to_butt,participant_11,participant_11/heel_to_butt_2020-09-17--20-00-05.json,143,participant_11,2
heel_to_butt,participant_11,participant_11/heel_to_butt_2020-09-17--20-00-05.json,156,participant_11,2
heel_to_butt,participant_11,participant_11/heel_to_butt_2020-09-17--20-00-05.json,169,participant_11,2
heel_to_butt,participant_11,participant_11/heel_to_butt_2020-09-17--20-00-05.json,182,participant_11,2
heel_to_butt,participant_11,participant_11/heel_to_butt_2020-09-17--20-00-05.json,195,participant_11,2
heel_to_butt,participant_11,participant_11/heel_to_butt_2020-09-17--20-00-05.json,208,participant_11,2
heel_to_butt,participant_11,participant_11/heel_to_butt_2020-09-17--20-00-05.json,221,participant_11,2
heel_to_butt,participant_11,participant_11/heel_to_butt_2020-09-17--20-00-05.json,234,participant_11,2
heel_to_butt,participant_11,participant_11/heel_to_butt_2020-09-17--20-00-05.json,247,participant_11,2
heel_to_butt,participant_11,participant_11/heel_to_butt_2020-09-17--20-00-05.json,260,participant_11,2
heel_to_butt,participant_11,participant_11/heel_to_butt_2020-09-17--20-00-05.json,273,participant_11,2
heel_to_butt,participant_11,participant_11/heel_to_butt_2020-09-17--20-00-05.json,286,participant_11,2
heel_to_butt,participant_11,participant_11/heel_to_butt_2020-09-17--20-00-05.json,299,participant_11,2
heel_to_butt,participant_11,participant_11/heel_to_butt_2020-09-17--20-00-05.json,312,participant_11,2
heel_to_butt,participant_11,participant_11/heel_to_butt_2020-09-17--20-00-05.json,325,participant_11,2
heel_to_butt,participant_11,participant_11/heel_to_butt_2020-09-17--20-00-05.json,338,participant_11,2
heel_to_butt,participant_11,participant_11/heel_to_butt_2020-09-17--20-00-05.json,351,participant_11,2
heel_to_butt,participant_11,participant_11/heel_to_butt_2020-09-17--20-00-05.json,364,participant_11,2
heel_to_butt,participant_11,participant_11/heel_to_butt_2020-09-17--20-00-05.json,377,participant_11,2
heel_to_butt,participant_11,participant_11/heel_to_butt_2020-09-17--20-00-05.json,390,participant_11,2
heel_to_butt,participant_11,participant_11/heel_to_butt_2020-09-17--20-00-05.json,403,participant_11,2
heel_to_butt,participant_11,participant_11/heel_to_butt_2020-09-17--20-00-05.json,416,participant_11,2
heel_to_butt,participant_11,participant_11/heel_to_butt_2020-09-17--20-00-05.json,429,participant_11,2
heel_to_butt,participant_11,participant_11/heel_to_butt_2020-09-17--20-00-05.json,442,participant_11,2
heel_to_butt,participant_11,participant_11/heel_to_butt_2020-09-17--20-00-05.json,455,participant_11,2
high_knee_run,participant_11,participant_11/high_knee_run_2020-09-17--19-56-32.json,0,participant_11,3
high_knee_run,participant_11,participant_11/high_knee_run_2020-09-17--19-56-32.json,13,participant_11,3
high_knee_run,participant_11,participant_11/high_knee_run_2020-09-17--19-56-32.json,26,participant_11,3
high_knee_run,participant_11,participant_11/high_knee_run_2020-09-17--19-56-32.json,39,participant_11,3
high_knee_run,participant_11,participant_11/high_knee_run_2020-09-17--19-56-32.json,52,participant_11,3
high_knee_run,participant_11,participant_11/high_knee_run_2020-09-17--19-56-32.json,65,participant_11,3
high_knee_run,participant_11,participant_11/high_knee_run_2020-09-17--19-56-32.json,78,participant_11,3
high_knee_run,participant_11,participant_11/high_knee_run_2020-09-17--19-56-32.json,91,participant_11,3
high_knee_run,participant_11,participant_11/high_knee_run_2020-09-17--19-56-32.json,104,participant_11,3
high_knee_run,participant_11,participant_11/high_knee_run_2020-09-17--19-56-32.json,117,participant_11,3
high_knee_run,participant_11,participant_11/high_knee_run_2020-09-17--19-56-32.json,130,participant_11,3
high_knee_run,participant_11,participant_11/high_knee_run_2020-09-17--19-56-32.json,143,participant_11,3
high_knee_run,participant_11,participant_11/high_knee_run_2020-09-17--19-56-32.json,156,participant_11,3
high_knee_run,participant_11,participant_11/high_knee_run_2020-09-17--19-56-32.json,169,participant_11,3
high_knee_run,participant_11,participant_11/high_knee_run_2020-09-17--19-56-32.json,182,participant_11,3
high_knee_run,participant_11,participant_11/high_knee_run_2020-09-17--19-56-32.json,195,participant_11,3
high_knee_run,participant_11,participant_11/high_knee_run_2020-09-17--19-56-32.json,208,participant_11,3
high_knee_run,participant_11,participant_11/high_knee_run_2020-09-17--19-56-32.json,221,participant_11,3
high_knee_run,participant_11,participant_11/high_knee_run_2020-09-17--19-56-32.json,234,participant_11,3
high_knee_run,participant_11,participant_11/high_knee_run_2020-09-17--19-56-32.json,247,participant_11,3
high_knee_run,participant_11,participant_11/high_knee_run_2020-09-17--19-56-32.json,260,participant_11,3
high_knee_run,participant_11,participant_11/high_knee_run_2020-09-17--19-56-32.json,273,participant_11,3
high_knee_run,participant_11,participant_11/high_knee_run_2020-09-17--19-56-32.json,286,participant_11,3
high_knee_run,participant_11,participant_11/high_knee_run_2020-09-17--19-56-32.json,299,participant_11,3
high_knee_run,participant_11,participant_11/high_knee_run_2020-09-17--19-56-32.json,312,participant_11,3
high_knee_run,participant_11,participant_11/high_knee_run_2020-09-17--19-56-32.json,325,participant_11,3
high_knee_run,participant_11,participant_11/high_knee_run_2020-09-17--19-56-32.json,338,participant_11,3
high_knee_run,participant_11,participant_11/high_knee_run_2020-09-17--19-56-32.json,351,participant_11,3
high_knee_run,participant_11,participant_11/high_knee_run_2020-09-17--19-56-32.json,364,participant_11,3
high_knee_run,participant_11,participant_11/high_knee_run_2020-09-17--19-56-32.json,377,participant_11,3
high_knee_run,participant_11,participant_11/high_knee_run_2020-09-17--19-56-32.json,390,participant_11,3
high_knee_run,participant_11,participant_11/high_knee_run_2020-09-17--19-56-32.json,403,participant_11,3
high_knee_run,participant_11,participant_11/high_knee_run_2020-09-17--19-56-32.json,416,participant_11,3
high_knee_run,participant_11,participant_11/high_knee_run_2020-09-17--19-56-32.json,429,participant_11,3
high_knee_run,participant_11,participant_11/high_knee_run_2020-09-17--19-56-32.json,442,participant_11,3
high_knee_run,participant_11,participant_11/high_knee_run_2020-09-17--19-56-32.json,455,participant_11,3
running,participant_11,participant_11/running_2020-09-17--19-58-59.json,0,participant_11,4
running,participant_11,participant_11/running_2020-09-17--19-58-59.json,13,participant_11,4
running,participant_11,participant_11/running_2020-09-17--19-58-59.json,26,participant_11,4
running,participant_11,participant_11/running_2020-09-17--19-58-59.json,39,participant_11,4
running,participant_11,participant_11/running_2020-09-17--19-58-59.json,52,participant_11,4
running,participant_11,participant_11/running_2020-09-17--19-58-59.json,65,participant_11,4
running,participant_11,participant_11/running_2020-09-17--19-58-59.json,78,participant_11,4
running,participant_11,participant_11/running_2020-09-17--19-58-59.json,91,participant_11,4
running,participant_11,participant_11/running_2020-09-17--19-58-59.json,104,participant_11,4
running,participant_11,participant_11/running_2020-09-17--19-58-59.json,117,participant_11,4
running,participant_11,participant_11/running_2020-09-17--19-58-59.json,130,participant_11,4
running,participant_11,participant_11/running_2020-09-17--19-58-59.json,143,participant_11,4
running,participant_11,participant_11/running_2020-09-17--19-58-59.json,156,participant_11,4
running,participant_11,participant_11/running_2020-09-17--19-58-59.json,169,participant_11,4
running,participant_11,participant_11/running_2020-09-17--19-58-59.json,182,participant_11,4
running,participant_11,participant_11/running_2020-09-17--19-58-59.json,195,participant_11,4
running,participant_11,participant_11/running_2020-09-17--19-58-59.json,208,participant_11,4
running,participant_11,participant_11/running_2020-09-17--19-58-59.json,221,participant_11,4
running,participant_11,participant_11/running_2020-09-17--19-58-59.json,234,participant_11,4
running,participant_11,participant_11/running_2020-09-17--19-58-59.json,247,participant_11,4
running,participant_11,participant_11/running_2020-09-17--19-58-59.json,260,participant_11,4
running,participant_11,participant_11/running_2020-09-17--19-58-59.json,273,participant_11,4
running,participant_11,participant_11/running_2020-09-17--19-58-59.json,286,participant_11,4
running,participant_11,participant_11/running_2020-09-17--19-58-59.json,299,participant_11,4
running,participant_11,participant_11/running_2020-09-17--19-58-59.json,312,participant_11,4
running,participant_11,participant_11/running_2020-09-17--19-58-59.json,325,participant_11,4
running,participant_11,participant_11/running_2020-09-17--19-58-59.json,338,participant_11,4
running,participant_11,participant_11/running_2020-09-17--19-58-59.json,351,participant_11,4
running,participant_11,participant_11/running_2020-09-17--19-58-59.json,364,participant_11,4
running,participant_11,participant_11/running_2020-09-17--19-58-59.json,377,participant_11,4
running,participant_11,participant_11/running_2020-09-17--19-58-59.json,390,participant_11,4
running,participant_11,participant_11/running_2020-09-17--19-58-59.json,403,participant_11,4
running,participant_11,participant_11/running_2020-09-17--19-58-59.json,416,participant_11,4
running,participant_11,participant_11/running_2020-09-17--19-58-59.json,429,participant_11,4
running,participant_11,participant_11/running_2020-09-17--19-58-59.json,442,participant_11,4
running,participant_11,participant_11/running_2020-09-17--19-58-59.json,455,participant_11,4
sideskips_left,participant_11,participant_11/sideskips_left_2020-09-17--19-57-44.json,0,participant_11,5
sideskips_left,participant_11,participant_11/sideskips_left_2020-09-17--19-57-44.json,13,participant_11,5
sideskips_left,participant_11,participant_11/sideskips_left_2020-09-17--19-57-44.json,26,participant_11,5
sideskips_left,participant_11,participant_11/sideskips_left_2020-09-17--19-57-44.json,39,participant_11,5
sideskips_left,participant_11,participant_11/sideskips_left_2020-09-17--19-57-44.json,52,participant_11,5
sideskips_left,participant_11,participant_11/sideskips_left_2020-09-17--19-57-44.json,65,participant_11,5
sideskips_left,participant_11,participant_11/sideskips_left_2020-09-17--19-57-44.json,78,participant_11,5
sideskips_left,participant_11,participant_11/sideskips_left_2020-09-17--19-57-44.json,91,participant_11,5
sideskips_left,participant_11,participant_11/sideskips_left_2020-09-17--19-57-44.json,104,participant_11,5
sideskips_left,participant_11,participant_11/sideskips_left_2020-09-17--19-57-44.json,117,participant_11,5
sideskips_left,participant_11,participant_11/sideskips_left_2020-09-17--19-57-44.json,130,participant_11,5
sideskips_left,participant_11,participant_11/sideskips_left_2020-09-17--19-57-44.json,143,participant_11,5
sideskips_left,participant_11,participant_11/sideskips_left_2020-09-17--19-57-44.json,156,participant_11,5
sideskips_left,participant_11,participant_11/sideskips_left_2020-09-17--19-57-44.json,169,participant_11,5
sideskips_left,participant_11,participant_11/sideskips_left_2020-09-17--19-57-44.json,182,participant_11,5
sideskips_left,participant_11,participant_11/sideskips_left_2020-09-17--19-57-44.json,195,participant_11,5
sideskips_left,participant_11,participant_11/sideskips_left_2020-09-17--19-57-44.json,208,participant_11,5
sideskips_left,participant_11,participant_11/sideskips_left_2020-09-17--19-57-44.json,221,participant_11,5
sideskips_left,participant_11,participant_11/sideskips_left_2020-09-17--19-57-44.json,234,participant_11,5
sideskips_left,participant_11,participant_11/sideskips_left_2020-09-17--19-57-44.json,247,participant_11,5
sideskips_left,participant_11,participant_11/sideskips_left_2020-09-17--19-57-44.json,260,participant_11,5
sideskips_left,participant_11,participant_11/sideskips_left_2020-09-17--19-57-44.json,273,participant_11,5
sideskips_left,participant_11,participant_11/sideskips_left_2020-09-17--19-57-44.json,286,participant_11,5
sideskips_left,participant_11,participant_11/sideskips_left_2020-09-17--19-57-44.json,299,participant_11,5
sideskips_left,participant_11,participant_11/sideskips_left_2020-09-17--19-57-44.json,312,participant_11,5
sideskips_left,participant_11,participant_11/sideskips_left_2020-09-17--19-57-44.json,325,participant_11,5
sideskips_left,participant_11,participant_11/sideskips_left_2020-09-17--19-57-44.json,338,participant_11,5
sideskips_left,participant_11,participant_11/sideskips_left_2020-09-17--19-57-44.json,351,participant_11,5
sideskips_left,participant_11,participant_11/sideskips_left_2020-09-17--19-57-44.json,364,participant_11,5
sideskips_left,participant_11,participant_11/sideskips_left_2020-09-17--19-57-44.json,377,participant_11,5
sideskips_left,participant_11,participant_11/sideskips_left_2020-09-17--19-57-44.json,390,participant_11,5
sideskips_left,participant_11,participant_11/sideskips_left_2020-09-17--19-57-44.json,403,participant_11,5
sideskips_left,participant_11,participant_11/sideskips_left_2020-09-17--19-57-44.json,416,participant_11,5
sideskips_left,participant_11,participant_11/sideskips_left_2020-09-17--19-57-44.json,429,participant_11,5
sideskips_left,participant_11,participant_11/sideskips_left_2020-09-17--19-57-44.json,442,participant_11,5
sideskips_left,participant_11,participant_11/sideskips_left_2020-09-17--19-57-44.json,455,participant_11,5
sideskips_right,participant_11,participant_11/sideskips_right_2020-09-17--19-56-55.json,0,participant_11,6
sideskips_right,participant_11,participant_11/sideskips_right_2020-09-17--19-56-55.json,13,participant_11,6
sideskips_right,participant_11,participant_11/sideskips_right_2020-09-17--19-56-55.json,26,participant_11,6
sideskips_right,participant_11,participant_11/sideskips_right_2020-09-17--19-56-55.json,39,participant_11,6
sideskips_right,participant_11,participant_11/sideskips_right_2020-09-17--19-56-55.json,52,participant_11,6
sideskips_right,participant_11,participant_11/sideskips_right_2020-09-17--19-56-55.json,65,participant_11,6
sideskips_right,participant_11,participant_11/sideskips_right_2020-09-17--19-56-55.json,78,participant_11,6
sideskips_right,participant_11,participant_11/sideskips_right_2020-09-17--19-56-55.json,91,participant_11,6
sideskips_right,participant_11,participant_11/sideskips_right_2020-09-17--19-56-55.json,104,participant_11,6
sideskips_right,participant_11,participant_11/sideskips_right_2020-09-17--19-56-55.json,117,participant_11,6
sideskips_right,participant_11,participant_11/sideskips_right_2020-09-17--19-56-55.json,130,participant_11,6
sideskips_right,participant_11,participant_11/sideskips_right_2020-09-17--19-56-55.json,143,participant_11,6
sideskips_right,participant_11,participant_11/sideskips_right_2020-09-17--19-56-55.json,156,participant_11,6
sideskips_right,participant_11,participant_11/sideskips_right_2020-09-17--19-56-55.json,169,participant_11,6
sideskips_right,participant_11,participant_11/sideskips_right_2020-09-17--19-56-55.json,182,participant_11,6
sideskips_right,participant_11,participant_11/sideskips_right_2020-09-17--19-56-55.json,195,participant_11,6
sideskips_right,participant_11,participant_11/sideskips_right_2020-09-17--19-56-55.json,208,participant_11,6
sideskips_right,participant_11,participant_11/sideskips_right_2020-09-17--19-56-55.json,221,participant_11,6
sideskips_right,participant_11,participant_11/sideskips_right_2020-09-17--19-56-55.json,234,participant_11,6
sideskips_right,participant_11,participant_11/sideskips_right_2020-09-17--19-56-55.json,247,participant_11,6
sideskips_right,participant_11,participant_11/sideskips_right_2020-09-17--19-56-55.json,260,participant_11,6
sideskips_right,participant_11,participant_11/sideskips_right_2020-09-17--19-56-55.json,273,participant_11,6
sideskips_right,participant_11,participant_11/sideskips_right_2020-09-17--19-56-55.json,286,participant_11,6
sideskips_right,participant_11,participant_11/sideskips_right_2020-09-17--19-56-55.json,299,participant_11,6
sideskips_right,participant_11,participant_11/sideskips_right_2020-09-17--19-56-55.json,312,participant_11,6
sideskips_right,participant_11,participant_11/sideskips_right_2020-09-17--19-56-55.json,325,participant_11,6
sideskips_right,participant_11,participant_11/sideskips_right_2020-09-17--19-56-55.json,338,participant_11,6
sideskips_right,participant_11,participant_11/sideskips_right_2020-09-17--19-56-55.json,351,participant_11,6
sideskips_right,participant_11,participant_11/sideskips_right_2020-09-17--19-56-55.json,364,participant_11,6
sideskips_right,participant_11,participant_11/sideskips_right_2020-09-17--19-56-55.json,377,participant_11,6
sideskips_right,participant_11,participant_11/sideskips_right_2020-09-17--19-56-55.json,390,participant_11,6
sideskips_right,participant_11,participant_11/sideskips_right_2020-09-17--19-56-55.json,403,participant_11,6
sideskips_right,participant_11,participant_11/sideskips_right_2020-09-17--19-56-55.json,416,participant_11,6
sideskips_right,participant_11,participant_11/sideskips_right_2020-09-17--19-56-55.json,429,participant_11,6
sideskips_right,participant_11,participant_11/sideskips_right_2020-09-17--19-56-55.json,442,participant_11,6
sideskips_right,participant_11,participant_11/sideskips_right_2020-09-17--19-56-55.json,455,participant_11,6
carioca_left,participant_12,participant_12/carioca_left_2020-07-16--19-39-38.json,0,participant_12,0
carioca_left,participant_12,participant_12/carioca_left_2020-07-16--19-39-38.json,13,participant_12,0
carioca_left,participant_12,participant_12/carioca_left_2020-07-16--19-39-38.json,26,participant_12,0
carioca_left,participant_12,participant_12/carioca_left_2020-07-16--19-39-38.json,39,participant_12,0
carioca_left,participant_12,participant_12/carioca_left_2020-07-16--19-39-38.json,52,participant_12,0
carioca_left,participant_12,participant_12/carioca_left_2020-07-16--19-39-38.json,65,participant_12,0
carioca_left,participant_12,participant_12/carioca_left_2020-07-16--19-39-38.json,78,participant_12,0
carioca_left,participant_12,participant_12/carioca_left_2020-07-16--19-39-38.json,91,participant_12,0
carioca_left,participant_12,participant_12/carioca_left_2020-07-16--19-39-38.json,104,participant_12,0
carioca_left,participant_12,participant_12/carioca_left_2020-07-16--19-39-38.json,117,participant_12,0
carioca_left,participant_12,participant_12/carioca_left_2020-07-16--19-39-38.json,130,participant_12,0
carioca_left,participant_12,participant_12/carioca_left_2020-07-16--19-39-38.json,143,participant_12,0
carioca_left,participant_12,participant_12/carioca_left_2020-07-16--19-39-38.json,156,participant_12,0
carioca_left,participant_12,participant_12/carioca_left_2020-07-16--19-39-38.json,169,participant_12,0
carioca_left,participant_12,participant_12/carioca_left_2020-07-16--19-39-38.json,182,participant_12,0
carioca_left,participant_12,participant_12/carioca_left_2020-07-16--19-39-38.json,195,participant_12,0
carioca_left,participant_12,participant_12/carioca_left_2020-07-16--19-39-38.json,208,participant_12,0
carioca_left,participant_12,participant_12/carioca_left_2020-07-16--19-39-38.json,221,participant_12,0
carioca_left,participant_12,participant_12/carioca_left_2020-07-16--19-39-38.json,234,participant_12,0
carioca_left,participant_12,participant_12/carioca_left_2020-07-16--19-39-38.json,247,participant_12,0
carioca_left,participant_12,participant_12/carioca_left_2020-07-16--19-39-38.json,260,participant_12,0
carioca_left,participant_12,participant_12/carioca_left_2020-07-16--19-39-38.json,273,participant_12,0
carioca_left,participant_12,participant_12/carioca_left_2020-07-16--19-39-38.json,286,participant_12,0
carioca_left,participant_12,participant_12/carioca_left_2020-07-16--19-39-38.json,299,participant_12,0
carioca_left,participant_12,participant_12/carioca_left_2020-07-16--19-39-38.json,312,participant_12,0
carioca_left,participant_12,participant_12/carioca_left_2020-07-16--19-39-38.json,325,participant_12,0
carioca_left,participant_12,participant_12/carioca_left_2020-07-16--19-39-38.json,338,participant_12,0
carioca_left,participant_12,participant_12/carioca_left_2020-07-16--19-39-38.json,351,participant_12,0
carioca_left,participant_12,participant_12/carioca_left_2020-07-16--19-39-38.json,364,participant_12,0
carioca_left,participant_12,participant_12/carioca_left_2020-07-16--19-39-38.json,377,participant_12,0
carioca_left,participant_12,participant_12/carioca_left_2020-07-16--19-39-38.json,390,participant_12,0
carioca_left,participant_12,participant_12/carioca_left_2020-07-16--19-39-38.json,403,participant_12,0
carioca_left,participant_12,participant_12/carioca_left_2020-07-16--19-39-38.json,416,participant_12,0
carioca_left,participant_12,participant_12/carioca_left_2020-07-16--19-39-38.json,429,participant_12,0
carioca_left,participant_12,participant_12/carioca_left_2020-07-16--19-39-38.json,442,participant_12,0
carioca_left,participant_12,participant_12/carioca_left_2020-07-16--19-39-38.json,455,participant_12,0
carioca_right,participant_12,participant_12/carioca_right_2020-07-16--19-39-17.json,0,participant_12,1
carioca_right,participant_12,participant_12/carioca_right_2020-07-16--19-39-17.json,13,participant_12,1
carioca_right,participant_12,participant_12/carioca_right_2020-07-16--19-39-17.json,26,participant_12,1
carioca_right,participant_12,participant_12/carioca_right_2020-07-16--19-39-17.json,39,participant_12,1
carioca_right,participant_12,participant_12/carioca_right_2020-07-16--19-39-17.json,52,participant_12,1
carioca_right,participant_12,participant_12/carioca_right_2020-07-16--19-39-17.json,65,participant_12,1
carioca_right,participant_12,participant_12/carioca_right_2020-07-16--19-39-17.json,78,participant_12,1
carioca_right,participant_12,participant_12/carioca_right_2020-07-16--19-39-17.json,91,participant_12,1
carioca_right,participant_12,participant_12/carioca_right_2020-07-16--19-39-17.json,104,participant_12,1
carioca_right,participant_12,participant_12/carioca_right_2020-07-16--19-39-17.json,117,participant_12,1
carioca_right,participant_12,participant_12/carioca_right_2020-07-16--19-39-17.json,130,participant_12,1
carioca_right,participant_12,participant_12/carioca_right_2020-07-16--19-39-17.json,143,participant_12,1
carioca_right,participant_12,participant_12/carioca_right_2020-07-16--19-39-17.json,156,participant_12,1
carioca_right,participant_12,participant_12/carioca_right_2020-07-16--19-39-17.json,169,participant_12,1
carioca_right,participant_12,participant_12/carioca_right_2020-07-16--19-39-17.json,182,participant_12,1
carioca_right,participant_12,participant_12/carioca_right_2020-07-16--19-39-17.json,195,participant_12,1
carioca_right,participant_12,participant_12/carioca_right_2020-07-16--19-39-17.json,208,participant_12,1
carioca_right,participant_12,participant_12/carioca_right_2020-07-16--19-39-17.json,221,participant_12,1
carioca_right,participant_12,participant_12/carioca_right_2020-07-16--19-39-17.json,234,participant_12,1
carioca_right,participant_12,participant_12/carioca_right_2020-07-16--19-39-17.json,247,participant_12,1
carioca_right,participant_12,participant_12/carioca_right_2020-07-16--19-39-17.json,260,participant_12,1
carioca_right,participant_12,participant_12/carioca_right_2020-07-16--19-39-17.json,273,participant_12,1
carioca_right,participant_12,participant_12/carioca_right_2020-07-16--19-39-17.json,286,participant_12,1
carioca_right,participant_12,participant_12/carioca_right_2020-07-16--19-39-17.json,299,participant_12,1
carioca_right,participant_12,participant_12/carioca_right_2020-07-16--19-39-17.json,312,participant_12,1
carioca_right,participant_12,participant_12/carioca_right_2020-07-16--19-39-17.json,325,participant_12,1
carioca_right,participant_12,participant_12/carioca_right_2020-07-16--19-39-17.json,338,participant_12,1
carioca_right,participant_12,participant_12/carioca_right_2020-07-16--19-39-17.json,351,participant_12,1
carioca_right,participant_12,participant_12/carioca_right_2020-07-16--19-39-17.json,364,participant_12,1
carioca_right,participant_12,participant_12/carioca_right_2020-07-16--19-39-17.json,377,participant_12,1
carioca_right,participant_12,participant_12/carioca_right_2020-07-16--19-39-17.json,390,participant_12,1
carioca_right,participant_12,participant_12/carioca_right_2020-07-16--19-39-17.json,403,participant_12,1
carioca_right,participant_12,participant_12/carioca_right_2020-07-16--19-39-17.json,416,participant_12,1
carioca_right,participant_12,participant_12/carioca_right_2020-07-16--19-39-17.json,429,participant_12,1
carioca_right,participant_12,participant_12/carioca_right_2020-07-16--19-39-17.json,442,participant_12,1
carioca_right,participant_12,participant_12/carioca_right_2020-07-16--19-39-17.json,455,participant_12,1
heel_to_butt,participant_12,participant_12/heel_to_butt_2020-07-16--19-40-30.json,0,participant_12,2
heel_to_butt,participant_12,participant_12/heel_to_butt_2020-07-16--19-40-30.json,13,participant_12,2
heel_to_butt,participant_12,participant_12/heel_to_butt_2020-07-16--19-40-30.json,26,participant_12,2
heel_to_butt,participant_12,participant_12/heel_to_butt_2020-07-16--19-40-30.json,39,participant_12,2
heel_to_butt,participant_12,participant_12/heel_to_butt_2020-07-16--19-40-30.json,52,participant_12,2
heel_to_butt,participant_12,participant_12/heel_to_butt_2020-07-16--19-40-30.json,65,participant_12,2
heel_to_butt,participant_12,participant_12/heel_to_butt_2020-07-16--19-40-30.json,78,participant_12,2
heel_to_butt,participant_12,participant_12/heel_to_butt_2020-07-16--19-40-30.json,91,participant_12,2
heel_to_butt,participant_12,participant_12/heel_to_butt_2020-07-16--19-40-30.json,104,participant_12,2
heel_to_butt,participant_12,participant_12/heel_to_butt_2020-07-16--19-40-30.json,117,participant_12,2
heel_to_butt,participant_12,participant_12/heel_to_butt_2020-07-16--19-40-30.json,130,participant_12,2
heel_to_butt,participant_12,participant_12/heel_to_butt_2020-07-16--19-40-30.json,143,participant_12,2
heel_to_butt,participant_12,participant_12/heel_to_butt_2020-07-16--19-40-30.json,156,participant_12,2
heel_to_butt,participant_12,participant_12/heel_to_butt_2020-07-16--19-40-30.json,169,participant_12,2
heel_to_butt,participant_12,participant_12/heel_to_butt_2020-07-16--19-40-30.json,182,participant_12,2
heel_to_butt,participant_12,participant_12/heel_to_butt_2020-07-16--19-40-30.json,195,participant_12,2
heel_to_butt,participant_12,participant_12/heel_to_butt_2020-07-16--19-40-30.json,208,participant_12,2
heel_to_butt,participant_12,participant_12/heel_to_butt_2020-07-16--19-40-30.json,221,participant_12,2
heel_to_butt,participant_12,participant_12/heel_to_butt_2020-07-16--19-40-30.json,234,participant_12,2
heel_to_butt,participant_12,participant_12/heel_to_butt_2020-07-16--19-40-30.json,247,participant_12,2
heel_to_butt,participant_12,participant_12/heel_to_butt_2020-07-16--19-40-30.json,260,participant_12,2
heel_to_butt,participant_12,participant_12/heel_to_butt_2020-07-16--19-40-30.json,273,participant_12,2
heel_to_butt,participant_12,participant_12/heel_to_butt_2020-07-16--19-40-30.json,286,participant_12,2
heel_to_butt,participant_12,participant_12/heel_to_butt_2020-07-16--19-40-30.json,299,participant_12,2
heel_to_butt,participant_12,participant_12/heel_to_butt_2020-07-16--19-40-30.json,312,participant_12,2
heel_to_butt,participant_12,participant_12/heel_to_butt_2020-07-16--19-40-30.json,325,participant_12,2
heel_to_butt,participant_12,participant_12/heel_to_butt_2020-07-16--19-40-30.json,338,participant_12,2
heel_to_butt,participant_12,participant_12/heel_to_butt_2020-07-16--19-40-30.json,351,participant_12,2
heel_to_butt,participant_12,participant_12/heel_to_butt_2020-07-16--19-40-30.json,364,participant_12,2
heel_to_butt,participant_12,participant_12/heel_to_butt_2020-07-16--19-40-30.json,377,participant_12,2
heel_to_butt,participant_12,participant_12/heel_to_butt_2020-07-16--19-40-30.json,390,participant_12,2
heel_to_butt,participant_12,participant_12/heel_to_butt_2020-07-16--19-40-30.json,403,participant_12,2
heel_to_butt,participant_12,participant_12/heel_to_butt_2020-07-16--19-40-30.json,416,participant_12,2
heel_to_butt,participant_12,participant_12/heel_to_butt_2020-07-16--19-40-30.json,429,participant_12,2
heel_to_butt,participant_12,participant_12/heel_to_butt_2020-07-16--19-40-30.json,442,participant_12,2
high_knee_run,participant_12,participant_12/high_knee_run_2020-07-16--19-40-05.json,0,participant_12,3
high_knee_run,participant_12,participant_12/high_knee_run_2020-07-16--19-40-05.json,13,participant_12,3
high_knee_run,participant_12,participant_12/high_knee_run_2020-07-16--19-40-05.json,26,participant_12,3
high_knee_run,participant_12,participant_12/high_knee_run_2020-07-16--19-40-05.json,39,participant_12,3
high_knee_run,participant_12,participant_12/high_knee_run_2020-07-16--19-40-05.json,52,participant_12,3
high_knee_run,participant_12,participant_12/high_knee_run_2020-07-16--19-40-05.json,65,participant_12,3
high_knee_run,participant_12,participant_12/high_knee_run_2020-07-16--19-40-05.json,78,participant_12,3
high_knee_run,participant_12,participant_12/high_knee_run_2020-07-16--19-40-05.json,91,participant_12,3
high_knee_run,participant_12,participant_12/high_knee_run_2020-07-16--19-40-05.json,104,participant_12,3
high_knee_run,participant_12,participant_12/high_knee_run_2020-07-16--19-40-05.json,117,participant_12,3
high_knee_run,participant_12,participant_12/high_knee_run_2020-07-16--19-40-05.json,130,participant_12,3
high_knee_run,participant_12,participant_12/high_knee_run_2020-07-16--19-40-05.json,143,participant_12,3
high_knee_run,participant_12,participant_12/high_knee_run_2020-07-16--19-40-05.json,156,participant_12,3
high_knee_run,participant_12,participant_12/high_knee_run_2020-07-16--19-40-05.json,169,participant_12,3
high_knee_run,participant_12,participant_12/high_knee_run_2020-07-16--19-40-05.json,182,participant_12,3
high_knee_run,participant_12,participant_12/high_knee_run_2020-07-16--19-40-05.json,195,participant_12,3
high_knee_run,participant_12,participant_12/high_knee_run_2020-07-16--19-40-05.json,208,participant_12,3
high_knee_run,participant_12,participant_12/high_knee_run_2020-07-16--19-40-05.json,221,participant_12,3
high_knee_run,participant_12,participant_12/high_knee_run_2020-07-16--19-40-05.json,234,participant_12,3
high_knee_run,participant_12,participant_12/high_knee_run_2020-07-16--19-40-05.json,247,participant_12,3
high_knee_run,participant_12,participant_12/high_knee_run_2020-07-16--19-40-05.json,260,participant_12,3
high_knee_run,participant_12,participant_12/high_knee_run_2020-07-16--19-40-05.json,273,participant_12,3
high_knee_run,participant_12,participant_12/high_knee_run_2020-07-16--19-40-05.json,286,participant_12,3
high_knee_run,participant_12,participant_12/high_knee_run_2020-07-16--19-40-05.json,299,participant_12,3
high_knee_run,participant_12,participant_12/high_knee_run_2020-07-16--19-40-05.json,312,participant_12,3
high_knee_run,participant_12,participant_12/high_knee_run_2020-07-16--19-40-05.json,325,participant_12,3
high_knee_run,participant_12,participant_12/high_knee_run_2020-07-16--19-40-05.json,338,participant_12,3
high_knee_run,participant_12,participant_12/high_knee_run_2020-07-16--19-40-05.json,351,participant_12,3
high_knee_run,participant_12,participant_12/high_knee_run_2020-07-16--19-40-05.json,364,participant_12,3
high_knee_run,participant_12,participant_12/high_knee_run_2020-07-16--19-40-05.json,377,participant_12,3
high_knee_run,participant_12,participant_12/high_knee_run_2020-07-16--19-40-05.json,390,participant_12,3
high_knee_run,participant_12,participant_12/high_knee_run_2020-07-16--19-40-05.json,403,participant_12,3
high_knee_run,participant_12,participant_12/high_knee_run_2020-07-16--19-40-05.json,416,participant_12,3
high_knee_run,participant_12,participant_12/high_knee_run_2020-07-16--19-40-05.json,429,participant_12,3
high_knee_run,participant_12,participant_12/high_knee_run_2020-07-16--19-40-05.json,442,participant_12,3
high_knee_run,participant_12,participant_12/high_knee_run_2020-07-16--19-40-05.json,455,participant_12,3
running,participant_12,participant_12/running_2020-07-16--19-37-21.json,0,participant_12,4
running,participant_12,participant_12/running_2020-07-16--19-37-21.json,13,participant_12,4
running,participant_12,participant_12/running_2020-07-16--19-37-21.json,26,participant_12,4
running,participant_12,participant_12/running_2020-07-16--19-37-21.json,39,participant_12,4
running,participant_12,participant_12/running_2020-07-16--19-37-21.json,52,participant_12,4
running,participant_12,participant_12/running_2020-07-16--19-37-21.json,65,participant_12,4
running,participant_12,participant_12/running_2020-07-16--19-37-21.json,78,participant_12,4
running,participant_12,participant_12/running_2020-07-16--19-37-21.json,91,participant_12,4
running,participant_12,participant_12/running_2020-07-16--19-37-21.json,104,participant_12,4
running,participant_12,participant_12/running_2020-07-16--19-37-21.json,117,participant_12,4
running,participant_12,participant_12/running_2020-07-16--19-37-21.json,130,participant_12,4
running,participant_12,participant_12/running_2020-07-16--19-37-21.json,143,participant_12,4
running,participant_12,participant_12/running_2020-07-16--19-37-21.json,156,participant_12,4
running,participant_12,participant_12/running_2020-07-16--19-37-21.json,169,participant_12,4
running,participant_12,participant_12/running_2020-07-16--19-37-21.json,182,participant_12,4
running,participant_12,participant_12/running_2020-07-16--19-37-21.json,195,participant_12,4
running,participant_12,participant_12/running_2020-07-16--19-37-21.json,208,participant_12,4
running,participant_12,participant_12/running_2020-07-16--19-37-21.json,221,participant_12,4
running,participant_12,participant_12/running_2020-07-16--19-37-21.json,234,participant_12,4
running,participant_12,participant_12/running_2020-07-16--19-37-21.json,247,participant_12,4
running,participant_12,participant_12/running_2020-07-16--19-37-21.json,260,participant_12,4
running,participant_12,participant_12/running_2020-07-16--19-37-21.json,273,participant_12,4
running,participant_12,participant_12/running_2020-07-16--19-37-21.json,286,participant_12,4
running,participant_12,participant_12/running_2020-07-16--19-37-21.json,299,participant_12,4
running,participant_12,participant_12/running_2020-07-16--19-37-21.json,312,participant_12,4
running,participant_12,participant_12/running_2020-07-16--19-37-21.json,325,participant_12,4
running,participant_12,participant_12/running_2020-07-16--19-37-21.json,338,participant_12,4
running,participant_12,participant_12/running_2020-07-16--19-37-21.json,351,participant_12,4
running,participant_12,participant_12/running_2020-07-16--19-37-21.json,364,participant_12,4
running,participant_12,participant_12/running_2020-07-16--19-37-21.json,377,participant_12,4
running,participant_12,participant_12/running_2020-07-16--19-37-21.json,390,participant_12,4
running,participant_12,participant_12/running_2020-07-16--19-37-21.json,403,participant_12,4
running,participant_12,participant_12/running_2020-07-16--19-37-21.json,416,participant_12,4
running,participant_12,participant_12/running_2020-07-16--19-37-21.json,429,participant_12,4
running,participant_12,participant_12/running_2020-07-16--19-37-21.json,442,participant_12,4
running,participant_12,participant_12/running_2020-07-16--19-37-21.json,455,participant_12,4
sideskips_left,participant_12,participant_12/sideskips_left_2020-07-16--19-38-31.json,0,participant_12,5
sideskips_left,participant_12,participant_12/sideskips_left_2020-07-16--19-38-31.json,13,participant_12,5
sideskips_left,participant_12,participant_12/sideskips_left_2020-07-16--19-38-31.json,26,participant_12,5
sideskips_left,participant_12,participant_12/sideskips_left_2020-07-16--19-38-31.json,39,participant_12,5
sideskips_left,participant_12,participant_12/sideskips_left_2020-07-16--19-38-31.json,52,participant_12,5
sideskips_left,participant_12,participant_12/sideskips_left_2020-07-16--19-38-31.json,65,participant_12,5
sideskips_left,participant_12,participant_12/sideskips_left_2020-07-16--19-38-31.json,78,participant_12,5
sideskips_left,participant_12,participant_12/sideskips_left_2020-07-16--19-38-31.json,91,participant_12,5
sideskips_left,participant_12,participant_12/sideskips_left_2020-07-16--19-38-31.json,104,participant_12,5
sideskips_left,participant_12,participant_12/sideskips_left_2020-07-16--19-38-31.json,117,participant_12,5
sideskips_left,participant_12,participant_12/sideskips_left_2020-07-16--19-38-31.json,130,participant_12,5
sideskips_left,participant_12,participant_12/sideskips_left_2020-07-16--19-38-31.json,143,participant_12,5
sideskips_left,participant_12,participant_12/sideskips_left_2020-07-16--19-38-31.json,156,participant_12,5
sideskips_left,participant_12,participant_12/sideskips_left_2020-07-16--19-38-31.json,169,participant_12,5
sideskips_left,participant_12,participant_12/sideskips_left_2020-07-16--19-38-31.json,182,participant_12,5
sideskips_left,participant_12,participant_12/sideskips_left_2020-07-16--19-38-31.json,195,participant_12,5
sideskips_left,participant_12,participant_12/sideskips_left_2020-07-16--19-38-31.json,208,participant_12,5
sideskips_left,participant_12,participant_12/sideskips_left_2020-07-16--19-38-31.json,221,participant_12,5
sideskips_left,participant_12,participant_12/sideskips_left_2020-07-16--19-38-31.json,234,participant_12,5
sideskips_left,participant_12,participant_12/sideskips_left_2020-07-16--19-38-31.json,247,participant_12,5
sideskips_left,participant_12,participant_12/sideskips_left_2020-07-16--19-38-31.json,260,participant_12,5
sideskips_left,participant_12,participant_12/sideskips_left_2020-07-16--19-38-31.json,273,participant_12,5
sideskips_left,participant_12,participant_12/sideskips_left_2020-07-16--19-38-31.json,286,participant_12,5
sideskips_left,participant_12,participant_12/sideskips_left_2020-07-16--19-38-31.json,299,participant_12,5
sideskips_left,participant_12,participant_12/sideskips_left_2020-07-16--19-38-31.json,312,participant_12,5
sideskips_left,participant_12,participant_12/sideskips_left_2020-07-16--19-38-31.json,325,participant_12,5
sideskips_left,participant_12,participant_12/sideskips_left_2020-07-16--19-38-31.json,338,participant_12,5
sideskips_left,participant_12,participant_12/sideskips_left_2020-07-16--19-38-31.json,351,participant_12,5
sideskips_left,participant_12,participant_12/sideskips_left_2020-07-16--19-38-31.json,364,participant_12,5
sideskips_left,participant_12,participant_12/sideskips_left_2020-07-16--19-38-31.json,377,participant_12,5
sideskips_left,participant_12,participant_12/sideskips_left_2020-07-16--19-38-31.json,390,participant_12,5
sideskips_left,participant_12,participant_12/sideskips_left_2020-07-16--19-38-31.json,403,participant_12,5
sideskips_left,participant_12,participant_12/sideskips_left_2020-07-16--19-38-31.json,416,participant_12,5
sideskips_left,participant_12,participant_12/sideskips_left_2020-07-16--19-38-31.json,429,participant_12,5
sideskips_left,participant_12,participant_12/sideskips_left_2020-07-16--19-38-31.json,442,participant_12,5
sideskips_left,participant_12,participant_12/sideskips_left_2020-07-16--19-38-31.json,455,participant_12,5
sideskips_right,participant_12,participant_12/sideskips_right_2020-07-16--19-38-08.json,0,participant_12,6
sideskips_right,participant_12,participant_12/sideskips_right_2020-07-16--19-38-08.json,13,participant_12,6
sideskips_right,participant_12,participant_12/sideskips_right_2020-07-16--19-38-08.json,26,participant_12,6
sideskips_right,participant_12,participant_12/sideskips_right_2020-07-16--19-38-08.json,39,participant_12,6
sideskips_right,participant_12,participant_12/sideskips_right_2020-07-16--19-38-08.json,52,participant_12,6
sideskips_right,participant_12,participant_12/sideskips_right_2020-07-16--19-38-08.json,65,participant_12,6
sideskips_right,participant_12,participant_12/sideskips_right_2020-07-16--19-38-08.json,78,participant_12,6
sideskips_right,participant_12,participant_12/sideskips_right_2020-07-16--19-38-08.json,91,participant_12,6
sideskips_right,participant_12,participant_12/sideskips_right_2020-07-16--19-38-08.json,104,participant_12,6
sideskips_right,participant_12,participant_12/sideskips_right_2020-07-16--19-38-08.json,117,participant_12,6
sideskips_right,participant_12,participant_12/sideskips_right_2020-07-16--19-38-08.json,130,participant_12,6
sideskips_right,participant_12,participant_12/sideskips_right_2020-07-16--19-38-08.json,143,participant_12,6
sideskips_right,participant_12,participant_12/sideskips_right_2020-07-16--19-38-08.json,156,participant_12,6
sideskips_right,participant_12,participant_12/sideskips_right_2020-07-16--19-38-08.json,169,participant_12,6
sideskips_right,participant_12,participant_12/sideskips_right_2020-07-16--19-38-08.json,182,participant_12,6
sideskips_right,participant_12,participant_12/sideskips_right_2020-07-16--19-38-08.json,195,participant_12,6
sideskips_right,participant_12,participant_12/sideskips_right_2020-07-16--19-38-08.json,208,participant_12,6
sideskips_right,participant_12,participant_12/sideskips_right_2020-07-16--19-38-08.json,221,participant_12,6
sideskips_right,participant_12,participant_12/sideskips_right_2020-07-16--19-38-08.json,234,participant_12,6
sideskips_right,participant_12,participant_12/sideskips_right_2020-07-16--19-38-08.json,247,participant_12,6
sideskips_right,participant_12,participant_12/sideskips_right_2020-07-16--19-38-08.json,260,participant_12,6
sideskips_right,participant_12,participant_12/sideskips_right_2020-07-16--19-38-08.json,273,participant_12,6
sideskips_right,participant_12,participant_12/sideskips_right_2020-07-16--19-38-08.json,286,participant_12,6
sideskips_right,participant_12,participant_12/sideskips_right_2020-07-16--19-38-08.json,299,participant_12,6
sideskips_right,participant_12,participant_12/sideskips_right_2020-07-16--19-38-08.json,312,participant_12,6
sideskips_right,participant_12,participant_12/sideskips_right_2020-07-16--19-38-08.json,325,participant_12,6
sideskips_right,participant_12,participant_12/sideskips_right_2020-07-16--19-38-08.json,338,participant_12,6
sideskips_right,participant_12,participant_12/sideskips_right_2020-07-16--19-38-08.json,351,participant_12,6
sideskips_right,participant_12,participant_12/sideskips_right_2020-07-16--19-38-08.json,364,participant_12,6
sideskips_right,participant_12,participant_12/sideskips_right_2020-07-16--19-38-08.json,377,participant_12,6
sideskips_right,participant_12,participant_12/sideskips_right_2020-07-16--19-38-08.json,390,participant_12,6
sideskips_right,participant_12,participant_12/sideskips_right_2020-07-16--19-38-08.json,403,participant_12,6
sideskips_right,participant_12,participant_12/sideskips_right_2020-07-16--19-38-08.json,416,participant_12,6
sideskips_right,participant_12,participant_12/sideskips_right_2020-07-16--19-38-08.json,429,participant_12,6
sideskips_right,participant_12,participant_12/sideskips_right_2020-07-16--19-38-08.json,442,participant_12,6
sideskips_right,participant_12,participant_12/sideskips_right_2020-07-16--19-38-08.json,455,participant_12,6
carioca_left,participant_12_2,participant_12_2/carioca_left_2020-07-16--19-42-42.json,0,participant_12,0
carioca_left,participant_12_2,participant_12_2/carioca_left_2020-07-16--19-42-42.json,13,participant_12,0
carioca_left,participant_12_2,participant_12_2/carioca_left_2020-07-16--19-42-42.json,26,participant_12,0
carioca_left,participant_12_2,participant_12_2/carioca_left_2020-07-16--19-42-42.json,39,participant_12,0
carioca_left,participant_12_2,participant_12_2/carioca_left_2020-07-16--19-42-42.json,52,participant_12,0
carioca_left,participant_12_2,participant_12_2/carioca_left_2020-07-16--19-42-42.json,65,participant_12,0
carioca_left,participant_12_2,participant_12_2/carioca_left_2020-07-16--19-42-42.json,78,participant_12,0
carioca_left,participant_12_2,participant_12_2/carioca_left_2020-07-16--19-42-42.json,91,participant_12,0
carioca_left,participant_12_2,participant_12_2/carioca_left_2020-07-16--19-42-42.json,104,participant_12,0
carioca_left,participant_12_2,participant_12_2/carioca_left_2020-07-16--19-42-42.json,117,participant_12,0
carioca_left,participant_12_2,participant_12_2/carioca_left_2020-07-16--19-42-42.json,130,participant_12,0
carioca_left,participant_12_2,participant_12_2/carioca_left_2020-07-16--19-42-42.json,143,participant_12,0
carioca_left,participant_12_2,participant_12_2/carioca_left_2020-07-16--19-42-42.json,156,participant_12,0
carioca_left,participant_12_2,participant_12_2/carioca_left_2020-07-16--19-42-42.json,169,participant_12,0
carioca_left,participant_12_2,participant_12_2/carioca_left_2020-07-16--19-42-42.json,182,participant_12,0
carioca_left,participant_12_2,participant_12_2/carioca_left_2020-07-16--19-42-42.json,195,participant_12,0
carioca_left,participant_12_2,participant_12_2/carioca_left_2020-07-16--19-42-42.json,208,participant_12,0
carioca_left,participant_12_2,participant_12_2/carioca_left_2020-07-16--19-42-42.json,221,participant_12,0
carioca_left,participant_12_2,participant_12_2/carioca_left_2020-07-16--19-42-42.json,234,participant_12,0
carioca_left,participant_12_2,participant_12_2/carioca_left_2020-07-16--19-42-42.json,247,participant_12,0
carioca_left,participant_12_2,participant_12_2/carioca_left_2020-07-16--19-42-42.json,260,participant_12,0
carioca_left,participant_12_2,participant_12_2/carioca_left_2020-07-16--19-42-42.json,273,participant_12,0
carioca_left,participant_12_2,participant_12_2/carioca_left_2020-07-16--19-42-42.json,286,participant_12,0
carioca_left,participant_12_2,participant_12_2/carioca_left_2020-07-16--19-42-42.json,299,participant_12,0
carioca_left,participant_12_2,participant_12_2/carioca_left_2020-07-16--19-42-42.json,312,participant_12,0
carioca_left,participant_12_2,participant_12_2/carioca_left_2020-07-16--19-42-42.json,325,participant_12,0
carioca_left,participant_12_2,participant_12_2/carioca_left_2020-07-16--19-42-42.json,338,participant_12,0
carioca_left,participant_12_2,participant_12_2/carioca_left_2020-07-16--19-42-42.json,351,participant_12,0
carioca_left,participant_12_2,participant_12_2/carioca_left_2020-07-16--19-42-42.json,364,participant_12,0
carioca_left,participant_12_2,participant_12_2/carioca_left_2020-07-16--19-42-42.json,377,participant_12,0
carioca_left,participant_12_2,participant_12_2/carioca_left_2020-07-16--19-42-42.json,390,participant_12,0
carioca_left,participant_12_2,participant_12_2/carioca_left_2020-07-16--19-42-42.json,403,participant_12,0
carioca_left,participant_12_2,participant_12_2/carioca_left_2020-07-16--19-42-42.json,416,participant_12,0
carioca_left,participant_12_2,participant_12_2/carioca_left_2020-07-16--19-42-42.json,429,participant_12,0
carioca_left,participant_12_2,participant_12_2/carioca_left_2020-07-16--19-42-42.json,442,participant_12,0
carioca_left,participant_12_2,participant_12_2/carioca_left_2020-07-16--19-42-42.json,455,participant_12,0
carioca_right,participant_12_2,participant_12_2/carioca_right_2020-07-16--19-42-21.json,0,participant_12,1
carioca_right,participant_12_2,participant_12_2/carioca_right_2020-07-16--19-42-21.json,13,participant_12,1
carioca_right,participant_12_2,participant_12_2/carioca_right_2020-07-16--19-42-21.json,26,participant_12,1
carioca_right,participant_12_2,participant_12_2/carioca_right_2020-07-16--19-42-21.json,39,participant_12,1
carioca_right,participant_12_2,participant_12_2/carioca_right_2020-07-16--19-42-21.json,52,participant_12,1
carioca_right,participant_12_2,participant_12_2/carioca_right_2020-07-16--19-42-21.json,65,participant_12,1
carioca_right,participant_12_2,participant_12_2/carioca_right_2020-07-16--19-42-21.json,78,participant_12,1
carioca_right,participant_12_2,participant_12_2/carioca_right_2020-07-16--19-42-21.json,91,participant_12,1
carioca_right,participant_12_2,participant_12_2/carioca_right_2020-07-16--19-42-21.json,104,participant_12,1
carioca_right,participant_12_2,participant_12_2/carioca_right_2020-07-16--19-42-21.json,117,participant_12,1
carioca_right,participant_12_2,participant_12_2/carioca_right_2020-07-16--19-42-21.json,130,participant_12,1
carioca_right,participant_12_2,participant_12_2/carioca_right_2020-07-16--19-42-21.json,143,participant_12,1
carioca_right,participant_12_2,participant_12_2/carioca_right_2020-07-16--19-42-21.json,156,participant_12,1
carioca_right,participant_12_2,participant_12_2/carioca_right_2020-07-16--19-42-21.json,169,participant_12,1
carioca_right,participant_12_2,participant_12_2/carioca_right_2020-07-16--19-42-21.json,182,participant_12,1
carioca_right,participant_12_2,participant_12_2/carioca_right_2020-07-16--19-42-21.json,195,participant_12,1
carioca_right,participant_12_2,participant_12_2/carioca_right_2020-07-16--19-42-21.json,208,participant_12,1
carioca_right,participant_12_2,participant_12_2/carioca_right_2020-07-16--19-42-21.json,221,participant_12,1
carioca_right,participant_12_2,participant_12_2/carioca_right_2020-07-16--19-42-21.json,234,participant_12,1
carioca_right,participant_12_2,participant_12_2/carioca_right_2020-07-16--19-42-21.json,247,participant_12,1
carioca_right,participant_12_2,participant_12_2/carioca_right_2020-07-16--19-42-21.json,260,participant_12,1
carioca_right,participant_12_2,participant_12_2/carioca_right_2020-07-16--19-42-21.json,273,participant_12,1
carioca_right,participant_12_2,participant_12_2/carioca_right_2020-07-16--19-42-21.json,286,participant_12,1
carioca_right,participant_12_2,participant_12_2/carioca_right_2020-07-16--19-42-21.json,299,participant_12,1
carioca_right,participant_12_2,participant_12_2/carioca_right_2020-07-16--19-42-21.json,312,participant_12,1
carioca_right,participant_12_2,participant_12_2/carioca_right_2020-07-16--19-42-21.json,325,participant_12,1
carioca_right,participant_12_2,participant_12_2/carioca_right_2020-07-16--19-42-21.json,338,participant_12,1
carioca_right,participant_12_2,participant_12_2/carioca_right_2020-07-16--19-42-21.json,351,participant_12,1
carioca_right,participant_12_2,participant_12_2/carioca_right_2020-07-16--19-42-21.json,364,participant_12,1
carioca_right,participant_12_2,participant_12_2/carioca_right_2020-07-16--19-42-21.json,377,participant_12,1
carioca_right,participant_12_2,participant_12_2/carioca_right_2020-07-16--19-42-21.json,390,participant_12,1
carioca_right,participant_12_2,participant_12_2/carioca_right_2020-07-16--19-42-21.json,403,participant_12,1
carioca_right,participant_12_2,participant_12_2/carioca_right_2020-07-16--19-42-21.json,416,participant_12,1
carioca_right,participant_12_2,participant_12_2/carioca_right_2020-07-16--19-42-21.json,429,participant_12,1
carioca_right,participant_12_2,participant_12_2/carioca_right_2020-07-16--19-42-21.json,442,participant_12,1
carioca_right,participant_12_2,participant_12_2/carioca_right_2020-07-16--19-42-21.json,455,participant_12,1
heel_to_butt,participant_12_2,participant_12_2/heel_to_butt_2020-07-16--19-43-27.json,0,participant_12,2
heel_to_butt,participant_12_2,participant_12_2/heel_to_butt_2020-07-16--19-43-27.json,13,participant_12,2
heel_to_butt,participant_12_2,participant_12_2/heel_to_butt_2020-07-16--19-43-27.json,26,participant_12,2
heel_to_butt,participant_12_2,participant_12_2/heel_to_butt_2020-07-16--19-43-27.json,39,participant_12,2
heel_to_butt,participant_12_2,participant_12_2/heel_to_butt_2020-07-16--19-43-27.json,52,participant_12,2
heel_to_butt,participant_12_2,participant_12_2/heel_to_butt_2020-07-16--19-43-27.json,65,participant_12,2
heel_to_butt,participant_12_2,participant_12_2/heel_to_butt_2020-07-16--19-43-27.json,78,participant_12,2
heel_to_butt,participant_12_2,participant_12_2/heel_to_butt_2020-07-16--19-43-27.json,91,participant_12,2
heel_to_butt,participant_12_2,participant_12_2/heel_to_butt_2020-07-16--19-43-27.json,104,participant_12,2
heel_to_butt,participant_12_2,participant_12_2/heel_to_butt_2020-07-16--19-43-27.json,117,participant_12,2
heel_to_butt,participant_12_2,participant_12_2/heel_to_butt_2020-07-16--19-43-27.json,130,participant_12,2
heel_to_butt,participant_12_2,participant_12_2/heel_to_butt_2020-07-16--19-43-27.json,143,participant_12,2
heel_to_butt,participant_12_2,participant_12_2/heel_to_butt_2020-07-16--19-43-27.json,156,participant_12,2
heel_to_butt,participant_12_2,participant_12_2/heel_to_butt_2020-07-16--19-43-27.json,169,participant_12,2
heel_to_butt,participant_12_2,participant_12_2/heel_to_butt_2020-07-16--19-43-27.json,182,participant_12,2
heel_to_butt,participant_12_2,participant_12_2/heel_to_butt_2020-07-16--19-43-27.json,195,participant_12,2
heel_to_butt,participant_12_2,participant_12_2/heel_to_butt_2020-07-16--19-43-27.json,208,participant_12,2
heel_to_butt,participant_12_2,participant_12_2/heel_to_butt_2020-07-16--19-43-27.json,221,participant_12,2
heel_to_butt,participant_12_2,participant_12_2/heel_to_butt_2020-07-16--19-43-27.json,234,participant_12,2
heel_to_butt,participant_12_2,participant_12_2/heel_to_butt_2020-07-16--19-43-27.json,247,participant_12,2
heel_to_butt,participant_12_2,participant_12_2/heel_to_butt_2020-07-16--19-43-27.json,260,participant_12,2
heel_to_butt,participant_12_2,participant_12_2/heel_to_butt_2020-07-16--19-43-27.json,273,participant_12,2
heel_to_butt,participant_12_2,participant_12_2/heel_to_butt_2020-07-16--19-43-27.json,286,participant_12,2
heel_to_butt,participant_12_2,participant_12_2/heel_to_butt_2020-07-16--19-43-27.json,299,participant_12,2
heel_to_butt,participant_12_2,participant_12_2/heel_to_butt_2020-07-16--19-43-27.json,312,participant_12,2
heel_to_butt,participant_12_2,participant_12_2/heel_to_butt_2020-07-16--19-43-27.json,325,participant_12,2
heel_to_butt,participant_12_2,participant_12_2/heel_to_butt_2020-07-16--19-43-27.json,338,participant_12,2
heel_to_butt,participant_12_2,participant_12_2/heel_to_butt_2020-07-16--19-43-27.json,351,participant_12,2
heel_to_butt,participant_12_2,participant_12_2/heel_to_butt_2020-07-16--19-43-27.json,364,participant_12,2
heel_to_butt,participant_12_2,participant_12_2/heel_to_butt_2020-07-16--19-43-27.json,377,participant_12,2
heel_to_butt,participant_12_2,participant_12_2/heel_to_butt_2020-07-16--19-43-27.json,390,participant_12,2
heel_to_butt,participant_12_2,participant_12_2/heel_to_butt_2020-07-16--19-43-27.json,403,participant_12,2
heel_to_butt,participant_12_2,participant_12_2/heel_to_butt_2020-07-16--19-43-27.json,416,participant_12,2
heel_to_butt,participant_12_2,participant_12_2/heel_to_butt_2020-07-16--19-43-27.json,429,participant_12,2
heel_to_butt,participant_12_2,participant_12_2/heel_to_butt_2020-07-16--19-43-27.json,442,participant_12,2
heel_to_butt,participant_12_2,participant_12_2/heel_to_butt_2020-07-16--19-43-27.json,455,participant_12,2
high_knee_run,participant_12_2,participant_12_2/high_knee_run_2020-07-16--19-43-01.json,0,participant_12,3
high_knee_run,participant_12_2,participant_12_2/high_knee_run_2020-07-16--19-43-01.json,13,participant_12,3
high_knee_run,participant_12_2,participant_12_2/high_knee_run_2020-07-16--19-43-01.json,26,participant_12,3
high_knee_run,participant_12_2,participant_12_2/high_knee_run_2020-07-16--19-43-01.json,39,participant_12,3
high_knee_run,participant_12_2,participant_12_2/high_knee_run_2020-07-16--19-43-01.json,52,participant_12,3
high_knee_run,participant_12_2,participant_12_2/high_knee_run_2020-07-16--19-43-01.json,65,participant_12,3
high_knee_run,participant_12_2,participant_12_2/high_knee_run_2020-07-16--19-43-01.json,78,participant_12,3
high_knee_run,participant_12_2,participant_12_2/high_knee_run_2020-07-16--19-43-01.json,91,participant_12,3
high_knee_run,participant_12_2,participant_12_2/high_knee_run_2020-07-16--19-43-01.json,104,participant_12,3
high_knee_run,participant_12_2,participant_12_2/high_knee_run_2020-07-16--19-43-01.json,117,participant_12,3
high_knee_run,participant_12_2,participant_12_2/high_knee_run_2020-07-16--19-43-01.json,130,participant_12,3
high_knee_run,participant_12_2,participant_12_2/high_knee_run_2020-07-16--19-43-01.json,143,participant_12,3
high_knee_run,participant_12_2,participant_12_2/high_knee_run_2020-07-16--19-43-01.json,156,participant_12,3
high_knee_run,participant_12_2,participant_12_2/high_knee_run_2020-07-16--19-43-01.json,169,participant_12,3
high_knee_run,participant_12_2,participant_12_2/high_knee_run_2020-07-16--19-43-01.json,182,participant_12,3
high_knee_run,participant_12_2,participant_12_2/high_knee_run_2020-07-16--19-43-01.json,195,participant_12,3
high_knee_run,participant_12_2,participant_12_2/high_knee_run_2020-07-16--19-43-01.json,208,participant_12,3
high_knee_run,participant_12_2,participant_12_2/high_knee_run_2020-07-16--19-43-01.json,221,participant_12,3
high_knee_run,participant_12_2,participant_12_2/high_knee_run_2020-07-16--19-43-01.json,234,participant_12,3
high_knee_run,participant_12_2,participant_12_2/high_knee_run_2020-07-16--19-43-01.json,247,participant_12,3
high_knee_run,participant_12_2,participant_12_2/high_knee_run_2020-07-16--19-43-01.json,260,participant_12,3
high_knee_run,participant_12_2,participant_12_2/high_knee_run_2020-07-16--19-43-01.json,273,participant_12,3
high_knee_run,participant_12_2,participant_12_2/high_knee_run_2020-07-16--19-43-01.json,286,participant_12,3
high_knee_run,participant_12_2,participant_12_2/high_knee_run_2020-07-16--19-43-01.json,299,participant_12,3
high_knee_run,participant_12_2,participant_12_2/high_knee_run_2020-07-16--19-43-01.json,312,participant_12,3
high_knee_run,participant_12_2,participant_12_2/high_knee_run_2020-07-16--19-43-01.json,325,participant_12,3
high_knee_run,participant_12_2,participant_12_2/high_knee_run_2020-07-16--19-43-01.json,338,participant_12,3
high_knee_run,participant_12_2,participant_12_2/high_knee_run_2020-07-16--19-43-01.json,351,participant_12,3
high_knee_run,participant_12_2,participant_12_2/high_knee_run_2020-07-16--19-43-01.json,364,participant_12,3
high_knee_run,participant_12_2,participant_12_2/high_knee_run_2020-07-16--19-43-01.json,377,participant_12,3
high_knee_run,participant_12_2,participant_12_2/high_knee_run_2020-07-16--19-43-01.json,390,participant_12,3
high_knee_run,participant_12_2,participant_12_2/high_knee_run_2020-07-16--19-43-01.json,403,participant_12,3
high_knee_run,participant_12_2,participant_12_2/high_knee_run_2020-07-16--19-43-01.json,416,participant_12,3
high_knee_run,participant_12_2,participant_12_2/high_knee_run_2020-07-16--19-43-01.json,429,participant_12,3
high_knee_run,participant_12_2,participant_12_2/high_knee_run_2020-07-16--19-43-01.json,442,participant_12,3
high_knee_run,participant_12_2,participant_12_2/high_knee_run_2020-07-16--19-43-01.json,455,participant_12,3
running,participant_12_2,participant_12_2/running_2020-07-16--19-38-54.json,0,participant_12,4
running,participant_12_2,participant_12_2/running_2020-07-16--19-38-54.json,13,participant_12,4
running,participant_12_2,participant_12_2/running_2020-07-16--19-38-54.json,26,participant_12,4
running,participant_12_2,participant_12_2/running_2020-07-16--19-38-54.json,39,participant_12,4
running,participant_12_2,participant_12_2/running_2020-07-16--19-38-54.json,52,participant_12,4
running,participant_12_2,participant_12_2/running_2020-07-16--19-38-54.json,65,participant_12,4
running,participant_12_2,participant_12_2/running_2020-07-16--19-38-54.json,78,participant_12,4
running,participant_12_2,participant_12_2/running_2020-07-16--19-38-54.json,91,participant_12,4
running,participant_12_2,participant_12_2/running_2020-07-16--19-38-54.json,104,participant_12,4
running,participant_12_2,participant_12_2/running_2020-07-16--19-38-54.json,117,participant_12,4
running,participant_12_2,participant_12_2/running_2020-07-16--19-38-54.json,130,participant_12,4
running,participant_12_2,participant_12_2/running_2020-07-16--19-38-54.json,143,participant_12,4
running,participant_12_2,participant_12_2/running_2020-07-16--19-38-54.json,156,participant_12,4
running,participant_12_2,participant_12_2/running_2020-07-16--19-38-54.json,169,participant_12,4
running,participant_12_2,participant_12_2/running_2020-07-16--19-38-54.json,182,participant_12,4
running,participant_12_2,participant_12_2/running_2020-07-16--19-38-54.json,195,participant_12,4
running,participant_12_2,participant_12_2/running_2020-07-16--19-38-54.json,208,participant_12,4
running,participant_12_2,participant_12_2/running_2020-07-16--19-38-54.json,221,participant_12,4
running,participant_12_2,participant_12_2/running_2020-07-16--19-38-54.json,234,participant_12,4
running,participant_12_2,participant_12_2/running_2020-07-16--19-38-54.json,247,participant_12,4
running,participant_12_2,participant_12_2/running_2020-07-16--19-38-54.json,260,participant_12,4
running,participant_12_2,participant_12_2/running_2020-07-16--19-38-54.json,273,participant_12,4
running,participant_12_2,participant_12_2/running_2020-07-16--19-38-54.json,286,participant_12,4
running,participant_12_2,participant_12_2/running_2020-07-16--19-38-54.json,299,participant_12,4
running,participant_12_2,participant_12_2/running_2020-07-16--19-38-54.json,312,participant_12,4
running,participant_12_2,participant_12_2/running_2020-07-16--19-38-54.json,325,participant_12,4
running,participant_12_2,participant_12_2/running_2020-07-16--19-38-54.json,338,participant_12,4
running,participant_12_2,participant_12_2/running_2020-07-16--19-38-54.json,351,participant_12,4
running,participant_12_2,participant_12_2/running_2020-07-16--19-38-54.json,364,participant_12,4
running,participant_12_2,participant_12_2/running_2020-07-16--19-38-54.json,377,participant_12,4
running,participant_12_2,participant_12_2/running_2020-07-16--19-38-54.json,390,participant_12,4
running,participant_12_2,participant_12_2/running_2020-07-16--19-38-54.json,403,participant_12,4
running,participant_12_2,participant_12_2/running_2020-07-16--19-38-54.json,416,participant_12,4
running,participant_12_2,participant_12_2/running_2020-07-16--19-38-54.json,429,participant_12,4
running,participant_12_2,participant_12_2/running_2020-07-16--19-38-54.json,442,participant_12,4
running,participant_12_2,participant_12_2/running_2020-07-16--19-38-54.json,455,participant_12,4
sideskips_left,participant_12_2,participant_12_2/sideskips_left_2020-07-16--19-42-00.json,0,participant_12,5
sideskips_left,participant_12_2,participant_12_2/sideskips_left_2020-07-16--19-42-00.json,13,participant_12,5
sideskips_left,participant_12_2,participant_12_2/sideskips_left_2020-07-16--19-42-00.json,26,participant_12,5
sideskips_left,participant_12_2,participant_12_2/sideskips_left_2020-07-16--19-42-00.json,39,participant_12,5
sideskips_left,participant_12_2,participant_12_2/sideskips_left_2020-07-16--19-42-00.json,52,participant_12,5
sideskips_left,participant_12_2,participant_12_2/sideskips_left_2020-07-16--19-42-00.json,65,participant_12,5
sideskips_left,participant_12_2,participant_12_2/sideskips_left_2020-07-16--19-42-00.json,78,participant_12,5
sideskips_left,participant_12_2,participant_12_2/sideskips_left_2020-07-16--19-42-00.json,91,participant_12,5
sideskips_left,participant_12_2,participant_12_2/sideskips_left_2020-07-16--19-42-00.json,104,participant_12,5
sideskips_left,participant_12_2,participant_12_2/sideskips_left_2020-07-16--19-42-00.json,117,participant_12,5
sideskips_left,participant_12_2,participant_12_2/sideskips_left_2020-07-16--19-42-00.json,130,participant_12,5
sideskips_left,participant_12_2,participant_12_2/sideskips_left_2020-07-16--19-42-00.json,143,participant_12,5
sideskips_left,participant_12_2,participant_12_2/sideskips_left_2020-07-16--19-42-00.json,156,participant_12,5
sideskips_left,participant_12_2,participant_12_2/sideskips_left_2020-07-16--19-42-00.json,169,participant_12,5
sideskips_left,participant_12_2,participant_12_2/sideskips_left_2020-07-16--19-42-00.json,182,participant_12,5
sideskips_left,participant_12_2,participant_12_2/sideskips_left_2020-07-16--19-42-00.json,195,participant_12,5
sideskips_left,participant_12_2,participant_12_2/sideskips_left_2020-07-16--19-42-00.json,208,participant_12,5
sideskips_left,participant_12_2,participant_12_2/sideskips_left_2020-07-16--19-42-00.json,221,participant_12,5
sideskips_left,participant_12_2,participant_12_2/sideskips_left_2020-07-16--19-42-00.json,234,participant_12,5
sideskips_left,participant_12_2,participant_12_2/sideskips_left_2020-07-16--19-42-00.json,247,participant_12,5
sideskips_left,participant_12_2,participant_12_2/sideskips_left_2020-07-16--19-42-00.json,260,participant_12,5
sideskips_left,participant_12_2,participant_12_2/sideskips_left_2020-07-16--19-42-00.json,273,participant_12,5
sideskips_left,participant_12_2,participant_12_2/sideskips_left_2020-07-16--19-42-00.json,286,participant_12,5
sideskips_left,participant_12_2,participant_12_2/sideskips_left_2020-07-16--19-42-00.json,299,participant_12,5
sideskips_left,participant_12_2,participant_12_2/sideskips_left_2020-07-16--19-42-00.json,312,participant_12,5
sideskips_left,participant_12_2,participant_12_2/sideskips_left_2020-07-16--19-42-00.json,325,participant_12,5
sideskips_left,participant_12_2,participant_12_2/sideskips_left_2020-07-16--19-42-00.json,338,participant_12,5
sideskips_left,participant_12_2,participant_12_2/sideskips_left_2020-07-16--19-42-00.json,351,participant_12,5
sideskips_left,participant_12_2,participant_12_2/sideskips_left_2020-07-16--19-42-00.json,364,participant_12,5
sideskips_left,participant_12_2,participant_12_2/sideskips_left_2020-07-16--19-42-00.json,377,participant_12,5
sideskips_left,participant_12_2,participant_12_2/sideskips_left_2020-07-16--19-42-00.json,390,participant_12,5
sideskips_left,participant_12_2,participant_12_2/sideskips_left_2020-07-16--19-42-00.json,403,participant_12,5
sideskips_left,participant_12_2,participant_12_2/sideskips_left_2020-07-16--19-42-00.json,416,participant_12,5
sideskips_left,participant_12_2,participant_12_2/sideskips_left_2020-07-16--19-42-00.json,429,participant_12,5
sideskips_left,participant_12_2,participant_12_2/sideskips_left_2020-07-16--19-42-00.json,442,participant_12,5
sideskips_left,participant_12_2,participant_12_2/sideskips_left_2020-07-16--19-42-00.json,455,participant_12,5
sideskips_right,participant_12_2,participant_12_2/sideskips_right_2020-07-16--19-41-39.json,0,participant_12,6
sideskips_right,participant_12_2,participant_12_2/sideskips_right_2020-07-16--19-41-39.json,13,participant_12,6
sideskips_right,participant_12_2,participant_12_2/sideskips_right_2020-07-16--19-41-39.json,26,participant_12,6
sideskips_right,participant_12_2,participant_12_2/sideskips_right_2020-07-16--19-41-39.json,39,participant_12,6
sideskips_right,participant_12_2,participant_12_2/sideskips_right_2020-07-16--19-41-39.json,52,participant_12,6
sideskips_right,participant_12_2,participant_12_2/sideskips_right_2020-07-16--19-41-39.json,65,participant_12,6
sideskips_right,participant_12_2,participant_12_2/sideskips_right_2020-07-16--19-41-39.json,78,participant_12,6
sideskips_right,participant_12_2,participant_12_2/sideskips_right_2020-07-16--19-41-39.json,91,participant_12,6
sideskips_right,participant_12_2,participant_12_2/sideskips_right_2020-07-16--19-41-39.json,104,participant_12,6
sideskips_right,participant_12_2,participant_12_2/sideskips_right_2020-07-16--19-41-39.json,117,participant_12,6
sideskips_right,participant_12_2,participant_12_2/sideskips_right_2020-07-16--19-41-39.json,130,participant_12,6
sideskips_right,participant_12_2,participant_12_2/sideskips_right_2020-07-16--19-41-39.json,143,participant_12,6
sideskips_right,participant_12_2,participant_12_2/sideskips_right_2020-07-16--19-41-39.json,156,participant_12,6
sideskips_right,participant_12_2,participant_12_2/sideskips_right_2020-07-16--19-41-39.json,169,participant_12,6
sideskips_right,participant_12_2,participant_12_2/sideskips_right_2020-07-16--19-41-39.json,182,participant_12,6
sideskips_right,participant_12_2,participant_12_2/sideskips_right_2020-07-16--19-41-39.json,195,participant_12,6
sideskips_right,participant_12_2,participant_12_2/sideskips_right_2020-07-16--19-41-39.json,208,participant_12,6
sideskips_right,participant_12_2,participant_12_2/sideskips_right_2020-07-16--19-41-39.json,221,participant_12,6
sideskips_right,participant_12_2,participant_12_2/sideskips_right_2020-07-16--19-41-39.json,234,participant_12,6
sideskips_right,participant_12_2,participant_12_2/sideskips_right_2020-07-16--19-41-39.json,247,participant_12,6
sideskips_right,participant_12_2,participant_12_2/sideskips_right_2020-07-16--19-41-39.json,260,participant_12,6
sideskips_right,participant_12_2,participant_12_2/sideskips_right_2020-07-16--19-41-39.json,273,participant_12,6
sideskips_right,participant_12_2,participant_12_2/sideskips_right_2020-07-16--19-41-39.json,286,participant_12,6
sideskips_right,participant_12_2,participant_12_2/sideskips_right_2020-07-16--19-41-39.json,299,participant_12,6
sideskips_right,participant_12_2,participant_12_2/sideskips_right_2020-07-16--19-41-39.json,312,participant_12,6
sideskips_right,participant_12_2,participant_12_2/sideskips_right_2020-07-16--19-41-39.json,325,participant_12,6
sideskips_right,participant_12_2,participant_12_2/sideskips_right_2020-07-16--19-41-39.json,338,participant_12,6
sideskips_right,participant_12_2,participant_12_2/sideskips_right_2020-07-16--19-41-39.json,351,participant_12,6
sideskips_right,participant_12_2,participant_12_2/sideskips_right_2020-07-16--19-41-39.json,364,participant_12,6
sideskips_right,participant_12_2,participant_12_2/sideskips_right_2020-07-16--19-41-39.json,377,participant_12,6
sideskips_right,participant_12_2,participant_12_2/sideskips_right_2020-07-16--19-41-39.json,390,participant_12,6
sideskips_right,participant_12_2,participant_12_2/sideskips_right_2020-07-16--19-41-39.json,403,participant_12,6
sideskips_right,participant_12_2,participant_12_2/sideskips_right_2020-07-16--19-41-39.json,416,participant_12,6
sideskips_right,participant_12_2,participant_12_2/sideskips_right_2020-07-16--19-41-39.json,429,participant_12,6
sideskips_right,participant_12_2,participant_12_2/sideskips_right_2020-07-16--19-41-39.json,442,participant_12,6
sideskips_right,participant_12_2,participant_12_2/sideskips_right_2020-07-16--19-41-39.json,455,participant_12,6
carioca_left,participant_13,participant_13/carioca_left_2020-08-27--19-35-38.json,0,participant_13,0
carioca_left,participant_13,participant_13/carioca_left_2020-08-27--19-35-38.json,13,participant_13,0
carioca_left,participant_13,participant_13/carioca_left_2020-08-27--19-35-38.json,26,participant_13,0
carioca_left,participant_13,participant_13/carioca_left_2020-08-27--19-35-38.json,39,participant_13,0
carioca_left,participant_13,participant_13/carioca_left_2020-08-27--19-35-38.json,52,participant_13,0
carioca_left,participant_13,participant_13/carioca_left_2020-08-27--19-35-38.json,65,participant_13,0
carioca_left,participant_13,participant_13/carioca_left_2020-08-27--19-35-38.json,78,participant_13,0
carioca_left,participant_13,participant_13/carioca_left_2020-08-27--19-35-38.json,91,participant_13,0
carioca_left,participant_13,participant_13/carioca_left_2020-08-27--19-35-38.json,104,participant_13,0
carioca_left,participant_13,participant_13/carioca_left_2020-08-27--19-35-38.json,117,participant_13,0
carioca_left,participant_13,participant_13/carioca_left_2020-08-27--19-35-38.json,130,participant_13,0
carioca_left,participant_13,participant_13/carioca_left_2020-08-27--19-35-38.json,143,participant_13,0
carioca_left,participant_13,participant_13/carioca_left_2020-08-27--19-35-38.json,156,participant_13,0
carioca_left,participant_13,participant_13/carioca_left_2020-08-27--19-35-38.json,169,participant_13,0
carioca_left,participant_13,participant_13/carioca_left_2020-08-27--19-35-38.json,182,participant_13,0
carioca_left,participant_13,participant_13/carioca_left_2020-08-27--19-35-38.json,195,participant_13,0
carioca_left,participant_13,participant_13/carioca_left_2020-08-27--19-35-38.json,208,participant_13,0
carioca_left,participant_13,participant_13/carioca_left_2020-08-27--19-35-38.json,221,participant_13,0
carioca_left,participant_13,participant_13/carioca_left_2020-08-27--19-35-38.json,234,participant_13,0
carioca_left,participant_13,participant_13/carioca_left_2020-08-27--19-35-38.json,247,participant_13,0
carioca_left,participant_13,participant_13/carioca_left_2020-08-27--19-35-38.json,260,participant_13,0
carioca_left,participant_13,participant_13/carioca_left_2020-08-27--19-35-38.json,273,participant_13,0
carioca_left,participant_13,participant_13/carioca_left_2020-08-27--19-35-38.json,286,participant_13,0
carioca_left,participant_13,participant_13/carioca_left_2020-08-27--19-35-38.json,299,participant_13,0
carioca_left,participant_13,participant_13/carioca_left_2020-08-27--19-35-38.json,312,participant_13,0
carioca_left,participant_13,participant_13/carioca_left_2020-08-27--19-35-38.json,325,participant_13,0
carioca_left,participant_13,participant_13/carioca_left_2020-08-27--19-35-38.json,338,participant_13,0
carioca_left,participant_13,participant_13/carioca_left_2020-08-27--19-35-38.json,351,participant_13,0
carioca_left,participant_13,participant_13/carioca_left_2020-08-27--19-35-38.json,364,participant_13,0
carioca_left,participant_13,participant_13/carioca_left_2020-08-27--19-35-38.json,377,participant_13,0
carioca_left,participant_13,participant_13/carioca_left_2020-08-27--19-35-38.json,390,participant_13,0
carioca_left,participant_13,participant_13/carioca_left_2020-08-27--19-35-38.json,403,participant_13,0
carioca_left,participant_13,participant_13/carioca_left_2020-08-27--19-35-38.json,416,participant_13,0
carioca_left,participant_13,participant_13/carioca_left_2020-08-27--19-35-38.json,429,participant_13,0
carioca_left,participant_13,participant_13/carioca_left_2020-08-27--19-35-38.json,442,participant_13,0
carioca_left,participant_13,participant_13/carioca_left_2020-08-27--19-35-38.json,455,participant_13,0
carioca_left,participant_13,participant_13/carioca_left_2020-08-27--19-35-38.json,468,participant_13,0
carioca_right,participant_13,participant_13/carioca_right_2020-08-27--19-36-01.json,0,participant_13,1
carioca_right,participant_13,participant_13/carioca_right_2020-08-27--19-36-01.json,13,participant_13,1
carioca_right,participant_13,participant_13/carioca_right_2020-08-27--19-36-01.json,26,participant_13,1
carioca_right,participant_13,participant_13/carioca_right_2020-08-27--19-36-01.json,39,participant_13,1
carioca_right,participant_13,participant_13/carioca_right_2020-08-27--19-36-01.json,52,participant_13,1
carioca_right,participant_13,participant_13/carioca_right_2020-08-27--19-36-01.json,65,participant_13,1
carioca_right,participant_13,participant_13/carioca_right_2020-08-27--19-36-01.json,78,participant_13,1
carioca_right,participant_13,participant_13/carioca_right_2020-08-27--19-36-01.json,91,participant_13,1
carioca_right,participant_13,participant_13/carioca_right_2020-08-27--19-36-01.json,104,participant_13,1
carioca_right,participant_13,participant_13/carioca_right_2020-08-27--19-36-01.json,117,participant_13,1
carioca_right,participant_13,participant_13/carioca_right_2020-08-27--19-36-01.json,130,participant_13,1
carioca_right,participant_13,participant_13/carioca_right_2020-08-27--19-36-01.json,143,participant_13,1
carioca_right,participant_13,participant_13/carioca_right_2020-08-27--19-36-01.json,156,participant_13,1
carioca_right,participant_13,participant_13/carioca_right_2020-08-27--19-36-01.json,169,participant_13,1
carioca_right,participant_13,participant_13/carioca_right_2020-08-27--19-36-01.json,182,participant_13,1
carioca_right,participant_13,participant_13/carioca_right_2020-08-27--19-36-01.json,195,participant_13,1
carioca_right,participant_13,participant_13/carioca_right_2020-08-27--19-36-01.json,208,participant_13,1
carioca_right,participant_13,participant_13/carioca_right_2020-08-27--19-36-01.json,221,participant_13,1
carioca_right,participant_13,participant_13/carioca_right_2020-08-27--19-36-01.json,234,participant_13,1
carioca_right,participant_13,participant_13/carioca_right_2020-08-27--19-36-01.json,247,participant_13,1
carioca_right,participant_13,participant_13/carioca_right_2020-08-27--19-36-01.json,260,participant_13,1
carioca_right,participant_13,participant_13/carioca_right_2020-08-27--19-36-01.json,273,participant_13,1
carioca_right,participant_13,participant_13/carioca_right_2020-08-27--19-36-01.json,286,participant_13,1
carioca_right,participant_13,participant_13/carioca_right_2020-08-27--19-36-01.json,299,participant_13,1
carioca_right,participant_13,participant_13/carioca_right_2020-08-27--19-36-01.json,312,participant_13,1
carioca_right,participant_13,participant_13/carioca_right_2020-08-27--19-36-01.json,325,participant_13,1
carioca_right,participant_13,participant_13/carioca_right_2020-08-27--19-36-01.json,338,participant_13,1
carioca_right,participant_13,participant_13/carioca_right_2020-08-27--19-36-01.json,351,participant_13,1
carioca_right,participant_13,participant_13/carioca_right_2020-08-27--19-36-01.json,364,participant_13,1
carioca_right,participant_13,participant_13/carioca_right_2020-08-27--19-36-01.json,377,participant_13,1
carioca_right,participant_13,participant_13/carioca_right_2020-08-27--19-36-01.json,390,participant_13,1
carioca_right,participant_13,participant_13/carioca_right_2020-08-27--19-36-01.json,403,participant_13,1
carioca_right,participant_13,participant_13/carioca_right_2020-08-27--19-36-01.json,416,participant_13,1
carioca_right,participant_13,participant_13/carioca_right_2020-08-27--19-36-01.json,429,participant_13,1
carioca_right,participant_13,participant_13/carioca_right_2020-08-27--19-36-01.json,442,participant_13,1
carioca_right,participant_13,participant_13/carioca_right_2020-08-27--19-36-01.json,455,participant_13,1
carioca_right,participant_13,participant_13/carioca_right_2020-08-27--19-36-01.json,468,participant_13,1
heel_to_butt,participant_13,participant_13/heel_to_butt_2020-08-27--19-37-39.json,0,participant_13,2
heel_to_butt,participant_13,participant_13/heel_to_butt_2020-08-27--19-37-39.json,13,participant_13,2
heel_to_butt,participant_13,participant_13/heel_to_butt_2020-08-27--19-37-39.json,26,participant_13,2
heel_to_butt,participant_13,participant_13/heel_to_butt_2020-08-27--19-37-39.json,39,participant_13,2
heel_to_butt,participant_13,participant_13/heel_to_butt_2020-08-27--19-37-39.json,52,participant_13,2
heel_to_butt,participant_13,participant_13/heel_to_butt_2020-08-27--19-37-39.json,65,participant_13,2
heel_to_butt,participant_13,participant_13/heel_to_butt_2020-08-27--19-37-39.json,78,participant_13,2
heel_to_butt,participant_13,participant_13/heel_to_butt_2020-08-27--19-37-39.json,91,participant_13,2
heel_to_butt,participant_13,participant_13/heel_to_butt_2020-08-27--19-37-39.json,104,participant_13,2
heel_to_butt,participant_13,participant_13/heel_to_butt_2020-08-27--19-37-39.json,117,participant_13,2
heel_to_butt,participant_13,participant_13/heel_to_butt_2020-08-27--19-37-39.json,130,participant_13,2
heel_to_butt,participant_13,participant_13/heel_to_butt_2020-08-27--19-37-39.json,143,participant_13,2
heel_to_butt,participant_13,participant_13/heel_to_butt_2020-08-27--19-37-39.json,156,participant_13,2
heel_to_butt,participant_13,participant_13/heel_to_butt_2020-08-27--19-37-39.json,169,participant_13,2
heel_to_butt,participant_13,participant_13/heel_to_butt_2020-08-27--19-37-39.json,182,participant_13,2
heel_to_butt,participant_13,participant_13/heel_to_butt_2020-08-27--19-37-39.json,195,participant_13,2
heel_to_butt,participant_13,participant_13/heel_to_butt_2020-08-27--19-37-39.json,208,participant_13,2
heel_to_butt,participant_13,participant_13/heel_to_butt_2020-08-27--19-37-39.json,221,participant_13,2
heel_to_butt,participant_13,participant_13/heel_to_butt_2020-08-27--19-37-39.json,234,participant_13,2
heel_to_butt,participant_13,participant_13/heel_to_butt_2020-08-27--19-37-39.json,247,participant_13,2
heel_to_butt,participant_13,participant_13/heel_to_butt_2020-08-27--19-37-39.json,260,participant_13,2
heel_to_butt,participant_13,participant_13/heel_to_butt_2020-08-27--19-37-39.json,273,participant_13,2
heel_to_butt,participant_13,participant_13/heel_to_butt_2020-08-27--19-37-39.json,286,participant_13,2
heel_to_butt,participant_13,participant_13/heel_to_butt_2020-08-27--19-37-39.json,299,participant_13,2
heel_to_butt,participant_13,participant_13/heel_to_butt_2020-08-27--19-37-39.json,312,participant_13,2
heel_to_butt,participant_13,participant_13/heel_to_butt_2020-08-27--19-37-39.json,325,participant_13,2
heel_to_butt,participant_13,participant_13/heel_to_butt_2020-08-27--19-37-39.json,338,participant_13,2
heel_to_butt,participant_13,participant_13/heel_to_butt_2020-08-27--19-37-39.json,351,participant_13,2
heel_to_butt,participant_13,participant_13/heel_to_butt_2020-08-27--19-37-39.json,364,participant_13,2
heel_to_butt,participant_13,participant_13/heel_to_butt_2020-08-27--19-37-39.json,377,participant_13,2
heel_to_butt,participant_13,participant_13/heel_to_butt_2020-08-27--19-37-39.json,390,participant_13,2
heel_to_butt,participant_13,participant_13/heel_to_butt_2020-08-27--19-37-39.json,403,participant_13,2
heel_to_butt,participant_13,participant_13/heel_to_butt_2020-08-27--19-37-39.json,416,participant_13,2
heel_to_butt,participant_13,participant_13/heel_to_butt_2020-08-27--19-37-39.json,429,participant_13,2
heel_to_butt,participant_13,participant_13/heel_to_butt_2020-08-27--19-37-39.json,442,participant_13,2
heel_to_butt,participant_13,participant_13/heel_to_butt_2020-08-27--19-37-39.json,455,participant_13,2
high_knee_run,participant_13,participant_13/high_knee_run_2020-08-27--19-34-03.json,0,participant_13,3
high_knee_run,participant_13,participant_13/high_knee_run_2020-08-27--19-34-03.json,13,participant_13,3
high_knee_run,participant_13,participant_13/high_knee_run_2020-08-27--19-34-03.json,26,participant_13,3
high_knee_run,participant_13,participant_13/high_knee_run_2020-08-27--19-34-03.json,39,participant_13,3
high_knee_run,participant_13,participant_13/high_knee_run_2020-08-27--19-34-03.json,52,participant_13,3
high_knee_run,participant_13,participant_13/high_knee_run_2020-08-27--19-34-03.json,65,participant_13,3
high_knee_run,participant_13,participant_13/high_knee_run_2020-08-27--19-34-03.json,78,participant_13,3
high_knee_run,participant_13,participant_13/high_knee_run_2020-08-27--19-34-03.json,91,participant_13,3
high_knee_run,participant_13,participant_13/high_knee_run_2020-08-27--19-34-03.json,104,participant_13,3
high_knee_run,participant_13,participant_13/high_knee_run_2020-08-27--19-34-03.json,117,participant_13,3
high_knee_run,participant_13,participant_13/high_knee_run_2020-08-27--19-34-03.json,130,participant_13,3
high_knee_run,participant_13,participant_13/high_knee_run_2020-08-27--19-34-03.json,143,participant_13,3
high_knee_run,participant_13,participant_13/high_knee_run_2020-08-27--19-34-03.json,156,participant_13,3
high_knee_run,participant_13,participant_13/high_knee_run_2020-08-27--19-34-03.json,169,participant_13,3
high_knee_run,participant_13,participant_13/high_knee_run_2020-08-27--19-34-03.json,182,participant_13,3
high_knee_run,participant_13,participant_13/high_knee_run_2020-08-27--19-34-03.json,195,participant_13,3
high_knee_run,participant_13,participant_13/high_knee_run_2020-08-27--19-34-03.json,208,participant_13,3
high_knee_run,participant_13,participant_13/high_knee_run_2020-08-27--19-34-03.json,221,participant_13,3
high_knee_run,participant_13,participant_13/high_knee_run_2020-08-27--19-34-03.json,234,participant_13,3
high_knee_run,participant_13,participant_13/high_knee_run_2020-08-27--19-34-03.json,247,participant_13,3
high_knee_run,participant_13,participant_13/high_knee_run_2020-08-27--19-34-03.json,260,participant_13,3
high_knee_run,participant_13,participant_13/high_knee_run_2020-08-27--19-34-03.json,273,participant_13,3
high_knee_run,participant_13,participant_13/high_knee_run_2020-08-27--19-34-03.json,286,participant_13,3
high_knee_run,participant_13,participant_13/high_knee_run_2020-08-27--19-34-03.json,299,participant_13,3
high_knee_run,participant_13,participant_13/high_knee_run_2020-08-27--19-34-03.json,312,participant_13,3
high_knee_run,participant_13,participant_13/high_knee_run_2020-08-27--19-34-03.json,325,participant_13,3
high_knee_run,participant_13,participant_13/high_knee_run_2020-08-27--19-34-03.json,338,participant_13,3
high_knee_run,participant_13,participant_13/high_knee_run_2020-08-27--19-34-03.json,351,participant_13,3
high_knee_run,participant_13,participant_13/high_knee_run_2020-08-27--19-34-03.json,364,participant_13,3
high_knee_run,participant_13,participant_13/high_knee_run_2020-08-27--19-34-03.json,377,participant_13,3
high_knee_run,participant_13,participant_13/high_knee_run_2020-08-27--19-34-03.json,390,participant_13,3
high_knee_run,participant_13,participant_13/high_knee_run_2020-08-27--19-34-03.json,403,participant_13,3
high_knee_run,participant_13,participant_13/high_knee_run_2020-08-27--19-34-03.json,416,participant_13,3
high_knee_run,participant_13,participant_13/high_knee_run_2020-08-27--19-34-03.json,429,participant_13,3
high_knee_run,participant_13,participant_13/high_knee_run_2020-08-27--19-34-03.json,442,participant_13,3
high_knee_run,participant_13,participant_13/high_knee_run_2020-08-27--19-34-03.json,455,participant_13,3
high_knee_run,participant_13,participant_13/high_knee_run_2020-08-27--19-34-03.json,468,participant_13,3
running,participant_13,participant_13/running_2020-08-27--19-37-18.json,0,participant_13,4
running,participant_13,participant_13/running_2020-08-27--19-37-18.json,13,participant_13,4
running,participant_13,participant_13/running_2020-08-27--19-37-18.json,26,participant_13,4
running,participant_13,participant_13/running_2020-08-27--19-37-18.json,39,participant_13,4
running,participant_13,participant_13/running_2020-08-27--19-37-18.json,52,participant_13,4
running,participant_13,participant_13/running_2020-08-27--19-37-18.json,65,participant_13,4
running,participant_13,participant_13/running_2020-08-27--19-37-18.json,78,participant_13,4
running,participant_13,participant_13/running_2020-08-27--19-37-18.json,91,participant_13,4
running,participant_13,participant_13/running_2020-08-27--19-37-18.json,104,participant_13,4
running,participant_13,participant_13/running_2020-08-27--19-37-18.json,117,participant_13,4
running,participant_13,participant_13/running_2020-08-27--19-37-18.json,130,participant_13,4
running,participant_13,participant_13/running_2020-08-27--19-37-18.json,143,participant_13,4
running,participant_13,participant_13/running_2020-08-27--19-37-18.json,156,participant_13,4
running,participant_13,participant_13/running_2020-08-27--19-37-18.json,169,participant_13,4
running,participant_13,participant_13/running_2020-08-27--19-37-18.json,182,participant_13,4
running,participant_13,participant_13/running_2020-08-27--19-37-18.json,195,participant_13,4
running,participant_13,participant_13/running_2020-08-27--19-37-18.json,208,participant_13,4
running,participant_13,participant_13/running_2020-08-27--19-37-18.json,221,participant_13,4
running,participant_13,participant_13/running_2020-08-27--19-37-18.json,234,participant_13,4
running,participant_13,participant_13/running_2020-08-27--19-37-18.json,247,participant_13,4
running,participant_13,participant_13/running_2020-08-27--19-37-18.json,260,participant_13,4
running,participant_13,participant_13/running_2020-08-27--19-37-18.json,273,participant_13,4
running,participant_13,participant_13/running_2020-08-27--19-37-18.json,286,participant_13,4
running,participant_13,participant_13/running_2020-08-27--19-37-18.json,299,participant_13,4
running,participant_13,participant_13/running_2020-08-27--19-37-18.json,312,participant_13,4
running,participant_13,participant_13/running_2020-08-27--19-37-18.json,325,participant_13,4
running,participant_13,participant_13/running_2020-08-27--19-37-18.json,338,participant_13,4
running,participant_13,participant_13/running_2020-08-27--19-37-18.json,351,participant_13,4
running,participant_13,participant_13/running_2020-08-27--19-37-18.json,364,participant_13,4
running,participant_13,participant_13/running_2020-08-27--19-37-18.json,377,participant_13,4
running,participant_13,participant_13/running_2020-08-27--19-37-18.json,390,participant_13,4
running,participant_13,participant_13/running_2020-08-27--19-37-18.json,403,participant_13,4
running,participant_13,participant_13/running_2020-08-27--19-37-18.json,416,participant_13,4
running,participant_13,participant_13/running_2020-08-27--19-37-18.json,429,participant_13,4
running,participant_13,participant_13/running_2020-08-27--19-37-18.json,442,participant_13,4
running,participant_13,participant_13/running_2020-08-27--19-37-18.json,455,participant_13,4
running,participant_13,participant_13/running_2020-08-27--19-37-18.json,468,participant_13,4
sideskips_left,participant_13,participant_13/sideskips_left_2020-08-27--19-34-49.json,0,participant_13,5
sideskips_left,participant_13,participant_13/sideskips_left_2020-08-27--19-34-49.json,13,participant_13,5
sideskips_left,participant_13,participant_13/sideskips_left_2020-08-27--19-34-49.json,26,participant_13,5
sideskips_left,participant_13,participant_13/sideskips_left_2020-08-27--19-34-49.json,39,participant_13,5
sideskips_left,participant_13,participant_13/sideskips_left_2020-08-27--19-34-49.json,52,participant_13,5
sideskips_left,participant_13,participant_13/sideskips_left_2020-08-27--19-34-49.json,65,participant_13,5
sideskips_left,participant_13,participant_13/sideskips_left_2020-08-27--19-34-49.json,78,participant_13,5
sideskips_left,participant_13,participant_13/sideskips_left_2020-08-27--19-34-49.json,91,participant_13,5
sideskips_left,participant_13,participant_13/sideskips_left_2020-08-27--19-34-49.json,104,participant_13,5
sideskips_left,participant_13,participant_13/sideskips_left_2020-08-27--19-34-49.json,117,participant_13,5
sideskips_left,participant_13,participant_13/sideskips_left_2020-08-27--19-34-49.json,130,participant_13,5
sideskips_left,participant_13,participant_13/sideskips_left_2020-08-27--19-34-49.json,143,participant_13,5
sideskips_left,participant_13,participant_13/sideskips_left_2020-08-27--19-34-49.json,156,participant_13,5
sideskips_left,participant_13,participant_13/sideskips_left_2020-08-27--19-34-49.json,169,participant_13,5
sideskips_left,participant_13,participant_13/sideskips_left_2020-08-27--19-34-49.json,182,participant_13,5
sideskips_left,participant_13,participant_13/sideskips_left_2020-08-27--19-34-49.json,195,participant_13,5
sideskips_left,participant_13,participant_13/sideskips_left_2020-08-27--19-34-49.json,208,participant_13,5
sideskips_left,participant_13,participant_13/sideskips_left_2020-08-27--19-34-49.json,221,participant_13,5
sideskips_left,participant_13,participant_13/sideskips_left_2020-08-27--19-34-49.json,234,participant_13,5
sideskips_left,participant_13,participant_13/sideskips_left_2020-08-27--19-34-49.json,247,participant_13,5
sideskips_left,participant_13,participant_13/sideskips_left_2020-08-27--19-34-49.json,260,participant_13,5
sideskips_left,participant_13,participant_13/sideskips_left_2020-08-27--19-34-49.json,273,participant_13,5
sideskips_left,participant_13,participant_13/sideskips_left_2020-08-27--19-34-49.json,286,participant_13,5
sideskips_left,participant_13,participant_13/sideskips_left_2020-08-27--19-34-49.json,299,participant_13,5
sideskips_left,participant_13,participant_13/sideskips_left_2020-08-27--19-34-49.json,312,participant_13,5
sideskips_left,participant_13,participant_13/sideskips_left_2020-08-27--19-34-49.json,325,participant_13,5
sideskips_left,participant_13,participant_13/sideskips_left_2020-08-27--19-34-49.json,338,participant_13,5
sideskips_left,participant_13,participant_13/sideskips_left_2020-08-27--19-34-49.json,351,participant_13,5
sideskips_left,participant_13,participant_13/sideskips_left_2020-08-27--19-34-49.json,364,participant_13,5
sideskips_left,participant_13,participant_13/sideskips_left_2020-08-27--19-34-49.json,377,participant_13,5
sideskips_left,participant_13,participant_13/sideskips_left_2020-08-27--19-34-49.json,390,participant_13,5
sideskips_left,participant_13,participant_13/sideskips_left_2020-08-27--19-34-49.json,403,participant_13,5
sideskips_left,participant_13,participant_13/sideskips_left_2020-08-27--19-34-49.json,416,participant_13,5
sideskips_left,participant_13,participant_13/sideskips_left_2020-08-27--19-34-49.json,429,participant_13,5
sideskips_left,participant_13,participant_13/sideskips_left_2020-08-27--19-34-49.json,442,participant_13,5
sideskips_left,participant_13,participant_13/sideskips_left_2020-08-27--19-34-49.json,455,participant_13,5
sideskips_left,participant_13,participant_13/sideskips_left_2020-08-27--19-34-49.json,468,participant_13,5
sideskips_right,participant_13,participant_13/sideskips_right_2020-08-27--19-35-14.json,0,participant_13,6
sideskips_right,participant_13,participant_13/sideskips_right_2020-08-27--19-35-14.json,13,participant_13,6
sideskips_right,participant_13,participant_13/sideskips_right_2020-08-27--19-35-14.json,26,participant_13,6
sideskips_right,participant_13,participant_13/sideskips_right_2020-08-27--19-35-14.json,39,participant_13,6
sideskips_right,participant_13,participant_13/sideskips_right_2020-08-27--19-35-14.json,52,participant_13,6
sideskips_right,participant_13,participant_13/sideskips_right_2020-08-27--19-35-14.json,65,participant_13,6
sideskips_right,participant_13,participant_13/sideskips_right_2020-08-27--19-35-14.json,78,participant_13,6
sideskips_right,participant_13,participant_13/sideskips_right_2020-08-27--19-35-14.json,91,participant_13,6
sideskips_right,participant_13,participant_13/sideskips_right_2020-08-27--19-35-14.json,104,participant_13,6
sideskips_right,participant_13,participant_13/sideskips_right_2020-08-27--19-35-14.json,117,participant_13,6
sideskips_right,participant_13,participant_13/sideskips_right_2020-08-27--19-35-14.json,130,participant_13,6
sideskips_right,participant_13,participant_13/sideskips_right_2020-08-27--19-35-14.json,143,participant_13,6
sideskips_right,participant_13,participant_13/sideskips_right_2020-08-27--19-35-14.json,156,participant_13,6
sideskips_right,participant_13,participant_13/sideskips_right_2020-08-27--19-35-14.json,169,participant_13,6
sideskips_right,participant_13,participant_13/sideskips_right_2020-08-27--19-35-14.json,182,participant_13,6
sideskips_right,participant_13,participant_13/sideskips_right_2020-08-27--19-35-14.json,195,participant_13,6
sideskips_right,participant_13,participant_13/sideskips_right_2020-08-27--19-35-14.json,208,participant_13,6
sideskips_right,participant_13,participant_13/sideskips_right_2020-08-27--19-35-14.json,221,participant_13,6
sideskips_right,participant_13,participant_13/sideskips_right_2020-08-27--19-35-14.json,234,participant_13,6
sideskips_right,participant_13,participant_13/sideskips_right_2020-08-27--19-35-14.json,247,participant_13,6
sideskips_right,participant_13,participant_13/sideskips_right_2020-08-27--19-35-14.json,260,participant_13,6
sideskips_right,participant_13,participant_13/sideskips_right_2020-08-27--19-35-14.json,273,participant_13,6
sideskips_right,participant_13,participant_13/sideskips_right_2020-08-27--19-35-14.json,286,participant_13,6
sideskips_right,participant_13,participant_13/sideskips_right_2020-08-27--19-35-14.json,299,participant_13,6
sideskips_right,participant_13,participant_13/sideskips_right_2020-08-27--19-35-14.json,312,participant_13,6
sideskips_right,participant_13,participant_13/sideskips_right_2020-08-27--19-35-14.json,325,participant_13,6
sideskips_right,participant_13,participant_13/sideskips_right_2020-08-27--19-35-14.json,338,participant_13,6
sideskips_right,participant_13,participant_13/sideskips_right_2020-08-27--19-35-14.json,351,participant_13,6
sideskips_right,participant_13,participant_13/sideskips_right_2020-08-27--19-35-14.json,364,participant_13,6
sideskips_right,participant_13,participant_13/sideskips_right_2020-08-27--19-35-14.json,377,participant_13,6
sideskips_right,participant_13,participant_13/sideskips_right_2020-08-27--19-35-14.json,390,participant_13,6
sideskips_right,participant_13,participant_13/sideskips_right_2020-08-27--19-35-14.json,403,participant_13,6
sideskips_right,participant_13,participant_13/sideskips_right_2020-08-27--19-35-14.json,416,participant_13,6
sideskips_right,participant_13,participant_13/sideskips_right_2020-08-27--19-35-14.json,429,participant_13,6
sideskips_right,participant_13,participant_13/sideskips_right_2020-08-27--19-35-14.json,442,participant_13,6
sideskips_right,participant_13,participant_13/sideskips_right_2020-08-27--19-35-14.json,455,participant_13,6
sideskips_right,participant_13,participant_13/sideskips_right_2020-08-27--19-35-14.json,468,participant_13,6
carioca_left,participant_14,participant_14/carioca_left_2020-08-20--19-35-16.json,0,participant_14,0
carioca_left,participant_14,participant_14/carioca_left_2020-08-20--19-35-16.json,13,participant_14,0
carioca_left,participant_14,participant_14/carioca_left_2020-08-20--19-35-16.json,26,participant_14,0
carioca_left,participant_14,participant_14/carioca_left_2020-08-20--19-35-16.json,39,participant_14,0
carioca_left,participant_14,participant_14/carioca_left_2020-08-20--19-35-16.json,52,participant_14,0
carioca_left,participant_14,participant_14/carioca_left_2020-08-20--19-35-16.json,65,participant_14,0
carioca_left,participant_14,participant_14/carioca_left_2020-08-20--19-35-16.json,78,participant_14,0
carioca_left,participant_14,participant_14/carioca_left_2020-08-20--19-35-16.json,91,participant_14,0
carioca_left,participant_14,participant_14/carioca_left_2020-08-20--19-35-16.json,104,participant_14,0
carioca_left,participant_14,participant_14/carioca_left_2020-08-20--19-35-16.json,117,participant_14,0
carioca_left,participant_14,participant_14/carioca_left_2020-08-20--19-35-16.json,130,participant_14,0
carioca_left,participant_14,participant_14/carioca_left_2020-08-20--19-35-16.json,143,participant_14,0
carioca_left,participant_14,participant_14/carioca_left_2020-08-20--19-35-16.json,156,participant_14,0
carioca_left,participant_14,participant_14/carioca_left_2020-08-20--19-35-16.json,169,participant_14,0
carioca_left,participant_14,participant_14/carioca_left_2020-08-20--19-35-16.json,182,participant_14,0
carioca_left,participant_14,participant_14/carioca_left_2020-08-20--19-35-16.json,195,participant_14,0
carioca_left,participant_14,participant_14/carioca_left_2020-08-20--19-35-16.json,208,participant_14,0
carioca_left,participant_14,participant_14/carioca_left_2020-08-20--19-35-16.json,221,participant_14,0
carioca_left,participant_14,participant_14/carioca_left_2020-08-20--19-35-16.json,234,participant_14,0
carioca_left,participant_14,participant_14/carioca_left_2020-08-20--19-35-16.json,247,participant_14,0
carioca_left,participant_14,participant_14/carioca_left_2020-08-20--19-35-16.json,260,participant_14,0
carioca_left,participant_14,participant_14/carioca_left_2020-08-20--19-35-16.json,273,participant_14,0
carioca_left,participant_14,participant_14/carioca_left_2020-08-20--19-35-16.json,286,participant_14,0
carioca_left,participant_14,participant_14/carioca_left_2020-08-20--19-35-16.json,299,participant_14,0
carioca_left,participant_14,participant_14/carioca_left_2020-08-20--19-35-16.json,312,participant_14,0
carioca_left,participant_14,participant_14/carioca_left_2020-08-20--19-35-16.json,325,participant_14,0
carioca_left,participant_14,participant_14/carioca_left_2020-08-20--19-35-16.json,338,participant_14,0
carioca_left,participant_14,participant_14/carioca_left_2020-08-20--19-35-16.json,351,participant_14,0
carioca_left,participant_14,participant_14/carioca_left_2020-08-20--19-35-16.json,364,participant_14,0
carioca_left,participant_14,participant_14/carioca_left_2020-08-20--19-35-16.json,377,participant_14,0
carioca_left,participant_14,participant_14/carioca_left_2020-08-20--19-35-16.json,390,participant_14,0
carioca_left,participant_14,participant_14/carioca_left_2020-08-20--19-35-16.json,403,participant_14,0
carioca_left,participant_14,participant_14/carioca_left_2020-08-20--19-35-16.json,416,participant_14,0
carioca_left,participant_14,participant_14/carioca_left_2020-08-20--19-35-16.json,429,participant_14,0
carioca_left,participant_14,participant_14/carioca_left_2020-08-20--19-35-16.json,442,participant_14,0
carioca_left,participant_14,participant_14/carioca_left_2020-08-20--19-35-16.json,455,participant_14,0
carioca_left,participant_14,participant_14/carioca_left_2020-08-20--19-35-16.json,468,participant_14,0
carioca_right,participant_14,participant_14/carioca_right_2020-08-20--19-34-52.json,0,participant_14,1
carioca_right,participant_14,participant_14/carioca_right_2020-08-20--19-34-52.json,13,participant_14,1
carioca_right,participant_14,participant_14/carioca_right_2020-08-20--19-34-52.json,26,participant_14,1
carioca_right,participant_14,participant_14/carioca_right_2020-08-20--19-34-52.json,39,participant_14,1
carioca_right,participant_14,participant_14/carioca_right_2020-08-20--19-34-52.json,52,participant_14,1
carioca_right,participant_14,participant_14/carioca_right_2020-08-20--19-34-52.json,65,participant_14,1
carioca_right,participant_14,participant_14/carioca_right_2020-08-20--19-34-52.json,78,participant_14,1
carioca_right,participant_14,participant_14/carioca_right_2020-08-20--19-34-52.json,91,participant_14,1
carioca_right,participant_14,participant_14/carioca_right_2020-08-20--19-34-52.json,104,participant_14,1
carioca_right,participant_14,participant_14/carioca_right_2020-08-20--19-34-52.json,117,participant_14,1
carioca_right,participant_14,participant_14/carioca_right_2020-08-20--19-34-52.json,130,participant_14,1
carioca_right,participant_14,participant_14/carioca_right_2020-08-20--19-34-52.json,143,participant_14,1
carioca_right,participant_14,participant_14/carioca_right_2020-08-20--19-34-52.json,156,participant_14,1
carioca_right,participant_14,participant_14/carioca_right_2020-08-20--19-34-52.json,169,participant_14,1
carioca_right,participant_14,participant_14/carioca_right_2020-08-20--19-34-52.json,182,participant_14,1
carioca_right,participant_14,participant_14/carioca_right_2020-08-20--19-34-52.json,195,participant_14,1
carioca_right,participant_14,participant_14/carioca_right_2020-08-20--19-34-52.json,208,participant_14,1
carioca_right,participant_14,participant_14/carioca_right_2020-08-20--19-34-52.json,221,participant_14,1
carioca_right,participant_14,participant_14/carioca_right_2020-08-20--19-34-52.json,234,participant_14,1
carioca_right,participant_14,participant_14/carioca_right_2020-08-20--19-34-52.json,247,participant_14,1
carioca_right,participant_14,participant_14/carioca_right_2020-08-20--19-34-52.json,260,participant_14,1
carioca_right,participant_14,participant_14/carioca_right_2020-08-20--19-34-52.json,273,participant_14,1
carioca_right,participant_14,participant_14/carioca_right_2020-08-20--19-34-52.json,286,participant_14,1
carioca_right,participant_14,participant_14/carioca_right_2020-08-20--19-34-52.json,299,participant_14,1
carioca_right,participant_14,participant_14/carioca_right_2020-08-20--19-34-52.json,312,participant_14,1
carioca_right,participant_14,participant_14/carioca_right_2020-08-20--19-34-52.json,325,participant_14,1
carioca_right,participant_14,participant_14/carioca_right_2020-08-20--19-34-52.json,338,participant_14,1
carioca_right,participant_14,participant_14/carioca_right_2020-08-20--19-34-52.json,351,participant_14,1
carioca_right,participant_14,participant_14/carioca_right_2020-08-20--19-34-52.json,364,participant_14,1
carioca_right,participant_14,participant_14/carioca_right_2020-08-20--19-34-52.json,377,participant_14,1
carioca_right,participant_14,participant_14/carioca_right_2020-08-20--19-34-52.json,390,participant_14,1
carioca_right,participant_14,participant_14/carioca_right_2020-08-20--19-34-52.json,403,participant_14,1
carioca_right,participant_14,participant_14/carioca_right_2020-08-20--19-34-52.json,416,participant_14,1
carioca_right,participant_14,participant_14/carioca_right_2020-08-20--19-34-52.json,429,participant_14,1
carioca_right,participant_14,participant_14/carioca_right_2020-08-20--19-34-52.json,442,participant_14,1
carioca_right,participant_14,participant_14/carioca_right_2020-08-20--19-34-52.json,455,participant_14,1
carioca_right,participant_14,participant_14/carioca_right_2020-08-20--19-34-52.json,468,participant_14,1
heel_to_butt,participant_14,participant_14/heel_to_butt_2020-08-20--19-36-27.json,0,participant_14,2
heel_to_butt,participant_14,participant_14/heel_to_butt_2020-08-20--19-36-27.json,13,participant_14,2
heel_to_butt,participant_14,participant_14/heel_to_butt_2020-08-20--19-36-27.json,26,participant_14,2
heel_to_butt,participant_14,participant_14/heel_to_butt_2020-08-20--19-36-27.json,39,participant_14,2
heel_to_butt,participant_14,participant_14/heel_to_butt_2020-08-20--19-36-27.json,52,participant_14,2
heel_to_butt,participant_14,participant_14/heel_to_butt_2020-08-20--19-36-27.json,65,participant_14,2
heel_to_butt,participant_14,participant_14/heel_to_butt_2020-08-20--19-36-27.json,78,participant_14,2
heel_to_butt,participant_14,participant_14/heel_to_butt_2020-08-20--19-36-27.json,91,participant_14,2
heel_to_butt,participant_14,participant_14/heel_to_butt_2020-08-20--19-36-27.json,104,participant_14,2
heel_to_butt,participant_14,participant_14/heel_to_butt_2020-08-20--19-36-27.json,117,participant_14,2
heel_to_butt,participant_14,participant_14/heel_to_butt_2020-08-20--19-36-27.json,130,participant_14,2
heel_to_butt,participant_14,participant_14/heel_to_butt_2020-08-20--19-36-27.json,143,participant_14,2
heel_to_butt,participant_14,participant_14/heel_to_butt_2020-08-20--19-36-27.json,156,participant_14,2
heel_to_butt,participant_14,participant_14/heel_to_butt_2020-08-20--19-36-27.json,169,participant_14,2
heel_to_butt,participant_14,participant_14/heel_to_butt_2020-08-20--19-36-27.json,182,participant_14,2
heel_to_butt,participant_14,participant_14/heel_to_butt_2020-08-20--19-36-27.json,195,participant_14,2
heel_to_butt,participant_14,participant_14/heel_to_butt_2020-08-20--19-36-27.json,208,participant_14,2
heel_to_butt,participant_14,participant_14/heel_to_butt_2020-08-20--19-36-27.json,221,participant_14,2
heel_to_butt,participant_14,participant_14/heel_to_butt_2020-08-20--19-36-27.json,234,participant_14,2
heel_to_butt,participant_14,participant_14/heel_to_butt_2020-08-20--19-36-27.json,247,participant_14,2
heel_to_butt,participant_14,participant_14/heel_to_butt_2020-08-20--19-36-27.json,260,participant_14,2
heel_to_butt,participant_14,participant_14/heel_to_butt_2020-08-20--19-36-27.json,273,participant_14,2
heel_to_butt,participant_14,participant_14/heel_to_butt_2020-08-20--19-36-27.json,286,participant_14,2
heel_to_butt,participant_14,participant_14/heel_to_butt_2020-08-20--19-36-27.json,299,participant_14,2
heel_to_butt,participant_14,participant_14/heel_to_butt_2020-08-20--19-36-27.json,312,participant_14,2
heel_to_butt,participant_14,participant_14/heel_to_butt_2020-08-20--19-36-27.json,325,participant_14,2
heel_to_butt,participant_14,participant_14/heel_to_butt_2020-08-20--19-36-27.json,338,participant_14,2
heel_to_butt,participant_14,participant_14/heel_to_butt_2020-08-20--19-36-27.json,351,participant_14,2
heel_to_butt,participant_14,participant_14/heel_to_butt_2020-08-20--19-36-27.json,364,participant_14,2
heel_to_butt,participant_14,participant_14/heel_to_butt_2020-08-20--19-36-27.json,377,participant_14,2
heel_to_butt,participant_14,participant_14/heel_to_butt_2020-08-20--19-36-27.json,390,participant_14,2
heel_to_butt,participant_14,participant_14/heel_to_butt_2020-08-20--19-36-27.json,403,participant_14,2
heel_to_butt,participant_14,participant_14/heel_to_butt_2020-08-20--19-36-27.json,416,participant_14,2
heel_to_butt,participant_14,participant_14/heel_to_butt_2020-08-20--19-36-27.json,429,participant_14,2
heel_to_butt,participant_14,participant_14/heel_to_butt_2020-08-20--19-36-27.json,442,participant_14,2
heel_to_butt,participant_14,participant_14/heel_to_butt_2020-08-20--19-36-27.json,455,participant_14,2
heel_to_butt,participant_14,participant_14/heel_to_butt_2020-08-20--19-36-27.json,468,participant_14,2
high_knee_run,participant_14,participant_14/high_knee_run_2020-08-20--19-34-28.json,0,participant_14,3
high_knee_run,participant_14,participant_14/high_knee_run_2020-08-20--19-34-28.json,13,participant_14,3
high_knee_run,participant_14,participant_14/high_knee_run_2020-08-20--19-34-28.json,26,participant_14,3
high_knee_run,participant_14,participant_14/high_knee_run_2020-08-20--19-34-28.json,39,participant_14,3
high_knee_run,participant_14,participant_14/high_knee_run_2020-08-20--19-34-28.json,52,participant_14,3
high_knee_run,participant_14,participant_14/high_knee_run_2020-08-20--19-34-28.json,65,participant_14,3
high_knee_run,participant_14,participant_14/high_knee_run_2020-08-20--19-34-28.json,78,participant_14,3
high_knee_run,participant_14,participant_14/high_knee_run_2020-08-20--19-34-28.json,91,participant_14,3
high_knee_run,participant_14,participant_14/high_knee_run_2020-08-20--19-34-28.json,104,participant_14,3
high_knee_run,participant_14,participant_14/high_knee_run_2020-08-20--19-34-28.json,117,participant_14,3
high_knee_run,participant_14,participant_14/high_knee_run_2020-08-20--19-34-28.json,130,participant_14,3
high_knee_run,participant_14,participant_14/high_knee_run_2020-08-20--19-34-28.json,143,participant_14,3
high_knee_run,participant_14,participant_14/high_knee_run_2020-08-20--19-34-28.json,156,participant_14,3
high_knee_run,participant_14,participant_14/high_knee_run_2020-08-20--19-34-28.json,169,participant_14,3
high_knee_run,participant_14,participant_14/high_knee_run_2020-08-20--19-34-28.json,182,participant_14,3
high_knee_run,participant_14,participant_14/high_knee_run_2020-08-20--19-34-28.json,195,participant_14,3
high_knee_run,participant_14,participant_14/high_knee_run_2020-08-20--19-34-28.json,208,participant_14,3
high_knee_run,participant_14,participant_14/high_knee_run_2020-08-20--19-34-28.json,221,participant_14,3
high_knee_run,participant_14,participant_14/high_knee_run_2020-08-20--19-34-28.json,234,participant_14,3
high_knee_run,participant_14,participant_14/high_knee_run_2020-08-20--19-34-28.json,247,participant_14,3
high_knee_run,participant_14,participant_14/high_knee_run_2020-08-20--19-34-28.json,260,participant_14,3
high_knee_run,participant_14,participant_14/high_knee_run_2020-08-20--19-34-28.json,273,participant_14,3
high_knee_run,participant_14,participant_14/high_knee_run_2020-08-20--19-34-28.json,286,participant_14,3
high_knee_run,participant_14,participant_14/high_knee_run_2020-08-20--19-34-28.json,299,participant_14,3
high_knee_run,participant_14,participant_14/high_knee_run_2020-08-20--19-34-28.json,312,participant_14,3
high_knee_run,participant_14,participant_14/high_knee_run_2020-08-20--19-34-28.json,325,participant_14,3
high_knee_run,participant_14,participant_14/high_knee_run_2020-08-20--19-34-28.json,338,participant_14,3
high_knee_run,participant_14,participant_14/high_knee_run_2020-08-20--19-34-28.json,351,participant_14,3
high_knee_run,participant_14,participant_14/high_knee_run_2020-08-20--19-34-28.json,364,participant_14,3
high_knee_run,participant_14,participant_14/high_knee_run_2020-08-20--19-34-28.json,377,participant_14,3
high_knee_run,participant_14,participant_14/high_knee_run_2020-08-20--19-34-28.json,390,participant_14,3
high_knee_run,participant_14,participant_14/high_knee_run_2020-08-20--19-34-28.json,403,participant_14,3
high_knee_run,participant_14,participant_14/high_knee_run_2020-08-20--19-34-28.json,416,participant_14,3
high_knee_run,participant_14,participant_14/high_knee_run_2020-08-20--19-34-28.json,429,participant_14,3
high_knee_run,participant_14,participant_14/high_knee_run_2020-08-20--19-34-28.json,442,participant_14,3
high_knee_run,participant_14,participant_14/high_knee_run_2020-08-20--19-34-28.json,455,participant_14,3
high_knee_run,participant_14,participant_14/high_knee_run_2020-08-20--19-34-28.json,468,participant_14,3
running,participant_14,participant_14/running_2020-08-20--19-32-56.json,0,participant_14,4
running,participant_14,participant_14/running_2020-08-20--19-32-56.json,13,participant_14,4
running,participant_14,participant_14/running_2020-08-20--19-32-56.json,26,participant_14,4
running,participant_14,participant_14/running_2020-08-20--19-32-56.json,39,participant_14,4
running,participant_14,participant_14/running_2020-08-20--19-32-56.json,52,participant_14,4
running,participant_14,participant_14/running_2020-08-20--19-32-56.json,65,participant_14,4
running,participant_14,participant_14/running_2020-08-20--19-32-56.json,78,participant_14,4
running,participant_14,participant_14/running_2020-08-20--19-32-56.json,91,participant_14,4
running,participant_14,participant_14/running_2020-08-20--19-32-56.json,104,participant_14,4
running,participant_14,participant_14/running_2020-08-20--19-32-56.json,117,participant_14,4
running,participant_14,participant_14/running_2020-08-20--19-32-56.json,130,participant_14,4
running,participant_14,participant_14/running_2020-08-20--19-32-56.json,143,participant_14,4
running,participant_14,participant_14/running_2020-08-20--19-32-56.json,156,participant_14,4
running,participant_14,participant_14/running_2020-08-20--19-32-56.json,169,participant_14,4
running,participant_14,participant_14/running_2020-08-20--19-32-56.json,182,participant_14,4
running,participant_14,participant_14/running_2020-08-20--19-32-56.json,195,participant_14,4
running,participant_14,participant_14/running_2020-08-20--19-32-56.json,208,participant_14,4
running,participant_14,participant_14/running_2020-08-20--19-32-56.json,221,participant_14,4
running,participant_14,participant_14/running_2020-08-20--19-32-56.json,234,participant_14,4
running,participant_14,participant_14/running_2020-08-20--19-32-56.json,247,participant_14,4
running,participant_14,participant_14/running_2020-08-20--19-32-56.json,260,participant_14,4
running,participant_14,participant_14/running_2020-08-20--19-32-56.json,273,participant_14,4
running,participant_14,participant_14/running_2020-08-20--19-32-56.json,286,participant_14,4
running,participant_14,participant_14/running_2020-08-20--19-32-56.json,299,participant_14,4
running,participant_14,participant_14/running_2020-08-20--19-32-56.json,312,participant_14,4
running,participant_14,participant_14/running_2020-08-20--19-32-56.json,325,participant_14,4
running,participant_14,participant_14/running_2020-08-20--19-32-56.json,338,participant_14,4
running,participant_14,participant_14/running_2020-08-20--19-32-56.json,351,participant_14,4
running,participant_14,participant_14/running_2020-08-20--19-32-56.json,364,participant_14,4
running,participant_14,participant_14/running_2020-08-20--19-32-56.json,377,participant_14,4
running,participant_14,participant_14/running_2020-08-20--19-32-56.json,390,participant_14,4
running,participant_14,participant_14/running_2020-08-20--19-32-56.json,403,participant_14,4
running,participant_14,participant_14/running_2020-08-20--19-32-56.json,416,participant_14,4
running,participant_14,participant_14/running_2020-08-20--19-32-56.json,429,participant_14,4
running,participant_14,participant_14/running_2020-08-20--19-32-56.json,442,participant_14,4
running,participant_14,participant_14/running_2020-08-20--19-32-56.json,455,participant_14,4
running,participant_14,participant_14/running_2020-08-20--19-32-56.json,468,participant_14,4
sideskips_left,participant_14,participant_14/sideskips_left_2020-08-20--19-33-40.json,0,participant_14,5
sideskips_left,participant_14,participant_14/sideskips_left_2020-08-20--19-33-40.json,13,participant_14,5
sideskips_left,participant_14,participant_14/sideskips_left_2020-08-20--19-33-40.json,26,participant_14,5
sideskips_left,participant_14,participant_14/sideskips_left_2020-08-20--19-33-40.json,39,participant_14,5
sideskips_left,participant_14,participant_14/sideskips_left_2020-08-20--19-33-40.json,52,participant_14,5
sideskips_left,participant_14,participant_14/sideskips_left_2020-08-20--19-33-40.json,65,participant_14,5
sideskips_left,participant_14,participant_14/sideskips_left_2020-08-20--19-33-40.json,78,participant_14,5
sideskips_left,participant_14,participant_14/sideskips_left_2020-08-20--19-33-40.json,91,participant_14,5
sideskips_left,participant_14,participant_14/sideskips_left_2020-08-20--19-33-40.json,104,participant_14,5
sideskips_left,participant_14,participant_14/sideskips_left_2020-08-20--19-33-40.json,117,participant_14,5
sideskips_left,participant_14,participant_14/sideskips_left_2020-08-20--19-33-40.json,130,participant_14,5
sideskips_left,participant_14,participant_14/sideskips_left_2020-08-20--19-33-40.json,143,participant_14,5
sideskips_left,participant_14,participant_14/sideskips_left_2020-08-20--19-33-40.json,156,participant_14,5
sideskips_left,participant_14,participant_14/sideskips_left_2020-08-20--19-33-40.json,169,participant_14,5
sideskips_left,participant_14,participant_14/sideskips_left_2020-08-20--19-33-40.json,182,participant_14,5
sideskips_left,participant_14,participant_14/sideskips_left_2020-08-20--19-33-40.json,195,participant_14,5
sideskips_left,participant_14,participant_14/sideskips_left_2020-08-20--19-33-40.json,208,participant_14,5
sideskips_left,participant_14,participant_14/sideskips_left_2020-08-20--19-33-40.json,221,participant_14,5
sideskips_left,participant_14,participant_14/sideskips_left_2020-08-20--19-33-40.json,234,participant_14,5
sideskips_left,participant_14,participant_14/sideskips_left_2020-08-20--19-33-40.json,247,participant_14,5
sideskips_left,participant_14,participant_14/sideskips_left_2020-08-20--19-33-40.json,260,participant_14,5
sideskips_left,participant_14,participant_14/sideskips_left_2020-08-20--19-33-40.json,273,participant_14,5
sideskips_left,participant_14,participant_14/sideskips_left_2020-08-20--19-33-40.json,286,participant_14,5
sideskips_left,participant_14,participant_14/sideskips_left_2020-08-20--19-33-40.json,299,participant_14,5
sideskips_left,participant_14,participant_14/sideskips_left_2020-08-20--19-33-40.json,312,participant_14,5
sideskips_left,participant_14,participant_14/sideskips_left_2020-08-20--19-33-40.json,325,participant_14,5
sideskips_left,participant_14,participant_14/sideskips_left_2020-08-20--19-33-40.json,338,participant_14,5
sideskips_left,participant_14,participant_14/sideskips_left_2020-08-20--19-33-40.json,351,participant_14,5
sideskips_left,participant_14,participant_14/sideskips_left_2020-08-20--19-33-40.json,364,participant_14,5
sideskips_left,participant_14,participant_14/sideskips_left_2020-08-20--19-33-40.json,377,participant_14,5
sideskips_left,participant_14,participant_14/sideskips_left_2020-08-20--19-33-40.json,390,participant_14,5
sideskips_left,participant_14,participant_14/sideskips_left_2020-08-20--19-33-40.json,403,participant_14,5
sideskips_left,participant_14,participant_14/sideskips_left_2020-08-20--19-33-40.json,416,participant_14,5
sideskips_left,participant_14,participant_14/sideskips_left_2020-08-20--19-33-40.json,429,participant_14,5
sideskips_left,participant_14,participant_14/sideskips_left_2020-08-20--19-33-40.json,442,participant_14,5
sideskips_left,participant_14,participant_14/sideskips_left_2020-08-20--19-33-40.json,455,participant_14,5
sideskips_left,participant_14,participant_14/sideskips_left_2020-08-20--19-33-40.json,468,participant_14,5
sideskips_right,participant_14,participant_14/sideskips_right_2020-08-20--19-33-17.json,0,participant_14,6
sideskips_right,participant_14,participant_14/sideskips_right_2020-08-20--19-33-17.json,13,participant_14,6
sideskips_right,participant_14,participant_14/sideskips_right_2020-08-20--19-33-17.json,26,participant_14,6
sideskips_right,participant_14,participant_14/sideskips_right_2020-08-20--19-33-17.json,39,participant_14,6
sideskips_right,participant_14,participant_14/sideskips_right_2020-08-20--19-33-17.json,52,participant_14,6
sideskips_right,participant_14,participant_14/sideskips_right_2020-08-20--19-33-17.json,65,participant_14,6
sideskips_right,participant_14,participant_14/sideskips_right_2020-08-20--19-33-17.json,78,participant_14,6
sideskips_right,participant_14,participant_14/sideskips_right_2020-08-20--19-33-17.json,91,participant_14,6
sideskips_right,participant_14,participant_14/sideskips_right_2020-08-20--19-33-17.json,104,participant_14,6
sideskips_right,participant_14,participant_14/sideskips_right_2020-08-20--19-33-17.json,117,participant_14,6
sideskips_right,participant_14,participant_14/sideskips_right_2020-08-20--19-33-17.json,130,participant_14,6
sideskips_right,participant_14,participant_14/sideskips_right_2020-08-20--19-33-17.json,143,participant_14,6
sideskips_right,participant_14,participant_14/sideskips_right_2020-08-20--19-33-17.json,156,participant_14,6
sideskips_right,participant_14,participant_14/sideskips_right_2020-08-20--19-33-17.json,169,participant_14,6
sideskips_right,participant_14,participant_14/sideskips_right_2020-08-20--19-33-17.json,182,participant_14,6
sideskips_right,participant_14,participant_14/sideskips_right_2020-08-20--19-33-17.json,195,participant_14,6
sideskips_right,participant_14,participant_14/sideskips_right_2020-08-20--19-33-17.json,208,participant_14,6
sideskips_right,participant_14,participant_14/sideskips_right_2020-08-20--19-33-17.json,221,participant_14,6
sideskips_right,participant_14,participant_14/sideskips_right_2020-08-20--19-33-17.json,234,participant_14,6
sideskips_right,participant_14,participant_14/sideskips_right_2020-08-20--19-33-17.json,247,participant_14,6
sideskips_right,participant_14,participant_14/sideskips_right_2020-08-20--19-33-17.json,260,participant_14,6
sideskips_right,participant_14,participant_14/sideskips_right_2020-08-20--19-33-17.json,273,participant_14,6
sideskips_right,participant_14,participant_14/sideskips_right_2020-08-20--19-33-17.json,286,participant_14,6
sideskips_right,participant_14,participant_14/sideskips_right_2020-08-20--19-33-17.json,299,participant_14,6
sideskips_right,participant_14,participant_14/sideskips_right_2020-08-20--19-33-17.json,312,participant_14,6
sideskips_right,participant_14,participant_14/sideskips_right_2020-08-20--19-33-17.json,325,participant_14,6
sideskips_right,participant_14,participant_14/sideskips_right_2020-08-20--19-33-17.json,338,participant_14,6
sideskips_right,participant_14,participant_14/sideskips_right_2020-08-20--19-33-17.json,351,participant_14,6
sideskips_right,participant_14,participant_14/sideskips_right_2020-08-20--19-33-17.json,364,participant_14,6
sideskips_right,participant_14,participant_14/sideskips_right_2020-08-20--19-33-17.json,377,participant_14,6
sideskips_right,participant_14,participant_14/sideskips_right_2020-08-20--19-33-17.json,390,participant_14,6
sideskips_right,participant_14,participant_14/sideskips_right_2020-08-20--19-33-17.json,403,participant_14,6
sideskips_right,participant_14,participant_14/sideskips_right_2020-08-20--19-33-17.json,416,participant_14,6
sideskips_right,participant_14,participant_14/sideskips_right_2020-08-20--19-33-17.json,429,participant_14,6
sideskips_right,participant_14,participant_14/sideskips_right_2020-08-20--19-33-17.json,442,participant_14,6
sideskips_right,participant_14,participant_14/sideskips_right_2020-08-20--19-33-17.json,455,participant_14,6
sideskips_right,participant_14,participant_14/sideskips_right_2020-08-20--19-33-17.json,468,participant_14,6
carioca_left,participant_15,participant_15/carioca_left_2020-07-30--19-33-50.json,0,participant_15,0
carioca_left,participant_15,participant_15/carioca_left_2020-07-30--19-33-50.json,13,participant_15,0
carioca_left,participant_15,participant_15/carioca_left_2020-07-30--19-33-50.json,26,participant_15,0
carioca_left,participant_15,participant_15/carioca_left_2020-07-30--19-33-50.json,39,participant_15,0
carioca_left,participant_15,participant_15/carioca_left_2020-07-30--19-33-50.json,52,participant_15,0
carioca_left,participant_15,participant_15/carioca_left_2020-07-30--19-33-50.json,65,participant_15,0
carioca_left,participant_15,participant_15/carioca_left_2020-07-30--19-33-50.json,78,participant_15,0
carioca_left,participant_15,participant_15/carioca_left_2020-07-30--19-33-50.json,91,participant_15,0
carioca_left,participant_15,participant_15/carioca_left_2020-07-30--19-33-50.json,104,participant_15,0
carioca_left,participant_15,participant_15/carioca_left_2020-07-30--19-33-50.json,117,participant_15,0
carioca_left,participant_15,participant_15/carioca_left_2020-07-30--19-33-50.json,130,participant_15,0
carioca_left,participant_15,participant_15/carioca_left_2020-07-30--19-33-50.json,143,participant_15,0
carioca_left,participant_15,participant_15/carioca_left_2020-07-30--19-33-50.json,156,participant_15,0
carioca_left,participant_15,participant_15/carioca_left_2020-07-30--19-33-50.json,169,participant_15,0
carioca_left,participant_15,participant_15/carioca_left_2020-07-30--19-33-50.json,182,participant_15,0
carioca_left,participant_15,participant_15/carioca_left_2020-07-30--19-33-50.json,195,participant_15,0
carioca_left,participant_15,participant_15/carioca_left_2020-07-30--19-33-50.json,208,participant_15,0
carioca_left,participant_15,participant_15/carioca_left_2020-07-30--19-33-50.json,221,participant_15,0
carioca_left,participant_15,participant_15/carioca_left_2020-07-30--19-33-50.json,234,participant_15,0
carioca_left,participant_15,participant_15/carioca_left_2020-07-30--19-33-50.json,247,participant_15,0
carioca_left,participant_15,participant_15/carioca_left_2020-07-30--19-33-50.json,260,participant_15,0
carioca_left,participant_15,participant_15/carioca_left_2020-07-30--19-33-50.json,273,participant_15,0
carioca_left,participant_15,participant_15/carioca_left_2020-07-30--19-33-50.json,286,participant_15,0
carioca_left,participant_15,participant_15/carioca_left_2020-07-30--19-33-50.json,299,participant_15,0
carioca_left,participant_15,participant_15/carioca_left_2020-07-30--19-33-50.json,312,participant_15,0
carioca_left,participant_15,participant_15/carioca_left_2020-07-30--19-33-50.json,325,participant_15,0
carioca_left,participant_15,participant_15/carioca_left_2020-07-30--19-33-50.json,338,participant_15,0
carioca_left,participant_15,participant_15/carioca_left_2020-07-30--19-33-50.json,351,participant_15,0
carioca_left,participant_15,participant_15/carioca_left_2020-07-30--19-33-50.json,364,participant_15,0
carioca_left,participant_15,participant_15/carioca_left_2020-07-30--19-33-50.json,377,participant_15,0
carioca_left,participant_15,participant_15/carioca_left_2020-07-30--19-33-50.json,390,participant_15,0
carioca_left,participant_15,participant_15/carioca_left_2020-07-30--19-33-50.json,403,participant_15,0
carioca_left,participant_15,participant_15/carioca_left_2020-07-30--19-33-50.json,416,participant_15,0
carioca_left,participant_15,participant_15/carioca_left_2020-07-30--19-33-50.json,429,participant_15,0
carioca_left,participant_15,participant_15/carioca_left_2020-07-30--19-33-50.json,442,participant_15,0
carioca_left,participant_15,participant_15/carioca_left_2020-07-30--19-33-50.json,455,participant_15,0
carioca_right,participant_15,participant_15/carioca_right_2020-07-30--19-33-26.json,0,participant_15,1
carioca_right,participant_15,participant_15/carioca_right_2020-07-30--19-33-26.json,13,participant_15,1
carioca_right,participant_15,participant_15/carioca_right_2020-07-30--19-33-26.json,26,participant_15,1
carioca_right,participant_15,participant_15/carioca_right_2020-07-30--19-33-26.json,39,participant_15,1
carioca_right,participant_15,participant_15/carioca_right_2020-07-30--19-33-26.json,52,participant_15,1
carioca_right,participant_15,participant_15/carioca_right_2020-07-30--19-33-26.json,65,participant_15,1
carioca_right,participant_15,participant_15/carioca_right_2020-07-30--19-33-26.json,78,participant_15,1
carioca_right,participant_15,participant_15/carioca_right_2020-07-30--19-33-26.json,91,participant_15,1
carioca_right,participant_15,participant_15/carioca_right_2020-07-30--19-33-26.json,104,participant_15,1
carioca_right,participant_15,participant_15/carioca_right_2020-07-30--19-33-26.json,117,participant_15,1
carioca_right,participant_15,participant_15/carioca_right_2020-07-30--19-33-26.json,130,participant_15,1
carioca_right,participant_15,participant_15/carioca_right_2020-07-30--19-33-26.json,143,participant_15,1
carioca_right,participant_15,participant_15/carioca_right_2020-07-30--19-33-26.json,156,participant_15,1
carioca_right,participant_15,participant_15/carioca_right_2020-07-30--19-33-26.json,169,participant_15,1
carioca_right,participant_15,participant_15/carioca_right_2020-07-30--19-33-26.json,182,participant_15,1
carioca_right,participant_15,participant_15/carioca_right_2020-07-30--19-33-26.json,195,participant_15,1
carioca_right,participant_15,participant_15/carioca_right_2020-07-30--19-33-26.json,208,participant_15,1
carioca_right,participant_15,participant_15/carioca_right_2020-07-30--19-33-26.json,221,participant_15,1
carioca_right,participant_15,participant_15/carioca_right_2020-07-30--19-33-26.json,234,participant_15,1
carioca_right,participant_15,participant_15/carioca_right_2020-07-30--19-33-26.json,247,participant_15,1
carioca_right,participant_15,participant_15/carioca_right_2020-07-30--19-33-26.json,260,participant_15,1
carioca_right,participant_15,participant_15/carioca_right_2020-07-30--19-33-26.json,273,participant_15,1
carioca_right,participant_15,participant_15/carioca_right_2020-07-30--19-33-26.json,286,participant_15,1
carioca_right,participant_15,participant_15/carioca_right_2020-07-30--19-33-26.json,299,participant_15,1
carioca_right,participant_15,participant_15/carioca_right_2020-07-30--19-33-26.json,312,participant_15,1
carioca_right,participant_15,participant_15/carioca_right_2020-07-30--19-33-26.json,325,participant_15,1
carioca_right,participant_15,participant_15/carioca_right_2020-07-30--19-33-26.json,338,participant_15,1
carioca_right,participant_15,participant_15/carioca_right_2020-07-30--19-33-26.json,351,participant_15,1
carioca_right,participant_15,participant_15/carioca_right_2020-07-30--19-33-26.json,364,participant_15,1
carioca_right,participant_15,participant_15/carioca_right_2020-07-30--19-33-26.json,377,participant_15,1
carioca_right,participant_15,participant_15/carioca_right_2020-07-30--19-33-26.json,390,participant_15,1
carioca_right,participant_15,participant_15/carioca_right_2020-07-30--19-33-26.json,403,participant_15,1
carioca_right,participant_15,participant_15/carioca_right_2020-07-30--19-33-26.json,416,participant_15,1
carioca_right,participant_15,participant_15/carioca_right_2020-07-30--19-33-26.json,429,participant_15,1
carioca_right,participant_15,participant_15/carioca_right_2020-07-30--19-33-26.json,442,participant_15,1
carioca_right,participant_15,participant_15/carioca_right_2020-07-30--19-33-26.json,455,participant_15,1
heel_to_butt,participant_15,participant_15/heel_to_butt_2020-07-30--19-34-39.json,0,participant_15,2
heel_to_butt,participant_15,participant_15/heel_to_butt_2020-07-30--19-34-39.json,13,participant_15,2
heel_to_butt,participant_15,participant_15/heel_to_butt_2020-07-30--19-34-39.json,26,participant_15,2
heel_to_butt,participant_15,participant_15/heel_to_butt_2020-07-30--19-34-39.json,39,participant_15,2
heel_to_butt,participant_15,participant_15/heel_to_butt_2020-07-30--19-34-39.json,52,participant_15,2
heel_to_butt,participant_15,participant_15/heel_to_butt_2020-07-30--19-34-39.json,65,participant_15,2
heel_to_butt,participant_15,participant_15/heel_to_butt_2020-07-30--19-34-39.json,78,participant_15,2
heel_to_butt,participant_15,participant_15/heel_to_butt_2020-07-30--19-34-39.json,91,participant_15,2
heel_to_butt,participant_15,participant_15/heel_to_butt_2020-07-30--19-34-39.json,104,participant_15,2
heel_to_butt,participant_15,participant_15/heel_to_butt_2020-07-30--19-34-39.json,117,participant_15,2
heel_to_butt,participant_15,participant_15/heel_to_butt_2020-07-30--19-34-39.json,130,participant_15,2
heel_to_butt,participant_15,participant_15/heel_to_butt_2020-07-30--19-34-39.json,143,participant_15,2
heel_to_butt,participant_15,participant_15/heel_to_butt_2020-07-30--19-34-39.json,156,participant_15,2
heel_to_butt,participant_15,participant_15/heel_to_butt_2020-07-30--19-34-39.json,169,participant_15,2
heel_to_butt,participant_15,participant_15/heel_to_butt_2020-07-30--19-34-39.json,182,participant_15,2
heel_to_butt,participant_15,participant_15/heel_to_butt_2020-07-30--19-34-39.json,195,participant_15,2
heel_to_butt,participant_15,participant_15/heel_to_butt_2020-07-30--19-34-39.json,208,participant_15,2
heel_to_butt,participant_15,participant_15/heel_to_butt_2020-07-30--19-34-39.json,221,participant_15,2
heel_to_butt,participant_15,participant_15/heel_to_butt_2020-07-30--19-34-39.json,234,participant_15,2
heel_to_butt,participant_15,participant_15/heel_to_butt_2020-07-30--19-34-39.json,247,participant_15,2
heel_to_butt,participant_15,participant_15/heel_to_butt_2020-07-30--19-34-39.json,260,participant_15,2
heel_to_butt,participant_15,participant_15/heel_to_butt_2020-07-30--19-34-39.json,273,participant_15,2
heel_to_butt,participant_15,participant_15/heel_to_butt_2020-07-30--19-34-39.json,286,participant_15,2
heel_to_butt,participant_15,participant_15/heel_to_butt_2020-07-30--19-34-39.json,299,participant_15,2
heel_to_butt,participant_15,participant_15/heel_to_butt_2020-07-30--19-34-39.json,312,participant_15,2
heel_to_butt,participant_15,participant_15/heel_to_butt_2020-07-30--19-34-39.json,325,participant_15,2
heel_to_butt,participant_15,participant_15/heel_to_butt_2020-07-30--19-34-39.json,338,participant_15,2
heel_to_butt,participant_15,participant_15/heel_to_butt_2020-07-30--19-34-39.json,351,participant_15,2
heel_to_butt,participant_15,participant_15/heel_to_butt_2020-07-30--19-34-39.json,364,participant_15,2
heel_to_butt,participant_15,participant_15/heel_to_butt_2020-07-30--19-34-39.json,377,participant_15,2
heel_to_butt,participant_15,participant_15/heel_to_butt_2020-07-30--19-34-39.json,390,participant_15,2
heel_to_butt,participant_15,participant_15/heel_to_butt_2020-07-30--19-34-39.json,403,participant_15,2
heel_to_butt,participant_15,participant_15/heel_to_butt_2020-07-30--19-34-39.json,416,participant_15,2
heel_to_butt,participant_15,participant_15/heel_to_butt_2020-07-30--19-34-39.json,429,participant_15,2
heel_to_butt,participant_15,participant_15/heel_to_butt_2020-07-30--19-34-39.json,442,participant_15,2
heel_to_butt,participant_15,participant_15/heel_to_butt_2020-07-30--19-34-39.json,455,participant_15,2
high_knee_run,participant_15,participant_15/high_knee_run_2020-07-30--19-34-15.json,0,participant_15,3
high_knee_run,participant_15,participant_15/high_knee_run_2020-07-30--19-34-15.json,13,participant_15,3
high_knee_run,participant_15,participant_15/high_knee_run_2020-07-30--19-34-15.json,26,participant_15,3
high_knee_run,participant_15,participant_15/high_knee_run_2020-07-30--19-34-15.json,39,participant_15,3
high_knee_run,participant_15,participant_15/high_knee_run_2020-07-30--19-34-15.json,52,participant_15,3
high_knee_run,participant_15,participant_15/high_knee_run_2020-07-30--19-34-15.json,65,participant_15,3
high_knee_run,participant_15,participant_15/high_knee_run_2020-07-30--19-34-15.json,78,participant_15,3
high_knee_run,participant_15,participant_15/high_knee_run_2020-07-30--19-34-15.json,91,participant_15,3
high_knee_run,participant_15,participant_15/high_knee_run_2020-07-30--19-34-15.json,104,participant_15,3
high_knee_run,participant_15,participant_15/high_knee_run_2020-07-30--19-34-15.json,117,participant_15,3
high_knee_run,participant_15,participant_15/high_knee_run_2020-07-30--19-34-15.json,130,participant_15,3
high_knee_run,participant_15,participant_15/high_knee_run_2020-07-30--19-34-15.json,143,participant_15,3
high_knee_run,participant_15,participant_15/high_knee_run_2020-07-30--19-34-15.json,156,participant_15,3
high_knee_run,participant_15,participant_15/high_knee_run_2020-07-30--19-34-15.json,169,participant_15,3
high_knee_run,participant_15,participant_15/high_knee_run_2020-07-30--19-34-15.json,182,participant_15,3
high_knee_run,participant_15,participant_15/high_knee_run_2020-07-30--19-34-15.json,195,participant_15,3
high_knee_run,participant_15,participant_15/high_knee_run_2020-07-30--19-34-15.json,208,participant_15,3
high_knee_run,participant_15,participant_15/high_knee_run_2020-07-30--19-34-15.json,221,participant_15,3
high_knee_run,participant_15,participant_15/high_knee_run_2020-07-30--19-34-15.json,234,participant_15,3
high_knee_run,participant_15,participant_15/high_knee_run_2020-07-30--19-34-15.json,247,participant_15,3
high_knee_run,participant_15,participant_15/high_knee_run_2020-07-30--19-34-15.json,260,participant_15,3
high_knee_run,participant_15,participant_15/high_knee_run_2020-07-30--19-34-15.json,273,participant_15,3
high_knee_run,participant_15,participant_15/high_knee_run_2020-07-30--19-34-15.json,286,participant_15,3
high_knee_run,participant_15,participant_15/high_knee_run_2020-07-30--19-34-15.json,299,participant_15,3
high_knee_run,participant_15,participant_15/high_knee_run_2020-07-30--19-34-15.json,312,participant_15,3
high_knee_run,participant_15,participant_15/high_knee_run_2020-07-30--19-34-15.json,325,participant_15,3
high_knee_run,participant_15,participant_15/high_knee_run_2020-07-30--19-34-15.json,338,participant_15,3
high_knee_run,participant_15,participant_15/high_knee_run_2020-07-30--19-34-15.json,351,participant_15,3
high_knee_run,participant_15,participant_15/high_knee_run_2020-07-30--19-34-15.json,364,participant_15,3
high_knee_run,participant_15,participant_15/high_knee_run_2020-07-30--19-34-15.json,377,participant_15,3
high_knee_run,participant_15,participant_15/high_knee_run_2020-07-30--19-34-15.json,390,participant_15,3
high_knee_run,participant_15,participant_15/high_knee_run_2020-07-30--19-34-15.json,403,participant_15,3
high_knee_run,participant_15,participant_15/high_knee_run_2020-07-30--19-34-15.json,416,participant_15,3
high_knee_run,participant_15,participant_15/high_knee_run_2020-07-30--19-34-15.json,429,participant_15,3
high_knee_run,participant_15,participant_15/high_knee_run_2020-07-30--19-34-15.json,442,participant_15,3
high_knee_run,participant_15,participant_15/high_knee_run_2020-07-30--19-34-15.json,455,participant_15,3
running,participant_15,participant_15/running_2020-07-30--19-32-10.json,0,participant_15,4
running,participant_15,participant_15/running_2020-07-30--19-32-10.json,13,participant_15,4
running,participant_15,participant_15/running_2020-07-30--19-32-10.json,26,participant_15,4
running,participant_15,participant_15/running_2020-07-30--19-32-10.json,39,participant_15,4
running,participant_15,participant_15/running_2020-07-30--19-32-10.json,52,participant_15,4
running,participant_15,participant_15/running_2020-07-30--19-32-10.json,65,participant_15,4
running,participant_15,participant_15/running_2020-07-30--19-32-10.json,78,participant_15,4
running,participant_15,participant_15/running_2020-07-30--19-32-10.json,91,participant_15,4
running,participant_15,participant_15/running_2020-07-30--19-32-10.json,104,participant_15,4
running,participant_15,participant_15/running_2020-07-30--19-32-10.json,117,participant_15,4
running,participant_15,participant_15/running_2020-07-30--19-32-10.json,130,participant_15,4
running,participant_15,participant_15/running_2020-07-30--19-32-10.json,143,participant_15,4
running,participant_15,participant_15/running_2020-07-30--19-32-10.json,156,participant_15,4
running,participant_15,participant_15/running_2020-07-30--19-32-10.json,169,participant_15,4
running,participant_15,participant_15/running_2020-07-30--19-32-10.json,182,participant_15,4
running,participant_15,participant_15/running_2020-07-30--19-32-10.json,195,participant_15,4
running,participant_15,participant_15/running_2020-07-30--19-32-10.json,208,participant_15,4
running,participant_15,participant_15/running_2020-07-30--19-32-10.json,221,participant_15,4
running,participant_15,participant_15/running_2020-07-30--19-32-10.json,234,participant_15,4
running,participant_15,participant_15/running_2020-07-30--19-32-10.json,247,participant_15,4
running,participant_15,participant_15/running_2020-07-30--19-32-10.json,260,participant_15,4
running,participant_15,participant_15/running_2020-07-30--19-32-10.json,273,participant_15,4
running,participant_15,participant_15/running_2020-07-30--19-32-10.json,286,participant_15,4
running,participant_15,participant_15/running_2020-07-30--19-32-10.json,299,participant_15,4
running,participant_15,participant_15/running_2020-07-30--19-32-10.json,312,participant_15,4
running,participant_15,participant_15/running_2020-07-30--19-32-10.json,325,participant_15,4
running,participant_15,participant_15/running_2020-07-30--19-32-10.json,338,participant_15,4
running,participant_15,participant_15/running_2020-07-30--19-32-10.json,351,participant_15,4
running,participant_15,participant_15/running_2020-07-30--19-32-10.json,364,participant_15,4
running,participant_15,participant_15/running_2020-07-30--19-32-10.json,377,participant_15,4
running,participant_15,participant_15/running_2020-07-30--19-32-10.json,390,participant_15,4
running,participant_15,participant_15/running_2020-07-30--19-32-10.json,403,participant_15,4
running,participant_15,participant_15/running_2020-07-30--19-32-10.json,416,participant_15,4
running,participant_15,participant_15/running_2020-07-30--19-32-10.json,429,participant_15,4
running,participant_15,participant_15/running_2020-07-30--19-32-10.json,442,participant_15,4
running,participant_15,participant_15/running_2020-07-30--19-32-10.json,455,participant_15,4
sideskips_left,participant_15,participant_15/sideskips_left_2020-07-30--19-32-59.json,0,participant_15,5
sideskips_left,participant_15,participant_15/sideskips_left_2020-07-30--19-32-59.json,13,participant_15,5
sideskips_left,participant_15,participant_15/sideskips_left_2020-07-30--19-32-59.json,26,participant_15,5
sideskips_left,participant_15,participant_15/sideskips_left_2020-07-30--19-32-59.json,39,participant_15,5
sideskips_left,participant_15,participant_15/sideskips_left_2020-07-30--19-32-59.json,52,participant_15,5
sideskips_left,participant_15,participant_15/sideskips_left_2020-07-30--19-32-59.json,65,participant_15,5
sideskips_left,participant_15,participant_15/sideskips_left_2020-07-30--19-32-59.json,78,participant_15,5
sideskips_left,participant_15,participant_15/sideskips_left_2020-07-30--19-32-59.json,91,participant_15,5
sideskips_left,participant_15,participant_15/sideskips_left_2020-07-30--19-32-59.json,104,participant_15,5
sideskips_left,participant_15,participant_15/sideskips_left_2020-07-30--19-32-59.json,117,participant_15,5
sideskips_left,participant_15,participant_15/sideskips_left_2020-07-30--19-32-59.json,130,participant_15,5
sideskips_left,participant_15,participant_15/sideskips_left_2020-07-30--19-32-59.json,143,participant_15,5
sideskips_left,participant_15,participant_15/sideskips_left_2020-07-30--19-32-59.json,156,participant_15,5
sideskips_left,participant_15,participant_15/sideskips_left_2020-07-30--19-32-59.json,169,participant_15,5
sideskips_left,participant_15,participant_15/sideskips_left_2020-07-30--19-32-59.json,182,participant_15,5
sideskips_left,participant_15,participant_15/sideskips_left_2020-07-30--19-32-59.json,195,participant_15,5
sideskips_left,participant_15,participant_15/sideskips_left_2020-07-30--19-32-59.json,208,participant_15,5
sideskips_left,participant_15,participant_15/sideskips_left_2020-07-30--19-32-59.json,221,participant_15,5
sideskips_left,participant_15,participant_15/sideskips_left_2020-07-30--19-32-59.json,234,participant_15,5
sideskips_left,participant_15,participant_15/sideskips_left_2020-07-30--19-32-59.json,247,participant_15,5
sideskips_left,participant_15,participant_15/sideskips_left_2020-07-30--19-32-59.json,260,participant_15,5
sideskips_left,participant_15,participant_15/sideskips_left_2020-07-30--19-32-59.json,273,participant_15,5
sideskips_left,participant_15,participant_15/sideskips_left_2020-07-30--19-32-59.json,286,participant_15,5
sideskips_left,participant_15,participant_15/sideskips_left_2020-07-30--19-32-59.json,299,participant_15,5
sideskips_left,participant_15,participant_15/sideskips_left_2020-07-30--19-32-59.json,312,participant_15,5
sideskips_left,participant_15,participant_15/sideskips_left_2020-07-30--19-32-59.json,325,participant_15,5
sideskips_left,participant_15,participant_15/sideskips_left_2020-07-30--19-32-59.json,338,participant_15,5
sideskips_left,participant_15,participant_15/sideskips_left_2020-07-30--19-32-59.json,351,participant_15,5
sideskips_left,participant_15,participant_15/sideskips_left_2020-07-30--19-32-59.json,364,participant_15,5
sideskips_left,participant_15,participant_15/sideskips_left_2020-07-30--19-32-59.json,377,participant_15,5
sideskips_left,participant_15,participant_15/sideskips_left_2020-07-30--19-32-59.json,390,participant_15,5
sideskips_left,participant_15,participant_15/sideskips_left_2020-07-30--19-32-59.json,403,participant_15,5
sideskips_left,participant_15,participant_15/sideskips_left_2020-07-30--19-32-59.json,416,participant_15,5
sideskips_left,participant_15,participant_15/sideskips_left_2020-07-30--19-32-59.json,429,participant_15,5
sideskips_left,participant_15,participant_15/sideskips_left_2020-07-30--19-32-59.json,442,participant_15,5
sideskips_left,participant_15,participant_15/sideskips_left_2020-07-30--19-32-59.json,455,participant_15,5
sideskips_right,participant_15,participant_15/sideskips_right_2020-07-30--19-32-35.json,0,participant_15,6
sideskips_right,participant_15,participant_15/sideskips_right_2020-07-30--19-32-35.json,13,participant_15,6
sideskips_right,participant_15,participant_15/sideskips_right_2020-07-30--19-32-35.json,26,participant_15,6
sideskips_right,participant_15,participant_15/sideskips_right_2020-07-30--19-32-35.json,39,participant_15,6
sideskips_right,participant_15,participant_15/sideskips_right_2020-07-30--19-32-35.json,52,participant_15,6
sideskips_right,participant_15,participant_15/sideskips_right_2020-07-30--19-32-35.json,65,participant_15,6
sideskips_right,participant_15,participant_15/sideskips_right_2020-07-30--19-32-35.json,78,participant_15,6
sideskips_right,participant_15,participant_15/sideskips_right_2020-07-30--19-32-35.json,91,participant_15,6
sideskips_right,participant_15,participant_15/sideskips_right_2020-07-30--19-32-35.json,104,participant_15,6
sideskips_right,participant_15,participant_15/sideskips_right_2020-07-30--19-32-35.json,117,participant_15,6
sideskips_right,participant_15,participant_15/sideskips_right_2020-07-30--19-32-35.json,130,participant_15,6
sideskips_right,participant_15,participant_15/sideskips_right_2020-07-30--19-32-35.json,143,participant_15,6
sideskips_right,participant_15,participant_15/sideskips_right_2020-07-30--19-32-35.json,156,participant_15,6
sideskips_right,participant_15,participant_15/sideskips_right_2020-07-30--19-32-35.json,169,participant_15,6
sideskips_right,participant_15,participant_15/sideskips_right_2020-07-30--19-32-35.json,182,participant_15,6
sideskips_right,participant_15,participant_15/sideskips_right_2020-07-30--19-32-35.json,195,participant_15,6
sideskips_right,participant_15,participant_15/sideskips_right_2020-07-30--19-32-35.json,208,participant_15,6
sideskips_right,participant_15,participant_15/sideskips_right_2020-07-30--19-32-35.json,221,participant_15,6
sideskips_right,participant_15,participant_15/sideskips_right_2020-07-30--19-32-35.json,234,participant_15,6
sideskips_right,participant_15,participant_15/sideskips_right_2020-07-30--19-32-35.json,247,participant_15,6
sideskips_right,participant_15,participant_15/sideskips_right_2020-07-30--19-32-35.json,260,participant_15,6
sideskips_right,participant_15,participant_15/sideskips_right_2020-07-30--19-32-35.json,273,participant_15,6
sideskips_right,participant_15,participant_15/sideskips_right_2020-07-30--19-32-35.json,286,participant_15,6
sideskips_right,participant_15,participant_15/sideskips_right_2020-07-30--19-32-35.json,299,participant_15,6
sideskips_right,participant_15,participant_15/sideskips_right_2020-07-30--19-32-35.json,312,participant_15,6
sideskips_right,participant_15,participant_15/sideskips_right_2020-07-30--19-32-35.json,325,participant_15,6
sideskips_right,participant_15,participant_15/sideskips_right_2020-07-30--19-32-35.json,338,participant_15,6
sideskips_right,participant_15,participant_15/sideskips_right_2020-07-30--19-32-35.json,351,participant_15,6
sideskips_right,participant_15,participant_15/sideskips_right_2020-07-30--19-32-35.json,364,participant_15,6
sideskips_right,participant_15,participant_15/sideskips_right_2020-07-30--19-32-35.json,377,participant_15,6
sideskips_right,participant_15,participant_15/sideskips_right_2020-07-30--19-32-35.json,390,participant_15,6
sideskips_right,participant_15,participant_15/sideskips_right_2020-07-30--19-32-35.json,403,participant_15,6
sideskips_right,participant_15,participant_15/sideskips_right_2020-07-30--19-32-35.json,416,participant_15,6
sideskips_right,participant_15,participant_15/sideskips_right_2020-07-30--19-32-35.json,429,participant_15,6
sideskips_right,participant_15,participant_15/sideskips_right_2020-07-30--19-32-35.json,442,participant_15,6
sideskips_right,participant_15,participant_15/sideskips_right_2020-07-30--19-32-35.json,455,participant_15,6
carioca_left,participant_16,participant_16/carioca_left_2020-08-06--21-19-04.json,0,participant_16,0
carioca_left,participant_16,participant_16/carioca_left_2020-08-06--21-19-04.json,13,participant_16,0
carioca_left,participant_16,participant_16/carioca_left_2020-08-06--21-19-04.json,26,participant_16,0
carioca_left,participant_16,participant_16/carioca_left_2020-08-06--21-19-04.json,39,participant_16,0
carioca_left,participant_16,participant_16/carioca_left_2020-08-06--21-19-04.json,52,participant_16,0
carioca_left,participant_16,participant_16/carioca_left_2020-08-06--21-19-04.json,65,participant_16,0
carioca_left,participant_16,participant_16/carioca_left_2020-08-06--21-19-04.json,78,participant_16,0
carioca_left,participant_16,participant_16/carioca_left_2020-08-06--21-19-04.json,91,participant_16,0
carioca_left,participant_16,participant_16/carioca_left_2020-08-06--21-19-04.json,104,participant_16,0
carioca_left,participant_16,participant_16/carioca_left_2020-08-06--21-19-04.json,117,participant_16,0
carioca_left,participant_16,participant_16/carioca_left_2020-08-06--21-19-04.json,130,participant_16,0
carioca_left,participant_16,participant_16/carioca_left_2020-08-06--21-19-04.json,143,participant_16,0
carioca_left,participant_16,participant_16/carioca_left_2020-08-06--21-19-04.json,156,participant_16,0
carioca_left,participant_16,participant_16/carioca_left_2020-08-06--21-19-04.json,169,participant_16,0
carioca_left,participant_16,participant_16/carioca_left_2020-08-06--21-19-04.json,182,participant_16,0
carioca_left,participant_16,participant_16/carioca_left_2020-08-06--21-19-04.json,195,participant_16,0
carioca_left,participant_16,participant_16/carioca_left_2020-08-06--21-19-04.json,208,participant_16,0
carioca_left,participant_16,participant_16/carioca_left_2020-08-06--21-19-04.json,221,participant_16,0
carioca_left,participant_16,participant_16/carioca_left_2020-08-06--21-19-04.json,234,participant_16,0
carioca_left,participant_16,participant_16/carioca_left_2020-08-06--21-19-04.json,247,participant_16,0
carioca_left,participant_16,participant_16/carioca_left_2020-08-06--21-19-04.json,260,participant_16,0
carioca_left,participant_16,participant_16/carioca_left_2020-08-06--21-19-04.json,273,participant_16,0
carioca_left,participant_16,participant_16/carioca_left_2020-08-06--21-19-04.json,286,participant_16,0
carioca_left,participant_16,participant_16/carioca_left_2020-08-06--21-19-04.json,299,participant_16,0
carioca_left,participant_16,participant_16/carioca_left_2020-08-06--21-19-04.json,312,participant_16,0
carioca_left,participant_16,participant_16/carioca_left_2020-08-06--21-19-04.json,325,participant_16,0
carioca_left,participant_16,participant_16/carioca_left_2020-08-06--21-19-04.json,338,participant_16,0
carioca_left,participant_16,participant_16/carioca_left_2020-08-06--21-19-04.json,351,participant_16,0
carioca_left,participant_16,participant_16/carioca_left_2020-08-06--21-19-04.json,364,participant_16,0
carioca_left,participant_16,participant_16/carioca_left_2020-08-06--21-19-04.json,377,participant_16,0
carioca_left,participant_16,participant_16/carioca_left_2020-08-06--21-19-04.json,390,participant_16,0
carioca_left,participant_16,participant_16/carioca_left_2020-08-06--21-19-04.json,403,participant_16,0
carioca_left,participant_16,participant_16/carioca_left_2020-08-06--21-19-04.json,416,participant_16,0
carioca_left,participant_16,participant_16/carioca_left_2020-08-06--21-19-04.json,429,participant_16,0
carioca_left,participant_16,participant_16/carioca_left_2020-08-06--21-19-04.json,442,participant_16,0
carioca_left,participant_16,participant_16/carioca_left_2020-08-06--21-19-04.json,455,participant_16,0
carioca_right,participant_16,participant_16/carioca_right_2020-08-06--21-18-39.json,0,participant_16,1
carioca_right,participant_16,participant_16/carioca_right_2020-08-06--21-18-39.json,13,participant_16,1
carioca_right,participant_16,participant_16/carioca_right_2020-08-06--21-18-39.json,26,participant_16,1
carioca_right,participant_16,participant_16/carioca_right_2020-08-06--21-18-39.json,39,participant_16,1
carioca_right,participant_16,participant_16/carioca_right_2020-08-06--21-18-39.json,52,participant_16,1
carioca_right,participant_16,participant_16/carioca_right_2020-08-06--21-18-39.json,65,participant_16,1
carioca_right,participant_16,participant_16/carioca_right_2020-08-06--21-18-39.json,78,participant_16,1
carioca_right,participant_16,participant_16/carioca_right_2020-08-06--21-18-39.json,91,participant_16,1
carioca_right,participant_16,participant_16/carioca_right_2020-08-06--21-18-39.json,104,participant_16,1
carioca_right,participant_16,participant_16/carioca_right_2020-08-06--21-18-39.json,117,participant_16,1
carioca_right,participant_16,participant_16/carioca_right_2020-08-06--21-18-39.json,130,participant_16,1
carioca_right,participant_16,participant_16/carioca_right_2020-08-06--21-18-39.json,143,participant_16,1
carioca_right,participant_16,participant_16/carioca_right_2020-08-06--21-18-39.json,156,participant_16,1
carioca_right,participant_16,participant_16/carioca_right_2020-08-06--21-18-39.json,169,participant_16,1
carioca_right,participant_16,participant_16/carioca_right_2020-08-06--21-18-39.json,182,participant_16,1
carioca_right,participant_16,participant_16/carioca_right_2020-08-06--21-18-39.json,195,participant_16,1
carioca_right,participant_16,participant_16/carioca_right_2020-08-06--21-18-39.json,208,participant_16,1
carioca_right,participant_16,participant_16/carioca_right_2020-08-06--21-18-39.json,221,participant_16,1
carioca_right,participant_16,participant_16/carioca_right_2020-08-06--21-18-39.json,234,participant_16,1
carioca_right,participant_16,participant_16/carioca_right_2020-08-06--21-18-39.json,247,participant_16,1
carioca_right,participant_16,participant_16/carioca_right_2020-08-06--21-18-39.json,260,participant_16,1
carioca_right,participant_16,participant_16/carioca_right_2020-08-06--21-18-39.json,273,participant_16,1
carioca_right,participant_16,participant_16/carioca_right_2020-08-06--21-18-39.json,286,participant_16,1
carioca_right,participant_16,participant_16/carioca_right_2020-08-06--21-18-39.json,299,participant_16,1
carioca_right,participant_16,participant_16/carioca_right_2020-08-06--21-18-39.json,312,participant_16,1
carioca_right,participant_16,participant_16/carioca_right_2020-08-06--21-18-39.json,325,participant_16,1
carioca_right,participant_16,participant_16/carioca_right_2020-08-06--21-18-39.json,338,participant_16,1
carioca_right,participant_16,participant_16/carioca_right_2020-08-06--21-18-39.json,351,participant_16,1
carioca_right,participant_16,participant_16/carioca_right_2020-08-06--21-18-39.json,364,participant_16,1
carioca_right,participant_16,participant_16/carioca_right_2020-08-06--21-18-39.json,377,participant_16,1
carioca_right,participant_16,participant_16/carioca_right_2020-08-06--21-18-39.json,390,participant_16,1
carioca_right,participant_16,participant_16/carioca_right_2020-08-06--21-18-39.json,403,participant_16,1
carioca_right,participant_16,participant_16/carioca_right_2020-08-06--21-18-39.json,416,participant_16,1
carioca_right,participant_16,participant_16/carioca_right_2020-08-06--21-18-39.json,429,participant_16,1
carioca_right,participant_16,participant_16/carioca_right_2020-08-06--21-18-39.json,442,participant_16,1
carioca_right,participant_16,participant_16/carioca_right_2020-08-06--21-18-39.json,455,participant_16,1
heel_to_butt,participant_16,participant_16/heel_to_butt_2020-08-06--21-17-48.json,0,participant_16,2
heel_to_butt,participant_16,participant_16/heel_to_butt_2020-08-06--21-17-48.json,13,participant_16,2
heel_to_butt,participant_16,participant_16/heel_to_butt_2020-08-06--21-17-48.json,26,participant_16,2
heel_to_butt,participant_16,participant_16/heel_to_butt_2020-08-06--21-17-48.json,39,participant_16,2
heel_to_butt,participant_16,participant_16/heel_to_butt_2020-08-06--21-17-48.json,52,participant_16,2
heel_to_butt,participant_16,participant_16/heel_to_butt_2020-08-06--21-17-48.json,65,participant_16,2
heel_to_butt,participant_16,participant_16/heel_to_butt_2020-08-06--21-17-48.json,78,participant_16,2
heel_to_butt,participant_16,participant_16/heel_to_butt_2020-08-06--21-17-48.json,91,participant_16,2
heel_to_butt,participant_16,participant_16/heel_to_butt_2020-08-06--21-17-48.json,104,participant_16,2
heel_to_butt,participant_16,participant_16/heel_to_butt_2020-08-06--21-17-48.json,117,participant_16,2
heel_to_butt,participant_16,participant_16/heel_to_butt_2020-08-06--21-17-48.json,130,participant_16,2
heel_to_butt,participant_16,participant_16/heel_to_butt_2020-08-06--21-17-48.json,143,participant_16,2
heel_to_butt,participant_16,participant_16/heel_to_butt_2020-08-06--21-17-48.json,156,participant_16,2
heel_to_butt,participant_16,participant_16/heel_to_butt_2020-08-06--21-17-48.json,169,participant_16,2
heel_to_butt,participant_16,participant_16/heel_to_butt_2020-08-06--21-17-48.json,182,participant_16,2
heel_to_butt,participant_16,participant_16/heel_to_butt_2020-08-06--21-17-48.json,195,participant_16,2
heel_to_butt,participant_16,participant_16/heel_to_butt_2020-08-06--21-17-48.json,208,participant_16,2
heel_to_butt,participant_16,participant_16/heel_to_butt_2020-08-06--21-17-48.json,221,participant_16,2
heel_to_butt,participant_16,participant_16/heel_to_butt_2020-08-06--21-17-48.json,234,participant_16,2
heel_to_butt,participant_16,participant_16/heel_to_butt_2020-08-06--21-17-48.json,247,participant_16,2
heel_to_butt,participant_16,participant_16/heel_to_butt_2020-08-06--21-17-48.json,260,participant_16,2
heel_to_butt,participant_16,participant_16/heel_to_butt_2020-08-06--21-17-48.json,273,participant_16,2
heel_to_butt,participant_16,participant_16/heel_to_butt_2020-08-06--21-17-48.json,286,participant_16,2
heel_to_butt,participant_16,participant_16/heel_to_butt_2020-08-06--21-17-48.json,299,participant_16,2
heel_to_butt,participant_16,participant_16/heel_to_butt_2020-08-06--21-17-48.json,312,participant_16,2
heel_to_butt,participant_16,participant_16/heel_to_butt_2020-08-06--21-17-48.json,325,participant_16,2
heel_to_butt,participant_16,participant_16/heel_to_butt_2020-08-06--21-17-48.json,338,participant_16,2
heel_to_butt,participant_16,participant_16/heel_to_butt_2020-08-06--21-17-48.json,351,participant_16,2
heel_to_butt,participant_16,participant_16/heel_to_butt_2020-08-06--21-17-48.json,364,participant_16,2
heel_to_butt,participant_16,participant_16/heel_to_butt_2020-08-06--21-17-48.json,377,participant_16,2
heel_to_butt,participant_16,participant_16/heel_to_butt_2020-08-06--21-17-48.json,390,participant_16,2
heel_to_butt,participant_16,participant_16/heel_to_butt_2020-08-06--21-17-48.json,403,participant_16,2
heel_to_butt,participant_16,participant_16/heel_to_butt_2020-08-06--21-17-48.json,416,participant_16,2
heel_to_butt,participant_16,participant_16/heel_to_butt_2020-08-06--21-17-48.json,429,participant_16,2
heel_to_butt,participant_16,participant_16/heel_to_butt_2020-08-06--21-17-48.json,442,participant_16,2
heel_to_butt,participant_16,participant_16/heel_to_butt_2020-08-06--21-17-48.json,455,participant_16,2
high_knee_run,participant_16,participant_16/high_knee_run_2020-08-06--21-18-12.json,0,participant_16,3
high_knee_run,participant_16,participant_16/high_knee_run_2020-08-06--21-18-12.json,13,participant_16,3
high_knee_run,participant_16,participant_16/high_knee_run_2020-08-06--21-18-12.json,26,participant_16,3
high_knee_run,participant_16,participant_16/high_knee_run_2020-08-06--21-18-12.json,39,participant_16,3
high_knee_run,participant_16,participant_16/high_knee_run_2020-08-06--21-18-12.json,52,participant_16,3
high_knee_run,participant_16,participant_16/high_knee_run_2020-08-06--21-18-12.json,65,participant_16,3
high_knee_run,participant_16,participant_16/high_knee_run_2020-08-06--21-18-12.json,78,participant_16,3
high_knee_run,participant_16,participant_16/high_knee_run_2020-08-06--21-18-12.json,91,participant_16,3
high_knee_run,participant_16,participant_16/high_knee_run_2020-08-06--21-18-12.json,104,participant_16,3
high_knee_run,participant_16,participant_16/high_knee_run_2020-08-06--21-18-12.json,117,participant_16,3
high_knee_run,participant_16,participant_16/high_knee_run_2020-08-06--21-18-12.json,130,participant_16,3
high_knee_run,participant_16,participant_16/high_knee_run_2020-08-06--21-18-12.json,143,participant_16,3
high_knee_run,participant_16,participant_16/high_knee_run_2020-08-06--21-18-12.json,156,participant_16,3
high_knee_run,participant_16,participant_16/high_knee_run_2020-08-06--21-18-12.json,169,participant_16,3
high_knee_run,participant_16,participant_16/high_knee_run_2020-08-06--21-18-12.json,182,participant_16,3
high_knee_run,participant_16,participant_16/high_knee_run_2020-08-06--21-18-12.json,195,participant_16,3
high_knee_run,participant_16,participant_16/high_knee_run_2020-08-06--21-18-12.json,208,participant_16,3
high_knee_run,participant_16,participant_16/high_knee_run_2020-08-06--21-18-12.json,221,participant_16,3
high_knee_run,participant_16,participant_16/high_knee_run_2020-08-06--21-18-12.json,234,participant_16,3
high_knee_run,participant_16,participant_16/high_knee_run_2020-08-06--21-18-12.json,247,participant_16,3
high_knee_run,participant_16,participant_16/high_knee_run_2020-08-06--21-18-12.json,260,participant_16,3
high_knee_run,participant_16,participant_16/high_knee_run_2020-08-06--21-18-12.json,273,participant_16,3
high_knee_run,participant_16,participant_16/high_knee_run_2020-08-06--21-18-12.json,286,participant_16,3
high_knee_run,participant_16,participant_16/high_knee_run_2020-08-06--21-18-12.json,299,participant_16,3
high_knee_run,participant_16,participant_16/high_knee_run_2020-08-06--21-18-12.json,312,participant_16,3
high_knee_run,participant_16,participant_16/high_knee_run_2020-08-06--21-18-12.json,325,participant_16,3
high_knee_run,participant_16,participant_16/high_knee_run_2020-08-06--21-18-12.json,338,participant_16,3
high_knee_run,participant_16,participant_16/high_knee_run_2020-08-06--21-18-12.json,351,participant_16,3
high_knee_run,participant_16,participant_16/high_knee_run_2020-08-06--21-18-12.json,364,participant_16,3
high_knee_run,participant_16,participant_16/high_knee_run_2020-08-06--21-18-12.json,377,participant_16,3
high_knee_run,participant_16,participant_16/high_knee_run_2020-08-06--21-18-12.json,390,participant_16,3
high_knee_run,participant_16,participant_16/high_knee_run_2020-08-06--21-18-12.json,403,participant_16,3
high_knee_run,participant_16,participant_16/high_knee_run_2020-08-06--21-18-12.json,416,participant_16,3
high_knee_run,participant_16,participant_16/high_knee_run_2020-08-06--21-18-12.json,429,participant_16,3
high_knee_run,participant_16,participant_16/high_knee_run_2020-08-06--21-18-12.json,442,participant_16,3
high_knee_run,participant_16,participant_16/high_knee_run_2020-08-06--21-18-12.json,455,participant_16,3
running,participant_16,participant_16/running_2020-08-06--21-17-27.json,0,participant_16,4
running,participant_16,participant_16/running_2020-08-06--21-17-27.json,13,participant_16,4
running,participant_16,participant_16/running_2020-08-06--21-17-27.json,26,participant_16,4
running,participant_16,participant_16/running_2020-08-06--21-17-27.json,39,participant_16,4
running,participant_16,participant_16/running_2020-08-06--21-17-27.json,52,participant_16,4
running,participant_16,participant_16/running_2020-08-06--21-17-27.json,65,participant_16,4
running,participant_16,participant_16/running_2020-08-06--21-17-27.json,78,participant_16,4
running,participant_16,participant_16/running_2020-08-06--21-17-27.json,91,participant_16,4
running,participant_16,participant_16/running_2020-08-06--21-17-27.json,104,participant_16,4
running,participant_16,participant_16/running_2020-08-06--21-17-27.json,117,participant_16,4
running,participant_16,participant_16/running_2020-08-06--21-17-27.json,130,participant_16,4
running,participant_16,participant_16/running_2020-08-06--21-17-27.json,143,participant_16,4
running,participant_16,participant_16/running_2020-08-06--21-17-27.json,156,participant_16,4
running,participant_16,participant_16/running_2020-08-06--21-17-27.json,169,participant_16,4
running,participant_16,participant_16/running_2020-08-06--21-17-27.json,182,participant_16,4
running,participant_16,participant_16/running_2020-08-06--21-17-27.json,195,participant_16,4
running,participant_16,participant_16/running_2020-08-06--21-17-27.json,208,participant_16,4
running,participant_16,participant_16/running_2020-08-06--21-17-27.json,221,participant_16,4
running,participant_16,participant_16/running_2020-08-06--21-17-27.json,234,participant_16,4
running,participant_16,participant_16/running_2020-08-06--21-17-27.json,247,participant_16,4
running,participant_16,participant_16/running_2020-08-06--21-17-27.json,260,participant_16,4
running,participant_16,participant_16/running_2020-08-06--21-17-27.json,273,participant_16,4
running,participant_16,participant_16/running_2020-08-06--21-17-27.json,286,participant_16,4
running,participant_16,participant_16/running_2020-08-06--21-17-27.json,299,participant_16,4
running,participant_16,participant_16/running_2020-08-06--21-17-27.json,312,participant_16,4
running,participant_16,participant_16/running_2020-08-06--21-17-27.json,325,participant_16,4
running,participant_16,participant_16/running_2020-08-06--21-17-27.json,338,participant_16,4
running,participant_16,participant_16/running_2020-08-06--21-17-27.json,351,participant_16,4
running,participant_16,participant_16/running_2020-08-06--21-17-27.json,364,participant_16,4
running,participant_16,participant_16/running_2020-08-06--21-17-27.json,377,participant_16,4
running,participant_16,participant_16/running_2020-08-06--21-17-27.json,390,participant_16,4
running,participant_16,participant_16/running_2020-08-06--21-17-27.json,403,participant_16,4
running,participant_16,participant_16/running_2020-08-06--21-17-27.json,416,participant_16,4
running,participant_16,participant_16/running_2020-08-06--21-17-27.json,429,participant_16,4
running,participant_16,participant_16/running_2020-08-06--21-17-27.json,442,participant_16,4
running,participant_16,participant_16/running_2020-08-06--21-17-27.json,455,participant_16,4
sideskips_left,participant_16,participant_16/sideskips_left_2020-08-06--21-19-47.json,0,participant_16,5
sideskips_left,participant_16,participant_16/sideskips_left_2020-08-06--21-19-47.json,13,participant_16,5
sideskips_left,participant_16,participant_16/sideskips_left_2020-08-06--21-19-47.json,26,participant_16,5
sideskips_left,participant_16,participant_16/sideskips_left_2020-08-06--21-19-47.json,39,participant_16,5
sideskips_left,participant_16,participant_16/sideskips_left_2020-08-06--21-19-47.json,52,participant_16,5
sideskips_left,participant_16,participant_16/sideskips_left_2020-08-06--21-19-47.json,65,participant_16,5
sideskips_left,participant_16,participant_16/sideskips_left_2020-08-06--21-19-47.json,78,participant_16,5
sideskips_left,participant_16,participant_16/sideskips_left_2020-08-06--21-19-47.json,91,participant_16,5
sideskips_left,participant_16,participant_16/sideskips_left_2020-08-06--21-19-47.json,104,participant_16,5
sideskips_left,participant_16,participant_16/sideskips_left_2020-08-06--21-19-47.json,117,participant_16,5
sideskips_left,participant_16,participant_16/sideskips_left_2020-08-06--21-19-47.json,130,participant_16,5
sideskips_left,participant_16,participant_16/sideskips_left_2020-08-06--21-19-47.json,143,participant_16,5
sideskips_left,participant_16,participant_16/sideskips_left_2020-08-06--21-19-47.json,156,participant_16,5
sideskips_left,participant_16,participant_16/sideskips_left_2020-08-06--21-19-47.json,169,participant_16,5
sideskips_left,participant_16,participant_16/sideskips_left_2020-08-06--21-19-47.json,182,participant_16,5
sideskips_left,participant_16,participant_16/sideskips_left_2020-08-06--21-19-47.json,195,participant_16,5
sideskips_left,participant_16,participant_16/sideskips_left_2020-08-06--21-19-47.json,208,participant_16,5
sideskips_left,participant_16,participant_16/sideskips_left_2020-08-06--21-19-47.json,221,participant_16,5
sideskips_left,participant_16,participant_16/sideskips_left_2020-08-06--21-19-47.json,234,participant_16,5
sideskips_left,participant_16,participant_16/sideskips_left_2020-08-06--21-19-47.json,247,participant_16,5
sideskips_left,participant_16,participant_16/sideskips_left_2020-08-06--21-19-47.json,260,participant_16,5
sideskips_left,participant_16,participant_16/sideskips_left_2020-08-06--21-19-47.json,273,participant_16,5
sideskips_left,participant_16,participant_16/sideskips_left_2020-08-06--21-19-47.json,286,participant_16,5
sideskips_left,participant_16,participant_16/sideskips_left_2020-08-06--21-19-47.json,299,participant_16,5
sideskips_left,participant_16,participant_16/sideskips_left_2020-08-06--21-19-47.json,312,participant_16,5
sideskips_left,participant_16,participant_16/sideskips_left_2020-08-06--21-19-47.json,325,participant_16,5
sideskips_left,participant_16,participant_16/sideskips_left_2020-08-06--21-19-47.json,338,participant_16,5
sideskips_left,participant_16,participant_16/sideskips_left_2020-08-06--21-19-47.json,351,participant_16,5
sideskips_left,participant_16,participant_16/sideskips_left_2020-08-06--21-19-47.json,364,participant_16,5
sideskips_left,participant_16,participant_16/sideskips_left_2020-08-06--21-19-47.json,377,participant_16,5
sideskips_left,participant_16,participant_16/sideskips_left_2020-08-06--21-19-47.json,390,participant_16,5
sideskips_left,participant_16,participant_16/sideskips_left_2020-08-06--21-19-47.json,403,participant_16,5
sideskips_left,participant_16,participant_16/sideskips_left_2020-08-06--21-19-47.json,416,participant_16,5
sideskips_left,participant_16,participant_16/sideskips_left_2020-08-06--21-19-47.json,429,participant_16,5
sideskips_left,participant_16,participant_16/sideskips_left_2020-08-06--21-19-47.json,442,participant_16,5
sideskips_left,participant_16,participant_16/sideskips_left_2020-08-06--21-19-47.json,455,participant_16,5
sideskips_right,participant_16,participant_16/sideskips_right_2020-08-06--21-19-25.json,0,participant_16,6
sideskips_right,participant_16,participant_16/sideskips_right_2020-08-06--21-19-25.json,13,participant_16,6
sideskips_right,participant_16,participant_16/sideskips_right_2020-08-06--21-19-25.json,26,participant_16,6
sideskips_right,participant_16,participant_16/sideskips_right_2020-08-06--21-19-25.json,39,participant_16,6
sideskips_right,participant_16,participant_16/sideskips_right_2020-08-06--21-19-25.json,52,participant_16,6
sideskips_right,participant_16,participant_16/sideskips_right_2020-08-06--21-19-25.json,65,participant_16,6
sideskips_right,participant_16,participant_16/sideskips_right_2020-08-06--21-19-25.json,78,participant_16,6
sideskips_right,participant_16,participant_16/sideskips_right_2020-08-06--21-19-25.json,91,participant_16,6
sideskips_right,participant_16,participant_16/sideskips_right_2020-08-06--21-19-25.json,104,participant_16,6
sideskips_right,participant_16,participant_16/sideskips_right_2020-08-06--21-19-25.json,117,participant_16,6
sideskips_right,participant_16,participant_16/sideskips_right_2020-08-06--21-19-25.json,130,participant_16,6
sideskips_right,participant_16,participant_16/sideskips_right_2020-08-06--21-19-25.json,143,participant_16,6
sideskips_right,participant_16,participant_16/sideskips_right_2020-08-06--21-19-25.json,156,participant_16,6
sideskips_right,participant_16,participant_16/sideskips_right_2020-08-06--21-19-25.json,169,participant_16,6
sideskips_right,participant_16,participant_16/sideskips_right_2020-08-06--21-19-25.json,182,participant_16,6
sideskips_right,participant_16,participant_16/sideskips_right_2020-08-06--21-19-25.json,195,participant_16,6
sideskips_right,participant_16,participant_16/sideskips_right_2020-08-06--21-19-25.json,208,participant_16,6
sideskips_right,participant_16,participant_16/sideskips_right_2020-08-06--21-19-25.json,221,participant_16,6
sideskips_right,participant_16,participant_16/sideskips_right_2020-08-06--21-19-25.json,234,participant_16,6
sideskips_right,participant_16,participant_16/sideskips_right_2020-08-06--21-19-25.json,247,participant_16,6
sideskips_right,participant_16,participant_16/sideskips_right_2020-08-06--21-19-25.json,260,participant_16,6
sideskips_right,participant_16,participant_16/sideskips_right_2020-08-06--21-19-25.json,273,participant_16,6
sideskips_right,participant_16,participant_16/sideskips_right_2020-08-06--21-19-25.json,286,participant_16,6
sideskips_right,participant_16,participant_16/sideskips_right_2020-08-06--21-19-25.json,299,participant_16,6
sideskips_right,participant_16,participant_16/sideskips_right_2020-08-06--21-19-25.json,312,participant_16,6
sideskips_right,participant_16,participant_16/sideskips_right_2020-08-06--21-19-25.json,325,participant_16,6
sideskips_right,participant_16,participant_16/sideskips_right_2020-08-06--21-19-25.json,338,participant_16,6
sideskips_right,participant_16,participant_16/sideskips_right_2020-08-06--21-19-25.json,351,participant_16,6
sideskips_right,participant_16,participant_16/sideskips_right_2020-08-06--21-19-25.json,364,participant_16,6
sideskips_right,participant_16,participant_16/sideskips_right_2020-08-06--21-19-25.json,377,participant_16,6
sideskips_right,participant_16,participant_16/sideskips_right_2020-08-06--21-19-25.json,390,participant_16,6
sideskips_right,participant_16,participant_16/sideskips_right_2020-08-06--21-19-25.json,403,participant_16,6
sideskips_right,participant_16,participant_16/sideskips_right_2020-08-06--21-19-25.json,416,participant_16,6
sideskips_right,participant_16,participant_16/sideskips_right_2020-08-06--21-19-25.json,429,participant_16,6
sideskips_right,participant_16,participant_16/sideskips_right_2020-08-06--21-19-25.json,442,participant_16,6
sideskips_right,participant_16,participant_16/sideskips_right_2020-08-06--21-19-25.json,455,participant_16,6
carioca_left,participant_17,participant_17/carioca_left_2020-08-27--20-05-32.json,0,participant_17,0
carioca_left,participant_17,participant_17/carioca_left_2020-08-27--20-05-32.json,13,participant_17,0
carioca_left,participant_17,participant_17/carioca_left_2020-08-27--20-05-32.json,26,participant_17,0
carioca_left,participant_17,participant_17/carioca_left_2020-08-27--20-05-32.json,39,participant_17,0
carioca_left,participant_17,participant_17/carioca_left_2020-08-27--20-05-32.json,52,participant_17,0
carioca_left,participant_17,participant_17/carioca_left_2020-08-27--20-05-32.json,65,participant_17,0
carioca_left,participant_17,participant_17/carioca_left_2020-08-27--20-05-32.json,78,participant_17,0
carioca_left,participant_17,participant_17/carioca_left_2020-08-27--20-05-32.json,91,participant_17,0
carioca_left,participant_17,participant_17/carioca_left_2020-08-27--20-05-32.json,104,participant_17,0
carioca_left,participant_17,participant_17/carioca_left_2020-08-27--20-05-32.json,117,participant_17,0
carioca_left,participant_17,participant_17/carioca_left_2020-08-27--20-05-32.json,130,participant_17,0
carioca_left,participant_17,participant_17/carioca_left_2020-08-27--20-05-32.json,143,participant_17,0
carioca_left,participant_17,participant_17/carioca_left_2020-08-27--20-05-32.json,156,participant_17,0
carioca_left,participant_17,participant_17/carioca_left_2020-08-27--20-05-32.json,169,participant_17,0
carioca_left,participant_17,participant_17/carioca_left_2020-08-27--20-05-32.json,182,participant_17,0
carioca_left,participant_17,participant_17/carioca_left_2020-08-27--20-05-32.json,195,participant_17,0
carioca_left,participant_17,participant_17/carioca_left_2020-08-27--20-05-32.json,208,participant_17,0
carioca_left,participant_17,participant_17/carioca_left_2020-08-27--20-05-32.json,221,participant_17,0
carioca_left,participant_17,participant_17/carioca_left_2020-08-27--20-05-32.json,234,participant_17,0
carioca_left,participant_17,participant_17/carioca_left_2020-08-27--20-05-32.json,247,participant_17,0
carioca_left,participant_17,participant_17/carioca_left_2020-08-27--20-05-32.json,260,participant_17,0
carioca_left,participant_17,participant_17/carioca_left_2020-08-27--20-05-32.json,273,participant_17,0
carioca_left,participant_17,participant_17/carioca_left_2020-08-27--20-05-32.json,286,participant_17,0
carioca_left,participant_17,participant_17/carioca_left_2020-08-27--20-05-32.json,299,participant_17,0
carioca_left,participant_17,participant_17/carioca_left_2020-08-27--20-05-32.json,312,participant_17,0
carioca_left,participant_17,participant_17/carioca_left_2020-08-27--20-05-32.json,325,participant_17,0
carioca_left,participant_17,participant_17/carioca_left_2020-08-27--20-05-32.json,338,participant_17,0
carioca_left,participant_17,participant_17/carioca_left_2020-08-27--20-05-32.json,351,participant_17,0
carioca_left,participant_17,participant_17/carioca_left_2020-08-27--20-05-32.json,364,participant_17,0
carioca_left,participant_17,participant_17/carioca_left_2020-08-27--20-05-32.json,377,participant_17,0
carioca_left,participant_17,participant_17/carioca_left_2020-08-27--20-05-32.json,390,participant_17,0
carioca_left,participant_17,participant_17/carioca_left_2020-08-27--20-05-32.json,403,participant_17,0
carioca_left,participant_17,participant_17/carioca_left_2020-08-27--20-05-32.json,416,participant_17,0
carioca_left,participant_17,participant_17/carioca_left_2020-08-27--20-05-32.json,429,participant_17,0
carioca_left,participant_17,participant_17/carioca_left_2020-08-27--20-05-32.json,442,participant_17,0
carioca_left,participant_17,participant_17/carioca_left_2020-08-27--20-05-32.json,455,participant_17,0
carioca_right,participant_17,participant_17/carioca_right_2020-08-27--20-05-12.json,0,participant_17,1
carioca_right,participant_17,participant_17/carioca_right_2020-08-27--20-05-12.json,13,participant_17,1
carioca_right,participant_17,participant_17/carioca_right_2020-08-27--20-05-12.json,26,participant_17,1
carioca_right,participant_17,participant_17/carioca_right_2020-08-27--20-05-12.json,39,participant_17,1
carioca_right,participant_17,participant_17/carioca_right_2020-08-27--20-05-12.json,52,participant_17,1
carioca_right,participant_17,participant_17/carioca_right_2020-08-27--20-05-12.json,65,participant_17,1
carioca_right,participant_17,participant_17/carioca_right_2020-08-27--20-05-12.json,78,participant_17,1
carioca_right,participant_17,participant_17/carioca_right_2020-08-27--20-05-12.json,91,participant_17,1
carioca_right,participant_17,participant_17/carioca_right_2020-08-27--20-05-12.json,104,participant_17,1
carioca_right,participant_17,participant_17/carioca_right_2020-08-27--20-05-12.json,117,participant_17,1
carioca_right,participant_17,participant_17/carioca_right_2020-08-27--20-05-12.json,130,participant_17,1
carioca_right,participant_17,participant_17/carioca_right_2020-08-27--20-05-12.json,143,participant_17,1
carioca_right,participant_17,participant_17/carioca_right_2020-08-27--20-05-12.json,156,participant_17,1
carioca_right,participant_17,participant_17/carioca_right_2020-08-27--20-05-12.json,169,participant_17,1
carioca_right,participant_17,participant_17/carioca_right_2020-08-27--20-05-12.json,182,participant_17,1
carioca_right,participant_17,participant_17/carioca_right_2020-08-27--20-05-12.json,195,participant_17,1
carioca_right,participant_17,participant_17/carioca_right_2020-08-27--20-05-12.json,208,participant_17,1
carioca_right,participant_17,participant_17/carioca_right_2020-08-27--20-05-12.json,221,participant_17,1
carioca_right,participant_17,participant_17/carioca_right_2020-08-27--20-05-12.json,234,participant_17,1
carioca_right,participant_17,participant_17/carioca_right_2020-08-27--20-05-12.json,247,participant_17,1
carioca_right,participant_17,participant_17/carioca_right_2020-08-27--20-05-12.json,260,participant_17,1
carioca_right,participant_17,participant_17/carioca_right_2020-08-27--20-05-12.json,273,participant_17,1
carioca_right,participant_17,participant_17/carioca_right_2020-08-27--20-05-12.json,286,participant_17,1
carioca_right,participant_17,participant_17/carioca_right_2020-08-27--20-05-12.json,299,participant_17,1
carioca_right,participant_17,participant_17/carioca_right_2020-08-27--20-05-12.json,312,participant_17,1
carioca_right,participant_17,participant_17/carioca_right_2020-08-27--20-05-12.json,325,participant_17,1
carioca_right,participant_17,participant_17/carioca_right_2020-08-27--20-05-12.json,338,participant_17,1
carioca_right,participant_17,participant_17/carioca_right_2020-08-27--20-05-12.json,351,participant_17,1
carioca_right,participant_17,participant_17/carioca_right_2020-08-27--20-05-12.json,364,participant_17,1
carioca_right,participant_17,participant_17/carioca_right_2020-08-27--20-05-12.json,377,participant_17,1
carioca_right,participant_17,participant_17/carioca_right_2020-08-27--20-05-12.json,390,participant_17,1
carioca_right,participant_17,participant_17/carioca_right_2020-08-27--20-05-12.json,403,participant_17,1
carioca_right,participant_17,participant_17/carioca_right_2020-08-27--20-05-12.json,416,participant_17,1
carioca_right,participant_17,participant_17/carioca_right_2020-08-27--20-05-12.json,429,participant_17,1
carioca_right,participant_17,participant_17/carioca_right_2020-08-27--20-05-12.json,442,participant_17,1
carioca_right,participant_17,participant_17/carioca_right_2020-08-27--20-05-12.json,455,participant_17,1
heel_to_butt,participant_17,participant_17/heel_to_butt_2020-08-27--20-04-40.json,0,participant_17,2
heel_to_butt,participant_17,participant_17/heel_to_butt_2020-08-27--20-04-40.json,13,participant_17,2
heel_to_butt,participant_17,participant_17/heel_to_butt_2020-08-27--20-04-40.json,26,participant_17,2
heel_to_butt,participant_17,participant_17/heel_to_butt_2020-08-27--20-04-40.json,39,participant_17,2
heel_to_butt,participant_17,participant_17/heel_to_butt_2020-08-27--20-04-40.json,52,participant_17,2
heel_to_butt,participant_17,participant_17/heel_to_butt_2020-08-27--20-04-40.json,65,participant_17,2
heel_to_butt,participant_17,participant_17/heel_to_butt_2020-08-27--20-04-40.json,78,participant_17,2
heel_to_butt,participant_17,participant_17/heel_to_butt_2020-08-27--20-04-40.json,91,participant_17,2
heel_to_butt,participant_17,participant_17/heel_to_butt_2020-08-27--20-04-40.json,104,participant_17,2
heel_to_butt,participant_17,participant_17/heel_to_butt_2020-08-27--20-04-40.json,117,participant_17,2
heel_to_butt,participant_17,participant_17/heel_to_butt_2020-08-27--20-04-40.json,130,participant_17,2
heel_to_butt,participant_17,participant_17/heel_to_butt_2020-08-27--20-04-40.json,143,participant_17,2
heel_to_butt,participant_17,participant_17/heel_to_butt_2020-08-27--20-04-40.json,156,participant_17,2
heel_to_butt,participant_17,participant_17/heel_to_butt_2020-08-27--20-04-40.json,169,participant_17,2
heel_to_butt,participant_17,participant_17/heel_to_butt_2020-08-27--20-04-40.json,182,participant_17,2
heel_to_butt,participant_17,participant_17/heel_to_butt_2020-08-27--20-04-40.json,195,participant_17,2
heel_to_butt,participant_17,participant_17/heel_to_butt_2020-08-27--20-04-40.json,208,participant_17,2
heel_to_butt,participant_17,participant_17/heel_to_butt_2020-08-27--20-04-40.json,221,participant_17,2
heel_to_butt,participant_17,participant_17/heel_to_butt_2020-08-27--20-04-40.json,234,participant_17,2
heel_to_butt,participant_17,participant_17/heel_to_butt_2020-08-27--20-04-40.json,247,participant_17,2
heel_to_butt,participant_17,participant_17/heel_to_butt_2020-08-27--20-04-40.json,260,participant_17,2
heel_to_butt,participant_17,participant_17/heel_to_butt_2020-08-27--20-04-40.json,273,participant_17,2
heel_to_butt,participant_17,participant_17/heel_to_butt_2020-08-27--20-04-40.json,286,participant_17,2
heel_to_butt,participant_17,participant_17/heel_to_butt_2020-08-27--20-04-40.json,299,participant_17,2
heel_to_butt,participant_17,participant_17/heel_to_butt_2020-08-27--20-04-40.json,312,participant_17,2
heel_to_butt,participant_17,participant_17/heel_to_butt_2020-08-27--20-04-40.json,325,participant_17,2
heel_to_butt,participant_17,participant_17/heel_to_butt_2020-08-27--20-04-40.json,338,participant_17,2
heel_to_butt,participant_17,participant_17/heel_to_butt_2020-08-27--20-04-40.json,351,participant_17,2
heel_to_butt,participant_17,participant_17/heel_to_butt_2020-08-27--20-04-40.json,364,participant_17,2
heel_to_butt,participant_17,participant_17/heel_to_butt_2020-08-27--20-04-40.json,377,participant_17,2
heel_to_butt,participant_17,participant_17/heel_to_butt_2020-08-27--20-04-40.json,390,participant_17,2
heel_to_butt,participant_17,participant_17/heel_to_butt_2020-08-27--20-04-40.json,403,participant_17,2
heel_to_butt,participant_17,participant_17/heel_to_butt_2020-08-27--20-04-40.json,416,participant_17,2
heel_to_butt,participant_17,participant_17/heel_to_butt_2020-08-27--20-04-40.json,429,participant_17,2
heel_to_butt,participant_17,participant_17/heel_to_butt_2020-08-27--20-04-40.json,442,participant_17,2
heel_to_butt,participant_17,participant_17/heel_to_butt_2020-08-27--20-04-40.json,455,participant_17,2
high_knee_run,participant_17,participant_17/high_knee_run_2020-08-27--20-04-15.json,0,participant_17,3
high_knee_run,participant_17,participant_17/high_knee_run_2020-08-27--20-04-15.json,13,participant_17,3
high_knee_run,participant_17,participant_17/high_knee_run_2020-08-27--20-04-15.json,26,participant_17,3
high_knee_run,participant_17,participant_17/high_knee_run_2020-08-27--20-04-15.json,39,participant_17,3
high_knee_run,participant_17,participant_17/high_knee_run_2020-08-27--20-04-15.json,52,participant_17,3
high_knee_run,participant_17,participant_17/high_knee_run_2020-08-27--20-04-15.json,65,participant_17,3
high_knee_run,participant_17,participant_17/high_knee_run_2020-08-27--20-04-15.json,78,participant_17,3
high_knee_run,participant_17,participant_17/high_knee_run_2020-08-27--20-04-15.json,91,participant_17,3
high_knee_run,participant_17,participant_17/high_knee_run_2020-08-27--20-04-15.json,104,participant_17,3
high_knee_run,participant_17,participant_17/high_knee_run_2020-08-27--20-04-15.json,117,participant_17,3
high_knee_run,participant_17,participant_17/high_knee_run_2020-08-27--20-04-15.json,130,participant_17,3
high_knee_run,participant_17,participant_17/high_knee_run_2020-08-27--20-04-15.json,143,participant_17,3
high_knee_run,participant_17,participant_17/high_knee_run_2020-08-27--20-04-15.json,156,participant_17,3
high_knee_run,participant_17,participant_17/high_knee_run_2020-08-27--20-04-15.json,169,participant_17,3
high_knee_run,participant_17,participant_17/high_knee_run_2020-08-27--20-04-15.json,182,participant_17,3
high_knee_run,participant_17,participant_17/high_knee_run_2020-08-27--20-04-15.json,195,participant_17,3
high_knee_run,participant_17,participant_17/high_knee_run_2020-08-27--20-04-15.json,208,participant_17,3
high_knee_run,participant_17,participant_17/high_knee_run_2020-08-27--20-04-15.json,221,participant_17,3
high_knee_run,participant_17,participant_17/high_knee_run_2020-08-27--20-04-15.json,234,participant_17,3
high_knee_run,participant_17,participant_17/high_knee_run_2020-08-27--20-04-15.json,247,participant_17,3
high_knee_run,participant_17,participant_17/high_knee_run_2020-08-27--20-04-15.json,260,participant_17,3
high_knee_run,participant_17,participant_17/high_knee_run_2020-08-27--20-04-15.json,273,participant_17,3
high_knee_run,participant_17,participant_17/high_knee_run_2020-08-27--20-04-15.json,286,participant_17,3
high_knee_run,participant_17,participant_17/high_knee_run_2020-08-27--20-04-15.json,299,participant_17,3
high_knee_run,participant_17,participant_17/high_knee_run_2020-08-27--20-04-15.json,312,participant_17,3
high_knee_run,participant_17,participant_17/high_knee_run_2020-08-27--20-04-15.json,325,participant_17,3
high_knee_run,participant_17,participant_17/high_knee_run_2020-08-27--20-04-15.json,338,participant_17,3
high_knee_run,participant_17,participant_17/high_knee_run_2020-08-27--20-04-15.json,351,participant_17,3
high_knee_run,participant_17,participant_17/high_knee_run_2020-08-27--20-04-15.json,364,participant_17,3
high_knee_run,participant_17,participant_17/high_knee_run_2020-08-27--20-04-15.json,377,participant_17,3
high_knee_run,participant_17,participant_17/high_knee_run_2020-08-27--20-04-15.json,390,participant_17,3
high_knee_run,participant_17,participant_17/high_knee_run_2020-08-27--20-04-15.json,403,participant_17,3
high_knee_run,participant_17,participant_17/high_knee_run_2020-08-27--20-04-15.json,416,participant_17,3
high_knee_run,participant_17,participant_17/high_knee_run_2020-08-27--20-04-15.json,429,participant_17,3
high_knee_run,participant_17,participant_17/high_knee_run_2020-08-27--20-04-15.json,442,participant_17,3
high_knee_run,participant_17,participant_17/high_knee_run_2020-08-27--20-04-15.json,455,participant_17,3
running,participant_17,participant_17/running_2020-08-27--20-06-06.json,0,participant_17,4
running,participant_17,participant_17/running_2020-08-27--20-06-06.json,13,participant_17,4
running,participant_17,participant_17/running_2020-08-27--20-06-06.json,26,participant_17,4
running,participant_17,participant_17/running_2020-08-27--20-06-06.json,39,participant_17,4
running,participant_17,participant_17/running_2020-08-27--20-06-06.json,52,participant_17,4
running,participant_17,participant_17/running_2020-08-27--20-06-06.json,65,participant_17,4
running,participant_17,participant_17/running_2020-08-27--20-06-06.json,78,participant_17,4
running,participant_17,participant_17/running_2020-08-27--20-06-06.json,91,participant_17,4
running,participant_17,participant_17/running_2020-08-27--20-06-06.json,104,participant_17,4
running,participant_17,participant_17/running_2020-08-27--20-06-06.json,117,participant_17,4
running,participant_17,participant_17/running_2020-08-27--20-06-06.json,130,participant_17,4
running,participant_17,participant_17/running_2020-08-27--20-06-06.json,143,participant_17,4
running,participant_17,participant_17/running_2020-08-27--20-06-06.json,156,participant_17,4
running,participant_17,participant_17/running_2020-08-27--20-06-06.json,169,participant_17,4
running,participant_17,participant_17/running_2020-08-27--20-06-06.json,182,participant_17,4
running,participant_17,participant_17/running_2020-08-27--20-06-06.json,195,participant_17,4
running,participant_17,participant_17/running_2020-08-27--20-06-06.json,208,participant_17,4
running,participant_17,participant_17/running_2020-08-27--20-06-06.json,221,participant_17,4
running,participant_17,participant_17/running_2020-08-27--20-06-06.json,234,participant_17,4
running,participant_17,participant_17/running_2020-08-27--20-06-06.json,247,participant_17,4
running,participant_17,participant_17/running_2020-08-27--20-06-06.json,260,participant_17,4
running,participant_17,participant_17/running_2020-08-27--20-06-06.json,273,participant_17,4
running,participant_17,participant_17/running_2020-08-27--20-06-06.json,286,participant_17,4
running,participant_17,participant_17/running_2020-08-27--20-06-06.json,299,participant_17,4
running,participant_17,participant_17/running_2020-08-27--20-06-06.json,312,participant_17,4
running,participant_17,participant_17/running_2020-08-27--20-06-06.json,325,participant_17,4
running,participant_17,participant_17/running_2020-08-27--20-06-06.json,338,participant_17,4
running,participant_17,participant_17/running_2020-08-27--20-06-06.json,351,participant_17,4
running,participant_17,participant_17/running_2020-08-27--20-06-06.json,364,participant_17,4
running,participant_17,participant_17/running_2020-08-27--20-06-06.json,377,participant_17,4
running,participant_17,participant_17/running_2020-08-27--20-06-06.json,390,participant_17,4
running,participant_17,participant_17/running_2020-08-27--20-06-06.json,403,participant_17,4
running,participant_17,participant_17/running_2020-08-27--20-06-06.json,416,participant_17,4
running,participant_17,participant_17/running_2020-08-27--20-06-06.json,429,participant_17,4
running,participant_17,participant_17/running_2020-08-27--20-06-06.json,442,participant_17,4
running,participant_17,participant_17/running_2020-08-27--20-06-06.json,455,participant_17,4
sideskips_left,participant_17,participant_17/sideskips_left_2020-08-27--20-03-53.json,0,participant_17,5
sideskips_left,participant_17,participant_17/sideskips_left_2020-08-27--20-03-53.json,13,participant_17,5
sideskips_left,participant_17,participant_17/sideskips_left_2020-08-27--20-03-53.json,26,participant_17,5
sideskips_left,participant_17,participant_17/sideskips_left_2020-08-27--20-03-53.json,39,participant_17,5
sideskips_left,participant_17,participant_17/sideskips_left_2020-08-27--20-03-53.json,52,participant_17,5
sideskips_left,participant_17,participant_17/sideskips_left_2020-08-27--20-03-53.json,65,participant_17,5
sideskips_left,participant_17,participant_17/sideskips_left_2020-08-27--20-03-53.json,78,participant_17,5
sideskips_left,participant_17,participant_17/sideskips_left_2020-08-27--20-03-53.json,91,participant_17,5
sideskips_left,participant_17,participant_17/sideskips_left_2020-08-27--20-03-53.json,104,participant_17,5
sideskips_left,participant_17,participant_17/sideskips_left_2020-08-27--20-03-53.json,117,participant_17,5
sideskips_left,participant_17,participant_17/sideskips_left_2020-08-27--20-03-53.json,130,participant_17,5
sideskips_left,participant_17,participant_17/sideskips_left_2020-08-27--20-03-53.json,143,participant_17,5
sideskips_left,participant_17,participant_17/sideskips_left_2020-08-27--20-03-53.json,156,participant_17,5
sideskips_left,participant_17,participant_17/sideskips_left_2020-08-27--20-03-53.json,169,participant_17,5
sideskips_left,participant_17,participant_17/sideskips_left_2020-08-27--20-03-53.json,182,participant_17,5
sideskips_left,participant_17,participant_17/sideskips_left_2020-08-27--20-03-53.json,195,participant_17,5
sideskips_left,participant_17,participant_17/sideskips_left_2020-08-27--20-03-53.json,208,participant_17,5
sideskips_left,participant_17,participant_17/sideskips_left_2020-08-27--20-03-53.json,221,participant_17,5
sideskips_left,participant_17,participant_17/sideskips_left_2020-08-27--20-03-53.json,234,participant_17,5
sideskips_left,participant_17,participant_17/sideskips_left_2020-08-27--20-03-53.json,247,participant_17,5
sideskips_left,participant_17,participant_17/sideskips_left_2020-08-27--20-03-53.json,260,participant_17,5
sideskips_left,participant_17,participant_17/sideskips_left_2020-08-27--20-03-53.json,273,participant_17,5
sideskips_left,participant_17,participant_17/sideskips_left_2020-08-27--20-03-53.json,286,participant_17,5
sideskips_left,participant_17,participant_17/sideskips_left_2020-08-27--20-03-53.json,299,participant_17,5
sideskips_left,participant_17,participant_17/sideskips_left_2020-08-27--20-03-53.json,312,participant_17,5
sideskips_left,participant_17,participant_17/sideskips_left_2020-08-27--20-03-53.json,325,participant_17,5
sideskips_left,participant_17,participant_17/sideskips_left_2020-08-27--20-03-53.json,338,participant_17,5
sideskips_left,participant_17,participant_17/sideskips_left_2020-08-27--20-03-53.json,351,participant_17,5
sideskips_left,participant_17,participant_17/sideskips_left_2020-08-27--20-03-53.json,364,participant_17,5
sideskips_left,participant_17,participant_17/sideskips_left_2020-08-27--20-03-53.json,377,participant_17,5
sideskips_left,participant_17,participant_17/sideskips_left_2020-08-27--20-03-53.json,390,participant_17,5
sideskips_left,participant_17,participant_17/sideskips_left_2020-08-27--20-03-53.json,403,participant_17,5
sideskips_left,participant_17,participant_17/sideskips_left_2020-08-27--20-03-53.json,416,participant_17,5
sideskips_left,participant_17,participant_17/sideskips_left_2020-08-27--20-03-53.json,429,participant_17,5
sideskips_left,participant_17,participant_17/sideskips_left_2020-08-27--20-03-53.json,442,participant_17,5
sideskips_left,participant_17,participant_17/sideskips_left_2020-08-27--20-03-53.json,455,participant_17,5
sideskips_right,participant_17,participant_17/sideskips_right_2020-08-27--20-03-32.json,0,participant_17,6
sideskips_right,participant_17,participant_17/sideskips_right_2020-08-27--20-03-32.json,13,participant_17,6
sideskips_right,participant_17,participant_17/sideskips_right_2020-08-27--20-03-32.json,26,participant_17,6
sideskips_right,participant_17,participant_17/sideskips_right_2020-08-27--20-03-32.json,39,participant_17,6
sideskips_right,participant_17,participant_17/sideskips_right_2020-08-27--20-03-32.json,52,participant_17,6
sideskips_right,participant_17,participant_17/sideskips_right_2020-08-27--20-03-32.json,65,participant_17,6
sideskips_right,participant_17,participant_17/sideskips_right_2020-08-27--20-03-32.json,78,participant_17,6
sideskips_right,participant_17,participant_17/sideskips_right_2020-08-27--20-03-32.json,91,participant_17,6
sideskips_right,participant_17,participant_17/sideskips_right_2020-08-27--20-03-32.json,104,participant_17,6
sideskips_right,participant_17,participant_17/sideskips_right_2020-08-27--20-03-32.json,117,participant_17,6
sideskips_right,participant_17,participant_17/sideskips_right_2020-08-27--20-03-32.json,130,participant_17,6
sideskips_right,participant_17,participant_17/sideskips_right_2020-08-27--20-03-32.json,143,participant_17,6
sideskips_right,participant_17,participant_17/sideskips_right_2020-08-27--20-03-32.json,156,participant_17,6
sideskips_right,participant_17,participant_17/sideskips_right_2020-08-27--20-03-32.json,169,participant_17,6
sideskips_right,participant_17,participant_17/sideskips_right_2020-08-27--20-03-32.json,182,participant_17,6
sideskips_right,participant_17,participant_17/sideskips_right_2020-08-27--20-03-32.json,195,participant_17,6
sideskips_right,participant_17,participant_17/sideskips_right_2020-08-27--20-03-32.json,208,participant_17,6
sideskips_right,participant_17,participant_17/sideskips_right_2020-08-27--20-03-32.json,221,participant_17,6
sideskips_right,participant_17,participant_17/sideskips_right_2020-08-27--20-03-32.json,234,participant_17,6
sideskips_right,participant_17,participant_17/sideskips_right_2020-08-27--20-03-32.json,247,participant_17,6
sideskips_right,participant_17,participant_17/sideskips_right_2020-08-27--20-03-32.json,260,participant_17,6
sideskips_right,participant_17,participant_17/sideskips_right_2020-08-27--20-03-32.json,273,participant_17,6
sideskips_right,participant_17,participant_17/sideskips_right_2020-08-27--20-03-32.json,286,participant_17,6
sideskips_right,participant_17,participant_17/sideskips_right_2020-08-27--20-03-32.json,299,participant_17,6
sideskips_right,participant_17,participant_17/sideskips_right_2020-08-27--20-03-32.json,312,participant_17,6
sideskips_right,participant_17,participant_17/sideskips_right_2020-08-27--20-03-32.json,325,participant_17,6
sideskips_right,participant_17,participant_17/sideskips_right_2020-08-27--20-03-32.json,338,participant_17,6
sideskips_right,participant_17,participant_17/sideskips_right_2020-08-27--20-03-32.json,351,participant_17,6
sideskips_right,participant_17,participant_17/sideskips_right_2020-08-27--20-03-32.json,364,participant_17,6
sideskips_right,participant_17,participant_17/sideskips_right_2020-08-27--20-03-32.json,377,participant_17,6
sideskips_right,participant_17,participant_17/sideskips_right_2020-08-27--20-03-32.json,390,participant_17,6
sideskips_right,participant_17,participant_17/sideskips_right_2020-08-27--20-03-32.json,403,participant_17,6
sideskips_right,participant_17,participant_17/sideskips_right_2020-08-27--20-03-32.json,416,participant_17,6
sideskips_right,participant_17,participant_17/sideskips_right_2020-08-27--20-03-32.json,429,participant_17,6
sideskips_right,participant_17,participant_17/sideskips_right_2020-08-27--20-03-32.json,442,participant_17,6
sideskips_right,participant_17,participant_17/sideskips_right_2020-08-27--20-03-32.json,455,participant_17,6
carioca_left,participant_18,participant_18/carioca_left_2020-08-06--21-06-30.json,0,participant_18,0
carioca_left,participant_18,participant_18/carioca_left_2020-08-06--21-06-30.json,13,participant_18,0
carioca_left,participant_18,participant_18/carioca_left_2020-08-06--21-06-30.json,26,participant_18,0
carioca_left,participant_18,participant_18/carioca_left_2020-08-06--21-06-30.json,39,participant_18,0
carioca_left,participant_18,participant_18/carioca_left_2020-08-06--21-06-30.json,52,participant_18,0
carioca_left,participant_18,participant_18/carioca_left_2020-08-06--21-06-30.json,65,participant_18,0
carioca_left,participant_18,participant_18/carioca_left_2020-08-06--21-06-30.json,78,participant_18,0
carioca_left,participant_18,participant_18/carioca_left_2020-08-06--21-06-30.json,91,participant_18,0
carioca_left,participant_18,participant_18/carioca_left_2020-08-06--21-06-30.json,104,participant_18,0
carioca_left,participant_18,participant_18/carioca_left_2020-08-06--21-06-30.json,117,participant_18,0
carioca_left,participant_18,participant_18/carioca_left_2020-08-06--21-06-30.json,130,participant_18,0
carioca_left,participant_18,participant_18/carioca_left_2020-08-06--21-06-30.json,143,participant_18,0
carioca_left,participant_18,participant_18/carioca_left_2020-08-06--21-06-30.json,156,participant_18,0
carioca_left,participant_18,participant_18/carioca_left_2020-08-06--21-06-30.json,169,participant_18,0
carioca_left,participant_18,participant_18/carioca_left_2020-08-06--21-06-30.json,182,participant_18,0
carioca_left,participant_18,participant_18/carioca_left_2020-08-06--21-06-30.json,195,participant_18,0
carioca_left,participant_18,participant_18/carioca_left_2020-08-06--21-06-30.json,208,participant_18,0
carioca_left,participant_18,participant_18/carioca_left_2020-08-06--21-06-30.json,221,participant_18,0
carioca_left,participant_18,participant_18/carioca_left_2020-08-06--21-06-30.json,234,participant_18,0
carioca_left,participant_18,participant_18/carioca_left_2020-08-06--21-06-30.json,247,participant_18,0
carioca_left,participant_18,participant_18/carioca_left_2020-08-06--21-06-30.json,260,participant_18,0
carioca_left,participant_18,participant_18/carioca_left_2020-08-06--21-06-30.json,273,participant_18,0
carioca_left,participant_18,participant_18/carioca_left_2020-08-06--21-06-30.json,286,participant_18,0
carioca_left,participant_18,participant_18/carioca_left_2020-08-06--21-06-30.json,299,participant_18,0
carioca_left,participant_18,participant_18/carioca_left_2020-08-06--21-06-30.json,312,participant_18,0
carioca_left,participant_18,participant_18/carioca_left_2020-08-06--21-06-30.json,325,participant_18,0
carioca_left,participant_18,participant_18/carioca_left_2020-08-06--21-06-30.json,338,participant_18,0
carioca_left,participant_18,participant_18/carioca_left_2020-08-06--21-06-30.json,351,participant_18,0
carioca_left,participant_18,participant_18/carioca_left_2020-08-06--21-06-30.json,364,participant_18,0
carioca_left,participant_18,participant_18/carioca_left_2020-08-06--21-06-30.json,377,participant_18,0
carioca_left,participant_18,participant_18/carioca_left_2020-08-06--21-06-30.json,390,participant_18,0
carioca_left,participant_18,participant_18/carioca_left_2020-08-06--21-06-30.json,403,participant_18,0
carioca_left,participant_18,participant_18/carioca_left_2020-08-06--21-06-30.json,416,participant_18,0
carioca_left,participant_18,participant_18/carioca_left_2020-08-06--21-06-30.json,429,participant_18,0
carioca_left,participant_18,participant_18/carioca_left_2020-08-06--21-06-30.json,442,participant_18,0
carioca_left,participant_18,participant_18/carioca_left_2020-08-06--21-06-30.json,455,participant_18,0
carioca_right,participant_18,participant_18/carioca_right_2020-08-06--21-06-51.json,0,participant_18,1
carioca_right,participant_18,participant_18/carioca_right_2020-08-06--21-06-51.json,13,participant_18,1
carioca_right,participant_18,participant_18/carioca_right_2020-08-06--21-06-51.json,26,participant_18,1
carioca_right,participant_18,participant_18/carioca_right_2020-08-06--21-06-51.json,39,participant_18,1
carioca_right,participant_18,participant_18/carioca_right_2020-08-06--21-06-51.json,52,participant_18,1
carioca_right,participant_18,participant_18/carioca_right_2020-08-06--21-06-51.json,65,participant_18,1
carioca_right,participant_18,participant_18/carioca_right_2020-08-06--21-06-51.json,78,participant_18,1
carioca_right,participant_18,participant_18/carioca_right_2020-08-06--21-06-51.json,91,participant_18,1
carioca_right,participant_18,participant_18/carioca_right_2020-08-06--21-06-51.json,104,participant_18,1
carioca_right,participant_18,participant_18/carioca_right_2020-08-06--21-06-51.json,117,participant_18,1
carioca_right,participant_18,participant_18/carioca_right_2020-08-06--21-06-51.json,130,participant_18,1
carioca_right,participant_18,participant_18/carioca_right_2020-08-06--21-06-51.json,143,participant_18,1
carioca_right,participant_18,participant_18/carioca_right_2020-08-06--21-06-51.json,156,participant_18,1
carioca_right,participant_18,participant_18/carioca_right_2020-08-06--21-06-51.json,169,participant_18,1
carioca_right,participant_18,participant_18/carioca_right_2020-08-06--21-06-51.json,182,participant_18,1
carioca_right,participant_18,participant_18/carioca_right_2020-08-06--21-06-51.json,195,participant_18,1
carioca_right,participant_18,participant_18/carioca_right_2020-08-06--21-06-51.json,208,participant_18,1
carioca_right,participant_18,participant_18/carioca_right_2020-08-06--21-06-51.json,221,participant_18,1
carioca_right,participant_18,participant_18/carioca_right_2020-08-06--21-06-51.json,234,participant_18,1
carioca_right,participant_18,participant_18/carioca_right_2020-08-06--21-06-51.json,247,participant_18,1
carioca_right,participant_18,participant_18/carioca_right_2020-08-06--21-06-51.json,260,participant_18,1
carioca_right,participant_18,participant_18/carioca_right_2020-08-06--21-06-51.json,273,participant_18,1
carioca_right,participant_18,participant_18/carioca_right_2020-08-06--21-06-51.json,286,participant_18,1
carioca_right,participant_18,participant_18/carioca_right_2020-08-06--21-06-51.json,299,participant_18,1
carioca_right,participant_18,participant_18/carioca_right_2020-08-06--21-06-51.json,312,participant_18,1
carioca_right,participant_18,participant_18/carioca_right_2020-08-06--21-06-51.json,325,participant_18,1
carioca_right,participant_18,participant_18/carioca_right_2020-08-06--21-06-51.json,338,participant_18,1
carioca_right,participant_18,participant_18/carioca_right_2020-08-06--21-06-51.json,351,participant_18,1
carioca_right,participant_18,participant_18/carioca_right_2020-08-06--21-06-51.json,364,participant_18,1
carioca_right,participant_18,participant_18/carioca_right_2020-08-06--21-06-51.json,377,participant_18,1
carioca_right,participant_18,participant_18/carioca_right_2020-08-06--21-06-51.json,390,participant_18,1
carioca_right,participant_18,participant_18/carioca_right_2020-08-06--21-06-51.json,403,participant_18,1
carioca_right,participant_18,participant_18/carioca_right_2020-08-06--21-06-51.json,416,participant_18,1
carioca_right,participant_18,participant_18/carioca_right_2020-08-06--21-06-51.json,429,participant_18,1
carioca_right,participant_18,participant_18/carioca_right_2020-08-06--21-06-51.json,442,participant_18,1
carioca_right,participant_18,participant_18/carioca_right_2020-08-06--21-06-51.json,455,participant_18,1
heel_to_butt,participant_18,participant_18/heel_to_butt_2020-08-06--21-07-41.json,0,participant_18,2
heel_to_butt,participant_18,participant_18/heel_to_butt_2020-08-06--21-07-41.json,13,participant_18,2
heel_to_butt,participant_18,participant_18/heel_to_butt_2020-08-06--21-07-41.json,26,participant_18,2
heel_to_butt,participant_18,participant_18/heel_to_butt_2020-08-06--21-07-41.json,39,participant_18,2
heel_to_butt,participant_18,participant_18/heel_to_butt_2020-08-06--21-07-41.json,52,participant_18,2
heel_to_butt,participant_18,participant_18/heel_to_butt_2020-08-06--21-07-41.json,65,participant_18,2
heel_to_butt,participant_18,participant_18/heel_to_butt_2020-08-06--21-07-41.json,78,participant_18,2
heel_to_butt,participant_18,participant_18/heel_to_butt_2020-08-06--21-07-41.json,91,participant_18,2
heel_to_butt,participant_18,participant_18/heel_to_butt_2020-08-06--21-07-41.json,104,participant_18,2
heel_to_butt,participant_18,participant_18/heel_to_butt_2020-08-06--21-07-41.json,117,participant_18,2
heel_to_butt,participant_18,participant_18/heel_to_butt_2020-08-06--21-07-41.json,130,participant_18,2
heel_to_butt,participant_18,participant_18/heel_to_butt_2020-08-06--21-07-41.json,143,participant_18,2
heel_to_butt,participant_18,participant_18/heel_to_butt_2020-08-06--21-07-41.json,156,participant_18,2
heel_to_butt,participant_18,participant_18/heel_to_butt_2020-08-06--21-07-41.json,169,participant_18,2
heel_to_butt,participant_18,participant_18/heel_to_butt_2020-08-06--21-07-41.json,182,participant_18,2
heel_to_butt,participant_18,participant_18/heel_to_butt_2020-08-06--21-07-41.json,195,participant_18,2
heel_to_butt,participant_18,participant_18/heel_to_butt_2020-08-06--21-07-41.json,208,participant_18,2
heel_to_butt,participant_18,participant_18/heel_to_butt_2020-08-06--21-07-41.json,221,participant_18,2
heel_to_butt,participant_18,participant_18/heel_to_butt_2020-08-06--21-07-41.json,234,participant_18,2
heel_to_butt,participant_18,participant_18/heel_to_butt_2020-08-06--21-07-41.json,247,participant_18,2
heel_to_butt,participant_18,participant_18/heel_to_butt_2020-08-06--21-07-41.json,260,participant_18,2
heel_to_butt,participant_18,participant_18/heel_to_butt_2020-08-06--21-07-41.json,273,participant_18,2
heel_to_butt,participant_18,participant_18/heel_to_butt_2020-08-06--21-07-41.json,286,participant_18,2
heel_to_butt,participant_18,participant_18/heel_to_butt_2020-08-06--21-07-41.json,299,participant_18,2
heel_to_butt,participant_18,participant_18/heel_to_butt_2020-08-06--21-07-41.json,312,participant_18,2
heel_to_butt,participant_18,participant_18/heel_to_butt_2020-08-06--21-07-41.json,325,participant_18,2
heel_to_butt,participant_18,participant_18/heel_to_butt_2020-08-06--21-07-41.json,338,participant_18,2
heel_to_butt,participant_18,participant_18/heel_to_butt_2020-08-06--21-07-41.json,351,participant_18,2
heel_to_butt,participant_18,participant_18/heel_to_butt_2020-08-06--21-07-41.json,364,participant_18,2
heel_to_butt,participant_18,participant_18/heel_to_butt_2020-08-06--21-07-41.json,377,participant_18,2
heel_to_butt,participant_18,participant_18/heel_to_butt_2020-08-06--21-07-41.json,390,participant_18,2
heel_to_butt,participant_18,participant_18/heel_to_butt_2020-08-06--21-07-41.json,403,participant_18,2
heel_to_butt,participant_18,participant_18/heel_to_butt_2020-08-06--21-07-41.json,416,participant_18,2
heel_to_butt,participant_18,participant_18/heel_to_butt_2020-08-06--21-07-41.json,429,participant_18,2
heel_to_butt,participant_18,participant_18/heel_to_butt_2020-08-06--21-07-41.json,442,participant_18,2
heel_to_butt,participant_18,participant_18/heel_to_butt_2020-08-06--21-07-41.json,455,participant_18,2
high_knee_run,participant_18,participant_18/high_knee_run_2020-08-06--21-07-17.json,0,participant_18,3
high_knee_run,participant_18,participant_18/high_knee_run_2020-08-06--21-07-17.json,13,participant_18,3
high_knee_run,participant_18,participant_18/high_knee_run_2020-08-06--21-07-17.json,26,participant_18,3
high_knee_run,participant_18,participant_18/high_knee_run_2020-08-06--21-07-17.json,39,participant_18,3
high_knee_run,participant_18,participant_18/high_knee_run_2020-08-06--21-07-17.json,52,participant_18,3
high_knee_run,participant_18,participant_18/high_knee_run_2020-08-06--21-07-17.json,65,participant_18,3
high_knee_run,participant_18,participant_18/high_knee_run_2020-08-06--21-07-17.json,78,participant_18,3
high_knee_run,participant_18,participant_18/high_knee_run_2020-08-06--21-07-17.json,91,participant_18,3
high_knee_run,participant_18,participant_18/high_knee_run_2020-08-06--21-07-17.json,104,participant_18,3
high_knee_run,participant_18,participant_18/high_knee_run_2020-08-06--21-07-17.json,117,participant_18,3
high_knee_run,participant_18,participant_18/high_knee_run_2020-08-06--21-07-17.json,130,participant_18,3
high_knee_run,participant_18,participant_18/high_knee_run_2020-08-06--21-07-17.json,143,participant_18,3
high_knee_run,participant_18,participant_18/high_knee_run_2020-08-06--21-07-17.json,156,participant_18,3
high_knee_run,participant_18,participant_18/high_knee_run_2020-08-06--21-07-17.json,169,participant_18,3
high_knee_run,participant_18,participant_18/high_knee_run_2020-08-06--21-07-17.json,182,participant_18,3
high_knee_run,participant_18,participant_18/high_knee_run_2020-08-06--21-07-17.json,195,participant_18,3
high_knee_run,participant_18,participant_18/high_knee_run_2020-08-06--21-07-17.json,208,participant_18,3
high_knee_run,participant_18,participant_18/high_knee_run_2020-08-06--21-07-17.json,221,participant_18,3
high_knee_run,participant_18,participant_18/high_knee_run_2020-08-06--21-07-17.json,234,participant_18,3
high_knee_run,participant_18,participant_18/high_knee_run_2020-08-06--21-07-17.json,247,participant_18,3
high_knee_run,participant_18,participant_18/high_knee_run_2020-08-06--21-07-17.json,260,participant_18,3
high_knee_run,participant_18,participant_18/high_knee_run_2020-08-06--21-07-17.json,273,participant_18,3
high_knee_run,participant_18,participant_18/high_knee_run_2020-08-06--21-07-17.json,286,participant_18,3
high_knee_run,participant_18,participant_18/high_knee_run_2020-08-06--21-07-17.json,299,participant_18,3
high_knee_run,participant_18,participant_18/high_knee_run_2020-08-06--21-07-17.json,312,participant_18,3
high_knee_run,participant_18,participant_18/high_knee_run_2020-08-06--21-07-17.json,325,participant_18,3
high_knee_run,participant_18,participant_18/high_knee_run_2020-08-06--21-07-17.json,338,participant_18,3
high_knee_run,participant_18,participant_18/high_knee_run_2020-08-06--21-07-17.json,351,participant_18,3
high_knee_run,participant_18,participant_18/high_knee_run_2020-08-06--21-07-17.json,364,participant_18,3
high_knee_run,participant_18,participant_18/high_knee_run_2020-08-06--21-07-17.json,377,participant_18,3
high_knee_run,participant_18,participant_18/high_knee_run_2020-08-06--21-07-17.json,390,participant_18,3
high_knee_run,participant_18,participant_18/high_knee_run_2020-08-06--21-07-17.json,403,participant_18,3
high_knee_run,participant_18,participant_18/high_knee_run_2020-08-06--21-07-17.json,416,participant_18,3
high_knee_run,participant_18,participant_18/high_knee_run_2020-08-06--21-07-17.json,429,participant_18,3
high_knee_run,participant_18,participant_18/high_knee_run_2020-08-06--21-07-17.json,442,participant_18,3
high_knee_run,participant_18,participant_18/high_knee_run_2020-08-06--21-07-17.json,455,participant_18,3
running,participant_18,participant_18/running_2020-08-06--21-04-57.json,0,participant_18,4
running,participant_18,participant_18/running_2020-08-06--21-04-57.json,13,participant_18,4
running,participant_18,participant_18/running_2020-08-06--21-04-57.json,26,participant_18,4
running,participant_18,participant_18/running_2020-08-06--21-04-57.json,39,participant_18,4
running,participant_18,participant_18/running_2020-08-06--21-04-57.json,52,participant_18,4
running,participant_18,participant_18/running_2020-08-06--21-04-57.json,65,participant_18,4
running,participant_18,participant_18/running_2020-08-06--21-04-57.json,78,participant_18,4
running,participant_18,participant_18/running_2020-08-06--21-04-57.json,91,participant_18,4
running,participant_18,participant_18/running_2020-08-06--21-04-57.json,104,participant_18,4
running,participant_18,participant_18/running_2020-08-06--21-04-57.json,117,participant_18,4
running,participant_18,participant_18/running_2020-08-06--21-04-57.json,130,participant_18,4
running,participant_18,participant_18/running_2020-08-06--21-04-57.json,143,participant_18,4
running,participant_18,participant_18/running_2020-08-06--21-04-57.json,156,participant_18,4
running,participant_18,participant_18/running_2020-08-06--21-04-57.json,169,participant_18,4
running,participant_18,participant_18/running_2020-08-06--21-04-57.json,182,participant_18,4
running,participant_18,participant_18/running_2020-08-06--21-04-57.json,195,participant_18,4
running,participant_18,participant_18/running_2020-08-06--21-04-57.json,208,participant_18,4
running,participant_18,participant_18/running_2020-08-06--21-04-57.json,221,participant_18,4
running,participant_18,participant_18/running_2020-08-06--21-04-57.json,234,participant_18,4
running,participant_18,participant_18/running_2020-08-06--21-04-57.json,247,participant_18,4
running,participant_18,participant_18/running_2020-08-06--21-04-57.json,260,participant_18,4
running,participant_18,participant_18/running_2020-08-06--21-04-57.json,273,participant_18,4
running,participant_18,participant_18/running_2020-08-06--21-04-57.json,286,participant_18,4
running,participant_18,participant_18/running_2020-08-06--21-04-57.json,299,participant_18,4
running,participant_18,participant_18/running_2020-08-06--21-04-57.json,312,participant_18,4
running,participant_18,participant_18/running_2020-08-06--21-04-57.json,325,participant_18,4
running,participant_18,participant_18/running_2020-08-06--21-04-57.json,338,participant_18,4
running,participant_18,participant_18/running_2020-08-06--21-04-57.json,351,participant_18,4
running,participant_18,participant_18/running_2020-08-06--21-04-57.json,364,participant_18,4
running,participant_18,participant_18/running_2020-08-06--21-04-57.json,377,participant_18,4
running,participant_18,participant_18/running_2020-08-06--21-04-57.json,390,participant_18,4
running,participant_18,participant_18/running_2020-08-06--21-04-57.json,403,participant_18,4
running,participant_18,participant_18/running_2020-08-06--21-04-57.json,416,participant_18,4
running,participant_18,participant_18/running_2020-08-06--21-04-57.json,429,participant_18,4
running,participant_18,participant_18/running_2020-08-06--21-04-57.json,442,participant_18,4
running,participant_18,participant_18/running_2020-08-06--21-04-57.json,455,participant_18,4
sideskips_left,participant_18,participant_18/sideskips_left_2020-08-06--21-05-42.json,0,participant_18,5
sideskips_left,participant_18,participant_18/sideskips_left_2020-08-06--21-05-42.json,13,participant_18,5
sideskips_left,participant_18,participant_18/sideskips_left_2020-08-06--21-05-42.json,26,participant_18,5
sideskips_left,participant_18,participant_18/sideskips_left_2020-08-06--21-05-42.json,39,participant_18,5
sideskips_left,participant_18,participant_18/sideskips_left_2020-08-06--21-05-42.json,52,participant_18,5
sideskips_left,participant_18,participant_18/sideskips_left_2020-08-06--21-05-42.json,65,participant_18,5
sideskips_left,participant_18,participant_18/sideskips_left_2020-08-06--21-05-42.json,78,participant_18,5
sideskips_left,participant_18,participant_18/sideskips_left_2020-08-06--21-05-42.json,91,participant_18,5
sideskips_left,participant_18,participant_18/sideskips_left_2020-08-06--21-05-42.json,104,participant_18,5
sideskips_left,participant_18,participant_18/sideskips_left_2020-08-06--21-05-42.json,117,participant_18,5
sideskips_left,participant_18,participant_18/sideskips_left_2020-08-06--21-05-42.json,130,participant_18,5
sideskips_left,participant_18,participant_18/sideskips_left_2020-08-06--21-05-42.json,143,participant_18,5
sideskips_left,participant_18,participant_18/sideskips_left_2020-08-06--21-05-42.json,156,participant_18,5
sideskips_left,participant_18,participant_18/sideskips_left_2020-08-06--21-05-42.json,169,participant_18,5
sideskips_left,participant_18,participant_18/sideskips_left_2020-08-06--21-05-42.json,182,participant_18,5
sideskips_left,participant_18,participant_18/sideskips_left_2020-08-06--21-05-42.json,195,participant_18,5
sideskips_left,participant_18,participant_18/sideskips_left_2020-08-06--21-05-42.json,208,participant_18,5
sideskips_left,participant_18,participant_18/sideskips_left_2020-08-06--21-05-42.json,221,participant_18,5
sideskips_left,participant_18,participant_18/sideskips_left_2020-08-06--21-05-42.json,234,participant_18,5
sideskips_left,participant_18,participant_18/sideskips_left_2020-08-06--21-05-42.json,247,participant_18,5
sideskips_left,participant_18,participant_18/sideskips_left_2020-08-06--21-05-42.json,260,participant_18,5
sideskips_left,participant_18,participant_18/sideskips_left_2020-08-06--21-05-42.json,273,participant_18,5
sideskips_left,participant_18,participant_18/sideskips_left_2020-08-06--21-05-42.json,286,participant_18,5
sideskips_left,participant_18,participant_18/sideskips_left_2020-08-06--21-05-42.json,299,participant_18,5
sideskips_left,participant_18,participant_18/sideskips_left_2020-08-06--21-05-42.json,312,participant_18,5
sideskips_left,participant_18,participant_18/sideskips_left_2020-08-06--21-05-42.json,325,participant_18,5
sideskips_left,participant_18,participant_18/sideskips_left_2020-08-06--21-05-42.json,338,participant_18,5
sideskips_left,participant_18,participant_18/sideskips_left_2020-08-06--21-05-42.json,351,participant_18,5
sideskips_left,participant_18,participant_18/sideskips_left_2020-08-06--21-05-42.json,364,participant_18,5
sideskips_left,participant_18,participant_18/sideskips_left_2020-08-06--21-05-42.json,377,participant_18,5
sideskips_left,participant_18,participant_18/sideskips_left_2020-08-06--21-05-42.json,390,participant_18,5
sideskips_left,participant_18,participant_18/sideskips_left_2020-08-06--21-05-42.json,403,participant_18,5
sideskips_left,participant_18,participant_18/sideskips_left_2020-08-06--21-05-42.json,416,participant_18,5
sideskips_left,participant_18,participant_18/sideskips_left_2020-08-06--21-05-42.json,429,participant_18,5
sideskips_left,participant_18,participant_18/sideskips_left_2020-08-06--21-05-42.json,442,participant_18,5
sideskips_left,participant_18,participant_18/sideskips_left_2020-08-06--21-05-42.json,455,participant_18,5
sideskips_right,participant_18,participant_18/sideskips_right_2020-08-06--21-05-19.json,0,participant_18,6
sideskips_right,participant_18,participant_18/sideskips_right_2020-08-06--21-05-19.json,13,participant_18,6
sideskips_right,participant_18,participant_18/sideskips_right_2020-08-06--21-05-19.json,26,participant_18,6
sideskips_right,participant_18,participant_18/sideskips_right_2020-08-06--21-05-19.json,39,participant_18,6
sideskips_right,participant_18,participant_18/sideskips_right_2020-08-06--21-05-19.json,52,participant_18,6
sideskips_right,participant_18,participant_18/sideskips_right_2020-08-06--21-05-19.json,65,participant_18,6
sideskips_right,participant_18,participant_18/sideskips_right_2020-08-06--21-05-19.json,78,participant_18,6
sideskips_right,participant_18,participant_18/sideskips_right_2020-08-06--21-05-19.json,91,participant_18,6
sideskips_right,participant_18,participant_18/sideskips_right_2020-08-06--21-05-19.json,104,participant_18,6
sideskips_right,participant_18,participant_18/sideskips_right_2020-08-06--21-05-19.json,117,participant_18,6
sideskips_right,participant_18,participant_18/sideskips_right_2020-08-06--21-05-19.json,130,participant_18,6
sideskips_right,participant_18,participant_18/sideskips_right_2020-08-06--21-05-19.json,143,participant_18,6
sideskips_right,participant_18,participant_18/sideskips_right_2020-08-06--21-05-19.json,156,participant_18,6
sideskips_right,participant_18,participant_18/sideskips_right_2020-08-06--21-05-19.json,169,participant_18,6
sideskips_right,participant_18,participant_18/sideskips_right_2020-08-06--21-05-19.json,182,participant_18,6
sideskips_right,participant_18,participant_18/sideskips_right_2020-08-06--21-05-19.json,195,participant_18,6
sideskips_right,participant_18,participant_18/sideskips_right_2020-08-06--21-05-19.json,208,participant_18,6
sideskips_right,participant_18,participant_18/sideskips_right_2020-08-06--21-05-19.json,221,participant_18,6
sideskips_right,participant_18,participant_18/sideskips_right_2020-08-06--21-05-19.json,234,participant_18,6
sideskips_right,participant_18,participant_18/sideskips_right_2020-08-06--21-05-19.json,247,participant_18,6
sideskips_right,participant_18,participant_18/sideskips_right_2020-08-06--21-05-19.json,260,participant_18,6
sideskips_right,participant_18,participant_18/sideskips_right_2020-08-06--21-05-19.json,273,participant_18,6
sideskips_right,participant_18,participant_18/sideskips_right_2020-08-06--21-05-19.json,286,participant_18,6
sideskips_right,participant_18,participant_18/sideskips_right_2020-08-06--21-05-19.json,299,participant_18,6
sideskips_right,participant_18,participant_18/sideskips_right_2020-08-06--21-05-19.json,312,participant_18,6
sideskips_right,participant_18,participant_18/sideskips_right_2020-08-06--21-05-19.json,325,participant_18,6
sideskips_right,participant_18,participant_18/sideskips_right_2020-08-06--21-05-19.json,338,participant_18,6
sideskips_right,participant_18,participant_18/sideskips_right_2020-08-06--21-05-19.json,351,participant_18,6
sideskips_right,participant_18,participant_18/sideskips_right_2020-08-06--21-05-19.json,364,participant_18,6
sideskips_right,participant_18,participant_18/sideskips_right_2020-08-06--21-05-19.json,377,participant_18,6
sideskips_right,participant_18,participant_18/sideskips_right_2020-08-06--21-05-19.json,390,participant_18,6
sideskips_right,participant_18,participant_18/sideskips_right_2020-08-06--21-05-19.json,403,participant_18,6
sideskips_right,participant_18,participant_18/sideskips_right_2020-08-06--21-05-19.json,416,participant_18,6
sideskips_right,participant_18,participant_18/sideskips_right_2020-08-06--21-05-19.json,429,participant_18,6
sideskips_right,participant_18,participant_18/sideskips_right_2020-08-06--21-05-19.json,442,participant_18,6
sideskips_right,participant_18,participant_18/sideskips_right_2020-08-06--21-05-19.json,455,participant_18,6
carioca_left,participant_19,participant_19/carioca_left_2020-09-24--19-47-34.json,0,participant_19,0
carioca_left,participant_19,participant_19/carioca_left_2020-09-24--19-47-34.json,13,participant_19,0
carioca_left,participant_19,participant_19/carioca_left_2020-09-24--19-47-34.json,26,participant_19,0
carioca_left,participant_19,participant_19/carioca_left_2020-09-24--19-47-34.json,39,participant_19,0
carioca_left,participant_19,participant_19/carioca_left_2020-09-24--19-47-34.json,52,participant_19,0
carioca_left,participant_19,participant_19/carioca_left_2020-09-24--19-47-34.json,65,participant_19,0
carioca_left,participant_19,participant_19/carioca_left_2020-09-24--19-47-34.json,78,participant_19,0
carioca_left,participant_19,participant_19/carioca_left_2020-09-24--19-47-34.json,91,participant_19,0
carioca_left,participant_19,participant_19/carioca_left_2020-09-24--19-47-34.json,104,participant_19,0
carioca_left,participant_19,participant_19/carioca_left_2020-09-24--19-47-34.json,117,participant_19,0
carioca_left,participant_19,participant_19/carioca_left_2020-09-24--19-47-34.json,130,participant_19,0
carioca_left,participant_19,participant_19/carioca_left_2020-09-24--19-47-34.json,143,participant_19,0
carioca_left,participant_19,participant_19/carioca_left_2020-09-24--19-47-34.json,156,participant_19,0
carioca_left,participant_19,participant_19/carioca_left_2020-09-24--19-47-34.json,169,participant_19,0
carioca_left,participant_19,participant_19/carioca_left_2020-09-24--19-47-34.json,182,participant_19,0
carioca_left,participant_19,participant_19/carioca_left_2020-09-24--19-47-34.json,195,participant_19,0
carioca_left,participant_19,participant_19/carioca_left_2020-09-24--19-47-34.json,208,participant_19,0
carioca_left,participant_19,participant_19/carioca_left_2020-09-24--19-47-34.json,221,participant_19,0
carioca_left,participant_19,participant_19/carioca_left_2020-09-24--19-47-34.json,234,participant_19,0
carioca_left,participant_19,participant_19/carioca_left_2020-09-24--19-47-34.json,247,participant_19,0
carioca_left,participant_19,participant_19/carioca_left_2020-09-24--19-47-34.json,260,participant_19,0
carioca_left,participant_19,participant_19/carioca_left_2020-09-24--19-47-34.json,273,participant_19,0
carioca_left,participant_19,participant_19/carioca_left_2020-09-24--19-47-34.json,286,participant_19,0
carioca_left,participant_19,participant_19/carioca_left_2020-09-24--19-47-34.json,299,participant_19,0
carioca_left,participant_19,participant_19/carioca_left_2020-09-24--19-47-34.json,312,participant_19,0
carioca_left,participant_19,participant_19/carioca_left_2020-09-24--19-47-34.json,325,participant_19,0
carioca_left,participant_19,participant_19/carioca_left_2020-09-24--19-47-34.json,338,participant_19,0
carioca_left,participant_19,participant_19/carioca_left_2020-09-24--19-47-34.json,351,participant_19,0
carioca_left,participant_19,participant_19/carioca_left_2020-09-24--19-47-34.json,364,participant_19,0
carioca_left,participant_19,participant_19/carioca_left_2020-09-24--19-47-34.json,377,participant_19,0
carioca_left,participant_19,participant_19/carioca_left_2020-09-24--19-47-34.json,390,participant_19,0
carioca_left,participant_19,participant_19/carioca_left_2020-09-24--19-47-34.json,403,participant_19,0
carioca_left,participant_19,participant_19/carioca_left_2020-09-24--19-47-34.json,416,participant_19,0
carioca_left,participant_19,participant_19/carioca_left_2020-09-24--19-47-34.json,429,participant_19,0
carioca_left,participant_19,participant_19/carioca_left_2020-09-24--19-47-34.json,442,participant_19,0
carioca_left,participant_19,participant_19/carioca_left_2020-09-24--19-47-34.json,455,participant_19,0
carioca_right,participant_19,participant_19/carioca_right_2020-09-24--19-48-01.json,0,participant_19,1
carioca_right,participant_19,participant_19/carioca_right_2020-09-24--19-48-01.json,13,participant_19,1
carioca_right,participant_19,participant_19/carioca_right_2020-09-24--19-48-01.json,26,participant_19,1
carioca_right,participant_19,participant_19/carioca_right_2020-09-24--19-48-01.json,39,participant_19,1
carioca_right,participant_19,participant_19/carioca_right_2020-09-24--19-48-01.json,52,participant_19,1
carioca_right,participant_19,participant_19/carioca_right_2020-09-24--19-48-01.json,65,participant_19,1
carioca_right,participant_19,participant_19/carioca_right_2020-09-24--19-48-01.json,78,participant_19,1
carioca_right,participant_19,participant_19/carioca_right_2020-09-24--19-48-01.json,91,participant_19,1
carioca_right,participant_19,participant_19/carioca_right_2020-09-24--19-48-01.json,104,participant_19,1
carioca_right,participant_19,participant_19/carioca_right_2020-09-24--19-48-01.json,117,participant_19,1
carioca_right,participant_19,participant_19/carioca_right_2020-09-24--19-48-01.json,130,participant_19,1
carioca_right,participant_19,participant_19/carioca_right_2020-09-24--19-48-01.json,143,participant_19,1
carioca_right,participant_19,participant_19/carioca_right_2020-09-24--19-48-01.json,156,participant_19,1
carioca_right,participant_19,participant_19/carioca_right_2020-09-24--19-48-01.json,169,participant_19,1
carioca_right,participant_19,participant_19/carioca_right_2020-09-24--19-48-01.json,182,participant_19,1
carioca_right,participant_19,participant_19/carioca_right_2020-09-24--19-48-01.json,195,participant_19,1
carioca_right,participant_19,participant_19/carioca_right_2020-09-24--19-48-01.json,208,participant_19,1
carioca_right,participant_19,participant_19/carioca_right_2020-09-24--19-48-01.json,221,participant_19,1
carioca_right,participant_19,participant_19/carioca_right_2020-09-24--19-48-01.json,234,participant_19,1
carioca_right,participant_19,participant_19/carioca_right_2020-09-24--19-48-01.json,247,participant_19,1
carioca_right,participant_19,participant_19/carioca_right_2020-09-24--19-48-01.json,260,participant_19,1
carioca_right,participant_19,participant_19/carioca_right_2020-09-24--19-48-01.json,273,participant_19,1
carioca_right,participant_19,participant_19/carioca_right_2020-09-24--19-48-01.json,286,participant_19,1
carioca_right,participant_19,participant_19/carioca_right_2020-09-24--19-48-01.json,299,participant_19,1
carioca_right,participant_19,participant_19/carioca_right_2020-09-24--19-48-01.json,312,participant_19,1
carioca_right,participant_19,participant_19/carioca_right_2020-09-24--19-48-01.json,325,participant_19,1
carioca_right,participant_19,participant_19/carioca_right_2020-09-24--19-48-01.json,338,participant_19,1
carioca_right,participant_19,participant_19/carioca_right_2020-09-24--19-48-01.json,351,participant_19,1
carioca_right,participant_19,participant_19/carioca_right_2020-09-24--19-48-01.json,364,participant_19,1
carioca_right,participant_19,participant_19/carioca_right_2020-09-24--19-48-01.json,377,participant_19,1
carioca_right,participant_19,participant_19/carioca_right_2020-09-24--19-48-01.json,390,participant_19,1
carioca_right,participant_19,participant_19/carioca_right_2020-09-24--19-48-01.json,403,participant_19,1
carioca_right,participant_19,participant_19/carioca_right_2020-09-24--19-48-01.json,416,participant_19,1
carioca_right,participant_19,participant_19/carioca_right_2020-09-24--19-48-01.json,429,participant_19,1
carioca_right,participant_19,participant_19/carioca_right_2020-09-24--19-48-01.json,442,participant_19,1
carioca_right,participant_19,participant_19/carioca_right_2020-09-24--19-48-01.json,455,participant_19,1
heel_to_butt,participant_19,participant_19/heel_to_butt_2020-09-24--19-49-46.json,0,participant_19,2
heel_to_butt,participant_19,participant_19/heel_to_butt_2020-09-24--19-49-46.json,13,participant_19,2
heel_to_butt,participant_19,participant_19/heel_to_butt_2020-09-24--19-49-46.json,26,participant_19,2
heel_to_butt,participant_19,participant_19/heel_to_butt_2020-09-24--19-49-46.json,39,participant_19,2
heel_to_butt,participant_19,participant_19/heel_to_butt_2020-09-24--19-49-46.json,52,participant_19,2
heel_to_butt,participant_19,participant_19/heel_to_butt_2020-09-24--19-49-46.json,65,participant_19,2
heel_to_butt,participant_19,participant_19/heel_to_butt_2020-09-24--19-49-46.json,78,participant_19,2
heel_to_butt,participant_19,participant_19/heel_to_butt_2020-09-24--19-49-46.json,91,participant_19,2
heel_to_butt,participant_19,participant_19/heel_to_butt_2020-09-24--19-49-46.json,104,participant_19,2
heel_to_butt,participant_19,participant_19/heel_to_butt_2020-09-24--19-49-46.json,117,participant_19,2
heel_to_butt,participant_19,participant_19/heel_to_butt_2020-09-24--19-49-46.json,130,participant_19,2
heel_to_butt,participant_19,participant_19/heel_to_butt_2020-09-24--19-49-46.json,143,participant_19,2
heel_to_butt,participant_19,participant_19/heel_to_butt_2020-09-24--19-49-46.json,156,participant_19,2
heel_to_butt,participant_19,participant_19/heel_to_butt_2020-09-24--19-49-46.json,169,participant_19,2
heel_to_butt,participant_19,participant_19/heel_to_butt_2020-09-24--19-49-46.json,182,participant_19,2
heel_to_butt,participant_19,participant_19/heel_to_butt_2020-09-24--19-49-46.json,195,participant_19,2
heel_to_butt,participant_19,participant_19/heel_to_butt_2020-09-24--19-49-46.json,208,participant_19,2
heel_to_butt,participant_19,participant_19/heel_to_butt_2020-09-24--19-49-46.json,221,participant_19,2
heel_to_butt,participant_19,participant_19/heel_to_butt_2020-09-24--19-49-46.json,234,participant_19,2
heel_to_butt,participant_19,participant_19/heel_to_butt_2020-09-24--19-49-46.json,247,participant_19,2
heel_to_butt,participant_19,participant_19/heel_to_butt_2020-09-24--19-49-46.json,260,participant_19,2
heel_to_butt,participant_19,participant_19/heel_to_butt_2020-09-24--19-49-46.json,273,participant_19,2
heel_to_butt,participant_19,participant_19/heel_to_butt_2020-09-24--19-49-46.json,286,participant_19,2
heel_to_butt,participant_19,participant_19/heel_to_butt_2020-09-24--19-49-46.json,299,participant_19,2
heel_to_butt,participant_19,participant_19/heel_to_butt_2020-09-24--19-49-46.json,312,participant_19,2
heel_to_butt,participant_19,participant_19/heel_to_butt_2020-09-24--19-49-46.json,325,participant_19,2
heel_to_butt,participant_19,participant_19/heel_to_butt_2020-09-24--19-49-46.json,338,participant_19,2
heel_to_butt,participant_19,participant_19/heel_to_butt_2020-09-24--19-49-46.json,351,participant_19,2
heel_to_butt,participant_19,participant_19/heel_to_butt_2020-09-24--19-49-46.json,364,participant_19,2
heel_to_butt,participant_19,participant_19/heel_to_butt_2020-09-24--19-49-46.json,377,participant_19,2
heel_to_butt,participant_19,participant_19/heel_to_butt_2020-09-24--19-49-46.json,390,participant_19,2
heel_to_butt,participant_19,participant_19/heel_to_butt_2020-09-24--19-49-46.json,403,participant_19,2
heel_to_butt,participant_19,participant_19/heel_to_butt_2020-09-24--19-49-46.json,416,participant_19,2
heel_to_butt,participant_19,participant_19/heel_to_butt_2020-09-24--19-49-46.json,429,participant_19,2
heel_to_butt,participant_19,participant_19/heel_to_butt_2020-09-24--19-49-46.json,442,participant_19,2
heel_to_butt,participant_19,participant_19/heel_to_butt_2020-09-24--19-49-46.json,455,participant_19,2
high_knee_run,participant_19,participant_19/high_knee_run_2020-09-24--19-48-25.json,0,participant_19,3
high_knee_run,participant_19,participant_19/high_knee_run_2020-09-24--19-48-25.json,13,participant_19,3
high_knee_run,participant_19,participant_19/high_knee_run_2020-09-24--19-48-25.json,26,participant_19,3
high_knee_run,participant_19,participant_19/high_knee_run_2020-09-24--19-48-25.json,39,participant_19,3
high_knee_run,participant_19,participant_19/high_knee_run_2020-09-24--19-48-25.json,52,participant_19,3
high_knee_run,participant_19,participant_19/high_knee_run_2020-09-24--19-48-25.json,65,participant_19,3
high_knee_run,participant_19,participant_19/high_knee_run_2020-09-24--19-48-25.json,78,participant_19,3
high_knee_run,participant_19,participant_19/high_knee_run_2020-09-24--19-48-25.json,91,participant_19,3
high_knee_run,participant_19,participant_19/high_knee_run_2020-09-24--19-48-25.json,104,participant_19,3
high_knee_run,participant_19,participant_19/high_knee_run_2020-09-24--19-48-25.json,117,participant_19,3
high_knee_run,participant_19,participant_19/high_knee_run_2020-09-24--19-48-25.json,130,participant_19,3
high_knee_run,participant_19,participant_19/high_knee_run_2020-09-24--19-48-25.json,143,participant_19,3
high_knee_run,participant_19,participant_19/high_knee_run_2020-09-24--19-48-25.json,156,participant_19,3
high_knee_run,participant_19,participant_19/high_knee_run_2020-09-24--19-48-25.json,169,participant_19,3
high_knee_run,participant_19,participant_19/high_knee_run_2020-09-24--19-48-25.json,182,participant_19,3
high_knee_run,participant_19,participant_19/high_knee_run_2020-09-24--19-48-25.json,195,participant_19,3
high_knee_run,participant_19,participant_19/high_knee_run_2020-09-24--19-48-25.json,208,participant_19,3
high_knee_run,participant_19,participant_19/high_knee_run_2020-09-24--19-48-25.json,221,participant_19,3
high_knee_run,participant_19,participant_19/high_knee_run_2020-09-24--19-48-25.json,234,participant_19,3
high_knee_run,participant_19,participant_19/high_knee_run_2020-09-24--19-48-25.json,247,participant_19,3
high_knee_run,participant_19,participant_19/high_knee_run_2020-09-24--19-48-25.json,260,participant_19,3
high_knee_run,participant_19,participant_19/high_knee_run_2020-09-24--19-48-25.json,273,participant_19,3
high_knee_run,participant_19,participant_19/high_knee_run_2020-09-24--19-48-25.json,286,participant_19,3
high_knee_run,participant_19,participant_19/high_knee_run_2020-09-24--19-48-25.json,299,participant_19,3
high_knee_run,participant_19,participant_19/high_knee_run_2020-09-24--19-48-25.json,312,participant_19,3
high_knee_run,participant_19,participant_19/high_knee_run_2020-09-24--19-48-25.json,325,participant_19,3
high_knee_run,participant_19,participant_19/high_knee_run_2020-09-24--19-48-25.json,338,participant_19,3
high_knee_run,participant_19,participant_19/high_knee_run_2020-09-24--19-48-25.json,351,participant_19,3
high_knee_run,participant_19,participant_19/high_knee_run_2020-09-24--19-48-25.json,364,participant_19,3
high_knee_run,participant_19,participant_19/high_knee_run_2020-09-24--19-48-25.json,377,participant_19,3
high_knee_run,participant_19,participant_19/high_knee_run_2020-09-24--19-48-25.json,390,participant_19,3
high_knee_run,participant_19,participant_19/high_knee_run_2020-09-24--19-48-25.json,403,participant_19,3
high_knee_run,participant_19,participant_19/high_knee_run_2020-09-24--19-48-25.json,416,participant_19,3
high_knee_run,participant_19,participant_19/high_knee_run_2020-09-24--19-48-25.json,429,participant_19,3
high_knee_run,participant_19,participant_19/high_knee_run_2020-09-24--19-48-25.json,442,participant_19,3
high_knee_run,participant_19,participant_19/high_knee_run_2020-09-24--19-48-25.json,455,participant_19,3
running,participant_19,participant_19/running_2020-09-24--19-46-28.json,0,participant_19,4
running,participant_19,participant_19/running_2020-09-24--19-46-28.json,13,participant_19,4
running,participant_19,participant_19/running_2020-09-24--19-46-28.json,26,participant_19,4
running,participant_19,participant_19/running_2020-09-24--19-46-28.json,39,participant_19,4
running,participant_19,participant_19/running_2020-09-24--19-46-28.json,52,participant_19,4
running,participant_19,participant_19/running_2020-09-24--19-46-28.json,65,participant_19,4
running,participant_19,participant_19/running_2020-09-24--19-46-28.json,78,participant_19,4
running,participant_19,participant_19/running_2020-09-24--19-46-28.json,91,participant_19,4
running,participant_19,participant_19/running_2020-09-24--19-46-28.json,104,participant_19,4
running,participant_19,participant_19/running_2020-09-24--19-46-28.json,117,participant_19,4
running,participant_19,participant_19/running_2020-09-24--19-46-28.json,130,participant_19,4
running,participant_19,participant_19/running_2020-09-24--19-46-28.json,143,participant_19,4
running,participant_19,participant_19/running_2020-09-24--19-46-28.json,156,participant_19,4
running,participant_19,participant_19/running_2020-09-24--19-46-28.json,169,participant_19,4
running,participant_19,participant_19/running_2020-09-24--19-46-28.json,182,participant_19,4
running,participant_19,participant_19/running_2020-09-24--19-46-28.json,195,participant_19,4
running,participant_19,participant_19/running_2020-09-24--19-46-28.json,208,participant_19,4
running,participant_19,participant_19/running_2020-09-24--19-46-28.json,221,participant_19,4
running,participant_19,participant_19/running_2020-09-24--19-46-28.json,234,participant_19,4
running,participant_19,participant_19/running_2020-09-24--19-46-28.json,247,participant_19,4
running,participant_19,participant_19/running_2020-09-24--19-46-28.json,260,participant_19,4
running,participant_19,participant_19/running_2020-09-24--19-46-28.json,273,participant_19,4
running,participant_19,participant_19/running_2020-09-24--19-46-28.json,286,participant_19,4
running,participant_19,participant_19/running_2020-09-24--19-46-28.json,299,participant_19,4
running,participant_19,participant_19/running_2020-09-24--19-46-28.json,312,participant_19,4
running,participant_19,participant_19/running_2020-09-24--19-46-28.json,325,participant_19,4
running,participant_19,participant_19/running_2020-09-24--19-46-28.json,338,participant_19,4
running,participant_19,participant_19/running_2020-09-24--19-46-28.json,351,participant_19,4
running,participant_19,participant_19/running_2020-09-24--19-46-28.json,364,participant_19,4
running,participant_19,participant_19/running_2020-09-24--19-46-28.json,377,participant_19,4
running,participant_19,participant_19/running_2020-09-24--19-46-28.json,390,participant_19,4
running,participant_19,participant_19/running_2020-09-24--19-46-28.json,403,participant_19,4
running,participant_19,participant_19/running_2020-09-24--19-46-28.json,416,participant_19,4
running,participant_19,participant_19/running_2020-09-24--19-46-28.json,429,participant_19,4
running,participant_19,participant_19/running_2020-09-24--19-46-28.json,442,participant_19,4
running,participant_19,participant_19/running_2020-09-24--19-46-28.json,455,participant_19,4
sideskips_left,participant_19,participant_19/sideskips_left_2020-09-24--19-46-48.json,0,participant_19,5
sideskips_left,participant_19,participant_19/sideskips_left_2020-09-24--19-46-48.json,13,participant_19,5
sideskips_left,participant_19,participant_19/sideskips_left_2020-09-24--19-46-48.json,26,participant_19,5
sideskips_left,participant_19,participant_19/sideskips_left_2020-09-24--19-46-48.json,39,participant_19,5
sideskips_left,participant_19,participant_19/sideskips_left_2020-09-24--19-46-48.json,52,participant_19,5
sideskips_left,participant_19,participant_19/sideskips_left_2020-09-24--19-46-48.json,65,participant_19,5
sideskips_left,participant_19,participant_19/sideskips_left_2020-09-24--19-46-48.json,78,participant_19,5
sideskips_left,participant_19,participant_19/sideskips_left_2020-09-24--19-46-48.json,91,participant_19,5
sideskips_left,participant_19,participant_19/sideskips_left_2020-09-24--19-46-48.json,104,participant_19,5
sideskips_left,participant_19,participant_19/sideskips_left_2020-09-24--19-46-48.json,117,participant_19,5
sideskips_left,participant_19,participant_19/sideskips_left_2020-09-24--19-46-48.json,130,participant_19,5
sideskips_left,participant_19,participant_19/sideskips_left_2020-09-24--19-46-48.json,143,participant_19,5
sideskips_left,participant_19,participant_19/sideskips_left_2020-09-24--19-46-48.json,156,participant_19,5
sideskips_left,participant_19,participant_19/sideskips_left_2020-09-24--19-46-48.json,169,participant_19,5
sideskips_left,participant_19,participant_19/sideskips_left_2020-09-24--19-46-48.json,182,participant_19,5
sideskips_left,participant_19,participant_19/sideskips_left_2020-09-24--19-46-48.json,195,participant_19,5
sideskips_left,participant_19,participant_19/sideskips_left_2020-09-24--19-46-48.json,208,participant_19,5
sideskips_left,participant_19,participant_19/sideskips_left_2020-09-24--19-46-48.json,221,participant_19,5
sideskips_left,participant_19,participant_19/sideskips_left_2020-09-24--19-46-48.json,234,participant_19,5
sideskips_left,participant_19,participant_19/sideskips_left_2020-09-24--19-46-48.json,247,participant_19,5
sideskips_left,participant_19,participant_19/sideskips_left_2020-09-24--19-46-48.json,260,participant_19,5
sideskips_left,participant_19,participant_19/sideskips_left_2020-09-24--19-46-48.json,273,participant_19,5
sideskips_left,participant_19,participant_19/sideskips_left_2020-09-24--19-46-48.json,286,participant_19,5
sideskips_left,participant_19,participant_19/sideskips_left_2020-09-24--19-46-48.json,299,participant_19,5
sideskips_left,participant_19,participant_19/sideskips_left_2020-09-24--19-46-48.json,312,participant_19,5
sideskips_left,participant_19,participant_19/sideskips_left_2020-09-24--19-46-48.json,325,participant_19,5
sideskips_left,participant_19,participant_19/sideskips_left_2020-09-24--19-46-48.json,338,participant_19,5
sideskips_left,participant_19,participant_19/sideskips_left_2020-09-24--19-46-48.json,351,participant_19,5
sideskips_left,participant_19,participant_19/sideskips_left_2020-09-24--19-46-48.json,364,participant_19,5
sideskips_left,participant_19,participant_19/sideskips_left_2020-09-24--19-46-48.json,377,participant_19,5
sideskips_left,participant_19,participant_19/sideskips_left_2020-09-24--19-46-48.json,390,participant_19,5
sideskips_left,participant_19,participant_19/sideskips_left_2020-09-24--19-46-48.json,403,participant_19,5
sideskips_left,participant_19,participant_19/sideskips_left_2020-09-24--19-46-48.json,416,participant_19,5
sideskips_left,participant_19,participant_19/sideskips_left_2020-09-24--19-46-48.json,429,participant_19,5
sideskips_left,participant_19,participant_19/sideskips_left_2020-09-24--19-46-48.json,442,participant_19,5
sideskips_left,participant_19,participant_19/sideskips_left_2020-09-24--19-46-48.json,455,participant_19,5
sideskips_right,participant_19,participant_19/sideskips_right_2020-09-24--19-47-11.json,0,participant_19,6
sideskips_right,participant_19,participant_19/sideskips_right_2020-09-24--19-47-11.json,13,participant_19,6
sideskips_right,participant_19,participant_19/sideskips_right_2020-09-24--19-47-11.json,26,participant_19,6
sideskips_right,participant_19,participant_19/sideskips_right_2020-09-24--19-47-11.json,39,participant_19,6
sideskips_right,participant_19,participant_19/sideskips_right_2020-09-24--19-47-11.json,52,participant_19,6
sideskips_right,participant_19,participant_19/sideskips_right_2020-09-24--19-47-11.json,65,participant_19,6
sideskips_right,participant_19,participant_19/sideskips_right_2020-09-24--19-47-11.json,78,participant_19,6
sideskips_right,participant_19,participant_19/sideskips_right_2020-09-24--19-47-11.json,91,participant_19,6
sideskips_right,participant_19,participant_19/sideskips_right_2020-09-24--19-47-11.json,104,participant_19,6
sideskips_right,participant_19,participant_19/sideskips_right_2020-09-24--19-47-11.json,117,participant_19,6
sideskips_right,participant_19,participant_19/sideskips_right_2020-09-24--19-47-11.json,130,participant_19,6
sideskips_right,participant_19,participant_19/sideskips_right_2020-09-24--19-47-11.json,143,participant_19,6
sideskips_right,participant_19,participant_19/sideskips_right_2020-09-24--19-47-11.json,156,participant_19,6
sideskips_right,participant_19,participant_19/sideskips_right_2020-09-24--19-47-11.json,169,participant_19,6
sideskips_right,participant_19,participant_19/sideskips_right_2020-09-24--19-47-11.json,182,participant_19,6
sideskips_right,participant_19,participant_19/sideskips_right_2020-09-24--19-47-11.json,195,participant_19,6
sideskips_right,participant_19,participant_19/sideskips_right_2020-09-24--19-47-11.json,208,participant_19,6
sideskips_right,participant_19,participant_19/sideskips_right_2020-09-24--19-47-11.json,221,participant_19,6
sideskips_right,participant_19,participant_19/sideskips_right_2020-09-24--19-47-11.json,234,participant_19,6
sideskips_right,participant_19,participant_19/sideskips_right_2020-09-24--19-47-11.json,247,participant_19,6
sideskips_right,participant_19,participant_19/sideskips_right_2020-09-24--19-47-11.json,260,participant_19,6
sideskips_right,participant_19,participant_19/sideskips_right_2020-09-24--19-47-11.json,273,participant_19,6
sideskips_right,participant_19,participant_19/sideskips_right_2020-09-24--19-47-11.json,286,participant_19,6
sideskips_right,participant_19,participant_19/sideskips_right_2020-09-24--19-47-11.json,299,participant_19,6
sideskips_right,participant_19,participant_19/sideskips_right_2020-09-24--19-47-11.json,312,participant_19,6
sideskips_right,participant_19,participant_19/sideskips_right_2020-09-24--19-47-11.json,325,participant_19,6
sideskips_right,participant_19,participant_19/sideskips_right_2020-09-24--19-47-11.json,338,participant_19,6
sideskips_right,participant_19,participant_19/sideskips_right_2020-09-24--19-47-11.json,351,participant_19,6
sideskips_right,participant_19,participant_19/sideskips_right_2020-09-24--19-47-11.json,364,participant_19,6
sideskips_right,participant_19,participant_19/sideskips_right_2020-09-24--19-47-11.json,377,participant_19,6
sideskips_right,participant_19,participant_19/sideskips_right_2020-09-24--19-47-11.json,390,participant_19,6
sideskips_right,participant_19,participant_19/sideskips_right_2020-09-24--19-47-11.json,403,participant_19,6
sideskips_right,participant_19,participant_19/sideskips_right_2020-09-24--19-47-11.json,416,participant_19,6
sideskips_right,participant_19,participant_19/sideskips_right_2020-09-24--19-47-11.json,429,participant_19,6
sideskips_right,participant_19,participant_19/sideskips_right_2020-09-24--19-47-11.json,442,participant_19,6
sideskips_right,participant_19,participant_19/sideskips_right_2020-09-24--19-47-11.json,455,participant_19,6
carioca_left,participant_2,participant_2/carioca_left_2020-08-27--20-17-09.json,0,participant_2,0
carioca_left,participant_2,participant_2/carioca_left_2020-08-27--20-17-09.json,13,participant_2,0
carioca_left,participant_2,participant_2/carioca_left_2020-08-27--20-17-09.json,26,participant_2,0
carioca_left,participant_2,participant_2/carioca_left_2020-08-27--20-17-09.json,39,participant_2,0
carioca_left,participant_2,participant_2/carioca_left_2020-08-27--20-17-09.json,52,participant_2,0
carioca_left,participant_2,participant_2/carioca_left_2020-08-27--20-17-09.json,65,participant_2,0
carioca_left,participant_2,participant_2/carioca_left_2020-08-27--20-17-09.json,78,participant_2,0
carioca_left,participant_2,participant_2/carioca_left_2020-08-27--20-17-09.json,91,participant_2,0
carioca_left,participant_2,participant_2/carioca_left_2020-08-27--20-17-09.json,104,participant_2,0
carioca_left,participant_2,participant_2/carioca_left_2020-08-27--20-17-09.json,117,participant_2,0
carioca_left,participant_2,participant_2/carioca_left_2020-08-27--20-17-09.json,130,participant_2,0
carioca_left,participant_2,participant_2/carioca_left_2020-08-27--20-17-09.json,143,participant_2,0
carioca_left,participant_2,participant_2/carioca_left_2020-08-27--20-17-09.json,156,participant_2,0
carioca_left,participant_2,participant_2/carioca_left_2020-08-27--20-17-09.json,169,participant_2,0
carioca_left,participant_2,participant_2/carioca_left_2020-08-27--20-17-09.json,182,participant_2,0
carioca_left,participant_2,participant_2/carioca_left_2020-08-27--20-17-09.json,195,participant_2,0
carioca_left,participant_2,participant_2/carioca_left_2020-08-27--20-17-09.json,208,participant_2,0
carioca_left,participant_2,participant_2/carioca_left_2020-08-27--20-17-09.json,221,participant_2,0
carioca_left,participant_2,participant_2/carioca_left_2020-08-27--20-17-09.json,234,participant_2,0
carioca_left,participant_2,participant_2/carioca_left_2020-08-27--20-17-09.json,247,participant_2,0
carioca_left,participant_2,participant_2/carioca_left_2020-08-27--20-17-09.json,260,participant_2,0
carioca_left,participant_2,participant_2/carioca_left_2020-08-27--20-17-09.json,273,participant_2,0
carioca_left,participant_2,participant_2/carioca_left_2020-08-27--20-17-09.json,286,participant_2,0
carioca_left,participant_2,participant_2/carioca_left_2020-08-27--20-17-09.json,299,participant_2,0
carioca_left,participant_2,participant_2/carioca_left_2020-08-27--20-17-09.json,312,participant_2,0
carioca_left,participant_2,participant_2/carioca_left_2020-08-27--20-17-09.json,325,participant_2,0
carioca_left,participant_2,participant_2/carioca_left_2020-08-27--20-17-09.json,338,participant_2,0
carioca_left,participant_2,participant_2/carioca_left_2020-08-27--20-17-09.json,351,participant_2,0
carioca_left,participant_2,participant_2/carioca_left_2020-08-27--20-17-09.json,364,participant_2,0
carioca_left,participant_2,participant_2/carioca_left_2020-08-27--20-17-09.json,377,participant_2,0
carioca_left,participant_2,participant_2/carioca_left_2020-08-27--20-17-09.json,390,participant_2,0
carioca_left,participant_2,participant_2/carioca_left_2020-08-27--20-17-09.json,403,participant_2,0
carioca_left,participant_2,participant_2/carioca_left_2020-08-27--20-17-09.json,416,participant_2,0
carioca_left,participant_2,participant_2/carioca_left_2020-08-27--20-17-09.json,429,participant_2,0
carioca_left,participant_2,participant_2/carioca_left_2020-08-27--20-17-09.json,442,participant_2,0
carioca_left,participant_2,participant_2/carioca_left_2020-08-27--20-17-09.json,455,participant_2,0
carioca_right,participant_2,participant_2/carioca_right_2020-08-27--20-16-45.json,0,participant_2,1
carioca_right,participant_2,participant_2/carioca_right_2020-08-27--20-16-45.json,13,participant_2,1
carioca_right,participant_2,participant_2/carioca_right_2020-08-27--20-16-45.json,26,participant_2,1
carioca_right,participant_2,participant_2/carioca_right_2020-08-27--20-16-45.json,39,participant_2,1
carioca_right,participant_2,participant_2/carioca_right_2020-08-27--20-16-45.json,52,participant_2,1
carioca_right,participant_2,participant_2/carioca_right_2020-08-27--20-16-45.json,65,participant_2,1
carioca_right,participant_2,participant_2/carioca_right_2020-08-27--20-16-45.json,78,participant_2,1
carioca_right,participant_2,participant_2/carioca_right_2020-08-27--20-16-45.json,91,participant_2,1
carioca_right,participant_2,participant_2/carioca_right_2020-08-27--20-16-45.json,104,participant_2,1
carioca_right,participant_2,participant_2/carioca_right_2020-08-27--20-16-45.json,117,participant_2,1
carioca_right,participant_2,participant_2/carioca_right_2020-08-27--20-16-45.json,130,participant_2,1
carioca_right,participant_2,participant_2/carioca_right_2020-08-27--20-16-45.json,143,participant_2,1
carioca_right,participant_2,participant_2/carioca_right_2020-08-27--20-16-45.json,156,participant_2,1
carioca_right,participant_2,participant_2/carioca_right_2020-08-27--20-16-45.json,169,participant_2,1
carioca_right,participant_2,participant_2/carioca_right_2020-08-27--20-16-45.json,182,participant_2,1
carioca_right,participant_2,participant_2/carioca_right_2020-08-27--20-16-45.json,195,participant_2,1
carioca_right,participant_2,participant_2/carioca_right_2020-08-27--20-16-45.json,208,participant_2,1
carioca_right,participant_2,participant_2/carioca_right_2020-08-27--20-16-45.json,221,participant_2,1
carioca_right,participant_2,participant_2/carioca_right_2020-08-27--20-16-45.json,234,participant_2,1
carioca_right,participant_2,participant_2/carioca_right_2020-08-27--20-16-45.json,247,participant_2,1
carioca_right,participant_2,participant_2/carioca_right_2020-08-27--20-16-45.json,260,participant_2,1
carioca_right,participant_2,participant_2/carioca_right_2020-08-27--20-16-45.json,273,participant_2,1
carioca_right,participant_2,participant_2/carioca_right_2020-08-27--20-16-45.json,286,participant_2,1
carioca_right,participant_2,participant_2/carioca_right_2020-08-27--20-16-45.json,299,participant_2,1
carioca_right,participant_2,participant_2/carioca_right_2020-08-27--20-16-45.json,312,participant_2,1
carioca_right,participant_2,participant_2/carioca_right_2020-08-27--20-16-45.json,325,participant_2,1
carioca_right,participant_2,participant_2/carioca_right_2020-08-27--20-16-45.json,338,participant_2,1
carioca_right,participant_2,participant_2/carioca_right_2020-08-27--20-16-45.json,351,participant_2,1
carioca_right,participant_2,participant_2/carioca_right_2020-08-27--20-16-45.json,364,participant_2,1
carioca_right,participant_2,participant_2/carioca_right_2020-08-27--20-16-45.json,377,participant_2,1
carioca_right,participant_2,participant_2/carioca_right_2020-08-27--20-16-45.json,390,participant_2,1
carioca_right,participant_2,participant_2/carioca_right_2020-08-27--20-16-45.json,403,participant_2,1
carioca_right,participant_2,participant_2/carioca_right_2020-08-27--20-16-45.json,416,participant_2,1
carioca_right,participant_2,participant_2/carioca_right_2020-08-27--20-16-45.json,429,participant_2,1
carioca_right,participant_2,participant_2/carioca_right_2020-08-27--20-16-45.json,442,participant_2,1
carioca_right,participant_2,participant_2/carioca_right_2020-08-27--20-16-45.json,455,participant_2,1
heel_to_butt,participant_2,participant_2/heel_to_butt_2020-08-27--20-15-24.json,0,participant_2,2
heel_to_butt,participant_2,participant_2/heel_to_butt_2020-08-27--20-15-24.json,13,participant_2,2
heel_to_butt,participant_2,participant_2/heel_to_butt_2020-08-27--20-15-24.json,26,participant_2,2
heel_to_butt,participant_2,participant_2/heel_to_butt_2020-08-27--20-15-24.json,39,participant_2,2
heel_to_butt,participant_2,participant_2/heel_to_butt_2020-08-27--20-15-24.json,52,participant_2,2
heel_to_butt,participant_2,participant_2/heel_to_butt_2020-08-27--20-15-24.json,65,participant_2,2
heel_to_butt,participant_2,participant_2/heel_to_butt_2020-08-27--20-15-24.json,78,participant_2,2
heel_to_butt,participant_2,participant_2/heel_to_butt_2020-08-27--20-15-24.json,91,participant_2,2
heel_to_butt,participant_2,participant_2/heel_to_butt_2020-08-27--20-15-24.json,104,participant_2,2
heel_to_butt,participant_2,participant_2/heel_to_butt_2020-08-27--20-15-24.json,117,participant_2,2
heel_to_butt,participant_2,participant_2/heel_to_butt_2020-08-27--20-15-24.json,130,participant_2,2
heel_to_butt,participant_2,participant_2/heel_to_butt_2020-08-27--20-15-24.json,143,participant_2,2
heel_to_butt,participant_2,participant_2/heel_to_butt_2020-08-27--20-15-24.json,156,participant_2,2
heel_to_butt,participant_2,participant_2/heel_to_butt_2020-08-27--20-15-24.json,169,participant_2,2
heel_to_butt,participant_2,participant_2/heel_to_butt_2020-08-27--20-15-24.json,182,participant_2,2
heel_to_butt,participant_2,participant_2/heel_to_butt_2020-08-27--20-15-24.json,195,participant_2,2
heel_to_butt,participant_2,participant_2/heel_to_butt_2020-08-27--20-15-24.json,208,participant_2,2
heel_to_butt,participant_2,participant_2/heel_to_butt_2020-08-27--20-15-24.json,221,participant_2,2
heel_to_butt,participant_2,participant_2/heel_to_butt_2020-08-27--20-15-24.json,234,participant_2,2
heel_to_butt,participant_2,participant_2/heel_to_butt_2020-08-27--20-15-24.json,247,participant_2,2
heel_to_butt,participant_2,participant_2/heel_to_butt_2020-08-27--20-15-24.json,260,participant_2,2
heel_to_butt,participant_2,participant_2/heel_to_butt_2020-08-27--20-15-24.json,273,participant_2,2
heel_to_butt,participant_2,participant_2/heel_to_butt_2020-08-27--20-15-24.json,286,participant_2,2
heel_to_butt,participant_2,participant_2/heel_to_butt_2020-08-27--20-15-24.json,299,participant_2,2
heel_to_butt,participant_2,participant_2/heel_to_butt_2020-08-27--20-15-24.json,312,participant_2,2
heel_to_butt,participant_2,participant_2/heel_to_butt_2020-08-27--20-15-24.json,325,participant_2,2
heel_to_butt,participant_2,participant_2/heel_to_butt_2020-08-27--20-15-24.json,338,participant_2,2
heel_to_butt,participant_2,participant_2/heel_to_butt_2020-08-27--20-15-24.json,351,participant_2,2
heel_to_butt,participant_2,participant_2/heel_to_butt_2020-08-27--20-15-24.json,364,participant_2,2
heel_to_butt,participant_2,participant_2/heel_to_butt_2020-08-27--20-15-24.json,377,participant_2,2
heel_to_butt,participant_2,participant_2/heel_to_butt_2020-08-27--20-15-24.json,390,participant_2,2
heel_to_butt,participant_2,participant_2/heel_to_butt_2020-08-27--20-15-24.json,403,participant_2,2
heel_to_butt,participant_2,participant_2/heel_to_butt_2020-08-27--20-15-24.json,416,participant_2,2
heel_to_butt,participant_2,participant_2/heel_to_butt_2020-08-27--20-15-24.json,429,participant_2,2
heel_to_butt,participant_2,participant_2/heel_to_butt_2020-08-27--20-15-24.json,442,participant_2,2
heel_to_butt,participant_2,participant_2/heel_to_butt_2020-08-27--20-15-24.json,455,participant_2,2
high_knee_run,participant_2,participant_2/high_knee_run_2020-08-27--20-15-50.json,0,participant_2,3
high_knee_run,participant_2,participant_2/high_knee_run_2020-08-27--20-15-50.json,13,participant_2,3
high_knee_run,participant_2,participant_2/high_knee_run_2020-08-27--20-15-50.json,26,participant_2,3
high_knee_run,participant_2,participant_2/high_knee_run_2020-08-27--20-15-50.json,39,participant_2,3
high_knee_run,participant_2,participant_2/high_knee_run_2020-08-27--20-15-50.json,52,participant_2,3
high_knee_run,participant_2,participant_2/high_knee_run_2020-08-27--20-15-50.json,65,participant_2,3
high_knee_run,participant_2,participant_2/high_knee_run_2020-08-27--20-15-50.json,78,participant_2,3
high_knee_run,participant_2,participant_2/high_knee_run_2020-08-27--20-15-50.json,91,participant_2,3
high_knee_run,participant_2,participant_2/high_knee_run_2020-08-27--20-15-50.json,104,participant_2,3
high_knee_run,participant_2,participant_2/high_knee_run_2020-08-27--20-15-50.json,117,participant_2,3
high_knee_run,participant_2,participant_2/high_knee_run_2020-08-27--20-15-50.json,130,participant_2,3
high_knee_run,participant_2,participant_2/high_knee_run_2020-08-27--20-15-50.json,143,participant_2,3
high_knee_run,participant_2,participant_2/high_knee_run_2020-08-27--20-15-50.json,156,participant_2,3
high_knee_run,participant_2,participant_2/high_knee_run_2020-08-27--20-15-50.json,169,participant_2,3
high_knee_run,participant_2,participant_2/high_knee_run_2020-08-27--20-15-50.json,182,participant_2,3
high_knee_run,participant_2,participant_2/high_knee_run_2020-08-27--20-15-50.json,195,participant_2,3
high_knee_run,participant_2,participant_2/high_knee_run_2020-08-27--20-15-50.json,208,participant_2,3
high_knee_run,participant_2,participant_2/high_knee_run_2020-08-27--20-15-50.json,221,participant_2,3
high_knee_run,participant_2,participant_2/high_knee_run_2020-08-27--20-15-50.json,234,participant_2,3
high_knee_run,participant_2,participant_2/high_knee_run_2020-08-27--20-15-50.json,247,participant_2,3
high_knee_run,participant_2,participant_2/high_knee_run_2020-08-27--20-15-50.json,260,participant_2,3
high_knee_run,participant_2,participant_2/high_knee_run_2020-08-27--20-15-50.json,273,participant_2,3
high_knee_run,participant_2,participant_2/high_knee_run_2020-08-27--20-15-50.json,286,participant_2,3
high_knee_run,participant_2,participant_2/high_knee_run_2020-08-27--20-15-50.json,299,participant_2,3
high_knee_run,participant_2,participant_2/high_knee_run_2020-08-27--20-15-50.json,312,participant_2,3
high_knee_run,participant_2,participant_2/high_knee_run_2020-08-27--20-15-50.json,325,participant_2,3
high_knee_run,participant_2,participant_2/high_knee_run_2020-08-27--20-15-50.json,338,participant_2,3
high_knee_run,participant_2,participant_2/high_knee_run_2020-08-27--20-15-50.json,351,participant_2,3
high_knee_run,participant_2,participant_2/high_knee_run_2020-08-27--20-15-50.json,364,participant_2,3
high_knee_run,participant_2,participant_2/high_knee_run_2020-08-27--20-15-50.json,377,participant_2,3
high_knee_run,participant_2,participant_2/high_knee_run_2020-08-27--20-15-50.json,390,participant_2,3
high_knee_run,participant_2,participant_2/high_knee_run_2020-08-27--20-15-50.json,403,participant_2,3
high_knee_run,participant_2,participant_2/high_knee_run_2020-08-27--20-15-50.json,416,participant_2,3
high_knee_run,participant_2,participant_2/high_knee_run_2020-08-27--20-15-50.json,429,participant_2,3
high_knee_run,participant_2,participant_2/high_knee_run_2020-08-27--20-15-50.json,442,participant_2,3
high_knee_run,participant_2,participant_2/high_knee_run_2020-08-27--20-15-50.json,455,participant_2,3
running,participant_2,participant_2/running_2020-08-27--20-16-12.json,0,participant_2,4
running,participant_2,participant_2/running_2020-08-27--20-16-12.json,13,participant_2,4
running,participant_2,participant_2/running_2020-08-27--20-16-12.json,26,participant_2,4
running,participant_2,participant_2/running_2020-08-27--20-16-12.json,39,participant_2,4
running,participant_2,participant_2/running_2020-08-27--20-16-12.json,52,participant_2,4
running,participant_2,participant_2/running_2020-08-27--20-16-12.json,65,participant_2,4
running,participant_2,participant_2/running_2020-08-27--20-16-12.json,78,participant_2,4
running,participant_2,participant_2/running_2020-08-27--20-16-12.json,91,participant_2,4
running,participant_2,participant_2/running_2020-08-27--20-16-12.json,104,participant_2,4
running,participant_2,participant_2/running_2020-08-27--20-16-12.json,117,participant_2,4
running,participant_2,participant_2/running_2020-08-27--20-16-12.json,130,participant_2,4
running,participant_2,participant_2/running_2020-08-27--20-16-12.json,143,participant_2,4
running,participant_2,participant_2/running_2020-08-27--20-16-12.json,156,participant_2,4
running,participant_2,participant_2/running_2020-08-27--20-16-12.json,169,participant_2,4
running,participant_2,participant_2/running_2020-08-27--20-16-12.json,182,participant_2,4
running,participant_2,participant_2/running_2020-08-27--20-16-12.json,195,participant_2,4
running,participant_2,participant_2/running_2020-08-27--20-16-12.json,208,participant_2,4
running,participant_2,participant_2/running_2020-08-27--20-16-12.json,221,participant_2,4
running,participant_2,participant_2/running_2020-08-27--20-16-12.json,234,participant_2,4
running,participant_2,participant_2/running_2020-08-27--20-16-12.json,247,participant_2,4
running,participant_2,participant_2/running_2020-08-27--20-16-12.json,260,participant_2,4
running,participant_2,participant_2/running_2020-08-27--20-16-12.json,273,participant_2,4
running,participant_2,participant_2/running_2020-08-27--20-16-12.json,286,participant_2,4
running,participant_2,participant_2/running_2020-08-27--20-16-12.json,299,participant_2,4
running,participant_2,participant_2/running_2020-08-27--20-16-12.json,312,participant_2,4
running,participant_2,participant_2/running_2020-08-27--20-16-12.json,325,participant_2,4
running,participant_2,participant_2/running_2020-08-27--20-16-12.json,338,participant_2,4
running,participant_2,participant_2/running_2020-08-27--20-16-12.json,351,participant_2,4
running,participant_2,participant_2/running_2020-08-27--20-16-12.json,364,participant_2,4
running,participant_2,participant_2/running_2020-08-27--20-16-12.json,377,participant_2,4
running,participant_2,participant_2/running_2020-08-27--20-16-12.json,390,participant_2,4
running,participant_2,participant_2/running_2020-08-27--20-16-12.json,403,participant_2,4
running,participant_2,participant_2/running_2020-08-27--20-16-12.json,416,participant_2,4
running,participant_2,participant_2/running_2020-08-27--20-16-12.json,429,participant_2,4
running,participant_2,participant_2/running_2020-08-27--20-16-12.json,442,participant_2,4
running,participant_2,participant_2/running_2020-08-27--20-16-12.json,455,participant_2,4
sideskips_left,participant_2,participant_2/sideskips_left_2020-08-27--20-18-05.json,0,participant_2,5
sideskips_left,participant_2,participant_2/sideskips_left_2020-08-27--20-18-05.json,13,participant_2,5
sideskips_left,participant_2,participant_2/sideskips_left_2020-08-27--20-18-05.json,26,participant_2,5
sideskips_left,participant_2,participant_2/sideskips_left_2020-08-27--20-18-05.json,39,participant_2,5
sideskips_left,participant_2,participant_2/sideskips_left_2020-08-27--20-18-05.json,52,participant_2,5
sideskips_left,participant_2,participant_2/sideskips_left_2020-08-27--20-18-05.json,65,participant_2,5
sideskips_left,participant_2,participant_2/sideskips_left_2020-08-27--20-18-05.json,78,participant_2,5
sideskips_left,participant_2,participant_2/sideskips_left_2020-08-27--20-18-05.json,91,participant_2,5
sideskips_left,participant_2,participant_2/sideskips_left_2020-08-27--20-18-05.json,104,participant_2,5
sideskips_left,participant_2,participant_2/sideskips_left_2020-08-27--20-18-05.json,117,participant_2,5
sideskips_left,participant_2,participant_2/sideskips_left_2020-08-27--20-18-05.json,130,participant_2,5
sideskips_left,participant_2,participant_2/sideskips_left_2020-08-27--20-18-05.json,143,participant_2,5
sideskips_left,participant_2,participant_2/sideskips_left_2020-08-27--20-18-05.json,156,participant_2,5
sideskips_left,participant_2,participant_2/sideskips_left_2020-08-27--20-18-05.json,169,participant_2,5
sideskips_left,participant_2,participant_2/sideskips_left_2020-08-27--20-18-05.json,182,participant_2,5
sideskips_left,participant_2,participant_2/sideskips_left_2020-08-27--20-18-05.json,195,participant_2,5
sideskips_left,participant_2,participant_2/sideskips_left_2020-08-27--20-18-05.json,208,participant_2,5
sideskips_left,participant_2,participant_2/sideskips_left_2020-08-27--20-18-05.json,221,participant_2,5
sideskips_left,participant_2,participant_2/sideskips_left_2020-08-27--20-18-05.json,234,participant_2,5
sideskips_left,participant_2,participant_2/sideskips_left_2020-08-27--20-18-05.json,247,participant_2,5
sideskips_left,participant_2,participant_2/sideskips_left_2020-08-27--20-18-05.json,260,participant_2,5
sideskips_left,participant_2,participant_2/sideskips_left_2020-08-27--20-18-05.json,273,participant_2,5
sideskips_left,participant_2,participant_2/sideskips_left_2020-08-27--20-18-05.json,286,participant_2,5
sideskips_left,participant_2,participant_2/sideskips_left_2020-08-27--20-18-05.json,299,participant_2,5
sideskips_left,participant_2,participant_2/sideskips_left_2020-08-27--20-18-05.json,312,participant_2,5
sideskips_left,participant_2,participant_2/sideskips_left_2020-08-27--20-18-05.json,325,participant_2,5
sideskips_left,participant_2,participant_2/sideskips_left_2020-08-27--20-18-05.json,338,participant_2,5
sideskips_left,participant_2,participant_2/sideskips_left_2020-08-27--20-18-05.json,351,participant_2,5
sideskips_left,participant_2,participant_2/sideskips_left_2020-08-27--20-18-05.json,364,participant_2,5
sideskips_left,participant_2,participant_2/sideskips_left_2020-08-27--20-18-05.json,377,participant_2,5
sideskips_left,participant_2,participant_2/sideskips_left_2020-08-27--20-18-05.json,390,participant_2,5
sideskips_left,participant_2,participant_2/sideskips_left_2020-08-27--20-18-05.json,403,participant_2,5
sideskips_left,participant_2,participant_2/sideskips_left_2020-08-27--20-18-05.json,416,participant_2,5
sideskips_left,participant_2,participant_2/sideskips_left_2020-08-27--20-18-05.json,429,participant_2,5
sideskips_left,participant_2,participant_2/sideskips_left_2020-08-27--20-18-05.json,442,participant_2,5
sideskips_left,participant_2,participant_2/sideskips_left_2020-08-27--20-18-05.json,455,participant_2,5
sideskips_right,participant_2,participant_2/sideskips_right_2020-08-27--20-18-40.json,0,participant_2,6
sideskips_right,participant_2,participant_2/sideskips_right_2020-08-27--20-18-40.json,13,participant_2,6
sideskips_right,participant_2,participant_2/sideskips_right_2020-08-27--20-18-40.json,26,participant_2,6
sideskips_right,participant_2,participant_2/sideskips_right_2020-08-27--20-18-40.json,39,participant_2,6
sideskips_right,participant_2,participant_2/sideskips_right_2020-08-27--20-18-40.json,52,participant_2,6
sideskips_right,participant_2,participant_2/sideskips_right_2020-08-27--20-18-40.json,65,participant_2,6
sideskips_right,participant_2,participant_2/sideskips_right_2020-08-27--20-18-40.json,78,participant_2,6
sideskips_right,participant_2,participant_2/sideskips_right_2020-08-27--20-18-40.json,91,participant_2,6
sideskips_right,participant_2,participant_2/sideskips_right_2020-08-27--20-18-40.json,104,participant_2,6
sideskips_right,participant_2,participant_2/sideskips_right_2020-08-27--20-18-40.json,117,participant_2,6
sideskips_right,participant_2,participant_2/sideskips_right_2020-08-27--20-18-40.json,130,participant_2,6
sideskips_right,participant_2,participant_2/sideskips_right_2020-08-27--20-18-40.json,143,participant_2,6
sideskips_right,participant_2,participant_2/sideskips_right_2020-08-27--20-18-40.json,156,participant_2,6
sideskips_right,participant_2,participant_2/sideskips_right_2020-08-27--20-18-40.json,169,participant_2,6
sideskips_right,participant_2,participant_2/sideskips_right_2020-08-27--20-18-40.json,182,participant_2,6
sideskips_right,participant_2,participant_2/sideskips_right_2020-08-27--20-18-40.json,195,participant_2,6
sideskips_right,participant_2,participant_2/sideskips_right_2020-08-27--20-18-40.json,208,participant_2,6
sideskips_right,participant_2,participant_2/sideskips_right_2020-08-27--20-18-40.json,221,participant_2,6
sideskips_right,participant_2,participant_2/sideskips_right_2020-08-27--20-18-40.json,234,participant_2,6
sideskips_right,participant_2,participant_2/sideskips_right_2020-08-27--20-18-40.json,247,participant_2,6
sideskips_right,participant_2,participant_2/sideskips_right_2020-08-27--20-18-40.json,260,participant_2,6
sideskips_right,participant_2,participant_2/sideskips_right_2020-08-27--20-18-40.json,273,participant_2,6
sideskips_right,participant_2,participant_2/sideskips_right_2020-08-27--20-18-40.json,286,participant_2,6
sideskips_right,participant_2,participant_2/sideskips_right_2020-08-27--20-18-40.json,299,participant_2,6
sideskips_right,participant_2,participant_2/sideskips_right_2020-08-27--20-18-40.json,312,participant_2,6
sideskips_right,participant_2,participant_2/sideskips_right_2020-08-27--20-18-40.json,325,participant_2,6
sideskips_right,participant_2,participant_2/sideskips_right_2020-08-27--20-18-40.json,338,participant_2,6
sideskips_right,participant_2,participant_2/sideskips_right_2020-08-27--20-18-40.json,351,participant_2,6
sideskips_right,participant_2,participant_2/sideskips_right_2020-08-27--20-18-40.json,364,participant_2,6
sideskips_right,participant_2,participant_2/sideskips_right_2020-08-27--20-18-40.json,377,participant_2,6
sideskips_right,participant_2,participant_2/sideskips_right_2020-08-27--20-18-40.json,390,participant_2,6
sideskips_right,participant_2,participant_2/sideskips_right_2020-08-27--20-18-40.json,403,participant_2,6
sideskips_right,participant_2,participant_2/sideskips_right_2020-08-27--20-18-40.json,416,participant_2,6
sideskips_right,participant_2,participant_2/sideskips_right_2020-08-27--20-18-40.json,429,participant_2,6
sideskips_right,participant_2,participant_2/sideskips_right_2020-08-27--20-18-40.json,442,participant_2,6
sideskips_right,participant_2,participant_2/sideskips_right_2020-08-27--20-18-40.json,455,participant_2,6
carioca_left,participant_20,participant_20/carioca_left_2020-08-27--19-56-56.json,0,participant_20,0
carioca_left,participant_20,participant_20/carioca_left_2020-08-27--19-56-56.json,13,participant_20,0
carioca_left,participant_20,participant_20/carioca_left_2020-08-27--19-56-56.json,26,participant_20,0
carioca_left,participant_20,participant_20/carioca_left_2020-08-27--19-56-56.json,39,participant_20,0
carioca_left,participant_20,participant_20/carioca_left_2020-08-27--19-56-56.json,52,participant_20,0
carioca_left,participant_20,participant_20/carioca_left_2020-08-27--19-56-56.json,65,participant_20,0
carioca_left,participant_20,participant_20/carioca_left_2020-08-27--19-56-56.json,78,participant_20,0
carioca_left,participant_20,participant_20/carioca_left_2020-08-27--19-56-56.json,91,participant_20,0
carioca_left,participant_20,participant_20/carioca_left_2020-08-27--19-56-56.json,104,participant_20,0
carioca_left,participant_20,participant_20/carioca_left_2020-08-27--19-56-56.json,117,participant_20,0
carioca_left,participant_20,participant_20/carioca_left_2020-08-27--19-56-56.json,130,participant_20,0
carioca_left,participant_20,participant_20/carioca_left_2020-08-27--19-56-56.json,143,participant_20,0
carioca_left,participant_20,participant_20/carioca_left_2020-08-27--19-56-56.json,156,participant_20,0
carioca_left,participant_20,participant_20/carioca_left_2020-08-27--19-56-56.json,169,participant_20,0
carioca_left,participant_20,participant_20/carioca_left_2020-08-27--19-56-56.json,182,participant_20,0
carioca_left,participant_20,participant_20/carioca_left_2020-08-27--19-56-56.json,195,participant_20,0
carioca_left,participant_20,participant_20/carioca_left_2020-08-27--19-56-56.json,208,participant_20,0
carioca_left,participant_20,participant_20/carioca_left_2020-08-27--19-56-56.json,221,participant_20,0
carioca_left,participant_20,participant_20/carioca_left_2020-08-27--19-56-56.json,234,participant_20,0
carioca_left,participant_20,participant_20/carioca_left_2020-08-27--19-56-56.json,247,participant_20,0
carioca_left,participant_20,participant_20/carioca_left_2020-08-27--19-56-56.json,260,participant_20,0
carioca_left,participant_20,participant_20/carioca_left_2020-08-27--19-56-56.json,273,participant_20,0
carioca_left,participant_20,participant_20/carioca_left_2020-08-27--19-56-56.json,286,participant_20,0
carioca_left,participant_20,participant_20/carioca_left_2020-08-27--19-56-56.json,299,participant_20,0
carioca_left,participant_20,participant_20/carioca_left_2020-08-27--19-56-56.json,312,participant_20,0
carioca_left,participant_20,participant_20/carioca_left_2020-08-27--19-56-56.json,325,participant_20,0
carioca_left,participant_20,participant_20/carioca_left_2020-08-27--19-56-56.json,338,participant_20,0
carioca_left,participant_20,participant_20/carioca_left_2020-08-27--19-56-56.json,351,participant_20,0
carioca_left,participant_20,participant_20/carioca_left_2020-08-27--19-56-56.json,364,participant_20,0
carioca_left,participant_20,participant_20/carioca_left_2020-08-27--19-56-56.json,377,participant_20,0
carioca_left,participant_20,participant_20/carioca_left_2020-08-27--19-56-56.json,390,participant_20,0
carioca_left,participant_20,participant_20/carioca_left_2020-08-27--19-56-56.json,403,participant_20,0
carioca_left,participant_20,participant_20/carioca_left_2020-08-27--19-56-56.json,416,participant_20,0
carioca_left,participant_20,participant_20/carioca_left_2020-08-27--19-56-56.json,429,participant_20,0
carioca_left,participant_20,participant_20/carioca_left_2020-08-27--19-56-56.json,442,participant_20,0
carioca_left,participant_20,participant_20/carioca_left_2020-08-27--19-56-56.json,455,participant_20,0
carioca_right,participant_20,participant_20/carioca_right_2020-08-27--19-56-24.json,0,participant_20,1
carioca_right,participant_20,participant_20/carioca_right_2020-08-27--19-56-24.json,13,participant_20,1
carioca_right,participant_20,participant_20/carioca_right_2020-08-27--19-56-24.json,26,participant_20,1
carioca_right,participant_20,participant_20/carioca_right_2020-08-27--19-56-24.json,39,participant_20,1
carioca_right,participant_20,participant_20/carioca_right_2020-08-27--19-56-24.json,52,participant_20,1
carioca_right,participant_20,participant_20/carioca_right_2020-08-27--19-56-24.json,65,participant_20,1
carioca_right,participant_20,participant_20/carioca_right_2020-08-27--19-56-24.json,78,participant_20,1
carioca_right,participant_20,participant_20/carioca_right_2020-08-27--19-56-24.json,91,participant_20,1
carioca_right,participant_20,participant_20/carioca_right_2020-08-27--19-56-24.json,104,participant_20,1
carioca_right,participant_20,participant_20/carioca_right_2020-08-27--19-56-24.json,117,participant_20,1
carioca_right,participant_20,participant_20/carioca_right_2020-08-27--19-56-24.json,130,participant_20,1
carioca_right,participant_20,participant_20/carioca_right_2020-08-27--19-56-24.json,143,participant_20,1
carioca_right,participant_20,participant_20/carioca_right_2020-08-27--19-56-24.json,156,participant_20,1
carioca_right,participant_20,participant_20/carioca_right_2020-08-27--19-56-24.json,169,participant_20,1
carioca_right,participant_20,participant_20/carioca_right_2020-08-27--19-56-24.json,182,participant_20,1
carioca_right,participant_20,participant_20/carioca_right_2020-08-27--19-56-24.json,195,participant_20,1
carioca_right,participant_20,participant_20/carioca_right_2020-08-27--19-56-24.json,208,participant_20,1
carioca_right,participant_20,participant_20/carioca_right_2020-08-27--19-56-24.json,221,participant_20,1
carioca_right,participant_20,participant_20/carioca_right_2020-08-27--19-56-24.json,234,participant_20,1
carioca_right,participant_20,participant_20/carioca_right_2020-08-27--19-56-24.json,247,participant_20,1
carioca_right,participant_20,participant_20/carioca_right_2020-08-27--19-56-24.json,260,participant_20,1
carioca_right,participant_20,participant_20/carioca_right_2020-08-27--19-56-24.json,273,participant_20,1
carioca_right,participant_20,participant_20/carioca_right_2020-08-27--19-56-24.json,286,participant_20,1
carioca_right,participant_20,participant_20/carioca_right_2020-08-27--19-56-24.json,299,participant_20,1
carioca_right,participant_20,participant_20/carioca_right_2020-08-27--19-56-24.json,312,participant_20,1
carioca_right,participant_20,participant_20/carioca_right_2020-08-27--19-56-24.json,325,participant_20,1
carioca_right,participant_20,participant_20/carioca_right_2020-08-27--19-56-24.json,338,participant_20,1
carioca_right,participant_20,participant_20/carioca_right_2020-08-27--19-56-24.json,351,participant_20,1
carioca_right,participant_20,participant_20/carioca_right_2020-08-27--19-56-24.json,364,participant_20,1
carioca_right,participant_20,participant_20/carioca_right_2020-08-27--19-56-24.json,377,participant_20,1
carioca_right,participant_20,participant_20/carioca_right_2020-08-27--19-56-24.json,390,participant_20,1
carioca_right,participant_20,participant_20/carioca_right_2020-08-27--19-56-24.json,403,participant_20,1
carioca_right,participant_20,participant_20/carioca_right_2020-08-27--19-56-24.json,416,participant_20,1
carioca_right,participant_20,participant_20/carioca_right_2020-08-27--19-56-24.json,429,participant_20,1
carioca_right,participant_20,participant_20/carioca_right_2020-08-27--19-56-24.json,442,participant_20,1
carioca_right,participant_20,participant_20/carioca_right_2020-08-27--19-56-24.json,455,participant_20,1
heel_to_butt,participant_20,participant_20/heel_to_butt_2020-08-27--19-54-23.json,0,participant_20,2
heel_to_butt,participant_20,participant_20/heel_to_butt_2020-08-27--19-54-23.json,13,participant_20,2
heel_to_butt,participant_20,participant_20/heel_to_butt_2020-08-27--19-54-23.json,26,participant_20,2
heel_to_butt,participant_20,participant_20/heel_to_butt_2020-08-27--19-54-23.json,39,participant_20,2
heel_to_butt,participant_20,participant_20/heel_to_butt_2020-08-27--19-54-23.json,52,participant_20,2
heel_to_butt,participant_20,participant_20/heel_to_butt_2020-08-27--19-54-23.json,65,participant_20,2
heel_to_butt,participant_20,participant_20/heel_to_butt_2020-08-27--19-54-23.json,78,participant_20,2
heel_to_butt,participant_20,participant_20/heel_to_butt_2020-08-27--19-54-23.json,91,participant_20,2
heel_to_butt,participant_20,participant_20/heel_to_butt_2020-08-27--19-54-23.json,104,participant_20,2
heel_to_butt,participant_20,participant_20/heel_to_butt_2020-08-27--19-54-23.json,117,participant_20,2
heel_to_butt,participant_20,participant_20/heel_to_butt_2020-08-27--19-54-23.json,130,participant_20,2
heel_to_butt,participant_20,participant_20/heel_to_butt_2020-08-27--19-54-23.json,143,participant_20,2
heel_to_butt,participant_20,participant_20/heel_to_butt_2020-08-27--19-54-23.json,156,participant_20,2
heel_to_butt,participant_20,participant_20/heel_to_butt_2020-08-27--19-54-23.json,169,participant_20,2
heel_to_butt,participant_20,participant_20/heel_to_butt_2020-08-27--19-54-23.json,182,participant_20,2
heel_to_butt,participant_20,participant_20/heel_to_butt_2020-08-27--19-54-23.json,195,participant_20,2
heel_to_butt,participant_20,participant_20/heel_to_butt_2020-08-27--19-54-23.json,208,participant_20,2
heel_to_butt,participant_20,participant_20/heel_to_butt_2020-08-27--19-54-23.json,221,participant_20,2
heel_to_butt,participant_20,participant_20/heel_to_butt_2020-08-27--19-54-23.json,234,participant_20,2
heel_to_butt,participant_20,participant_20/heel_to_butt_2020-08-27--19-54-23.json,247,participant_20,2
heel_to_butt,participant_20,participant_20/heel_to_butt_2020-08-27--19-54-23.json,260,participant_20,2
heel_to_butt,participant_20,participant_20/heel_to_butt_2020-08-27--19-54-23.json,273,participant_20,2
heel_to_butt,participant_20,participant_20/heel_to_butt_2020-08-27--19-54-23.json,286,participant_20,2
heel_to_butt,participant_20,participant_20/heel_to_butt_2020-08-27--19-54-23.json,299,participant_20,2
heel_to_butt,participant_20,participant_20/heel_to_butt_2020-08-27--19-54-23.json,312,participant_20,2
heel_to_butt,participant_20,participant_20/heel_to_butt_2020-08-27--19-54-23.json,325,participant_20,2
heel_to_butt,participant_20,participant_20/heel_to_butt_2020-08-27--19-54-23.json,338,participant_20,2
heel_to_butt,participant_20,participant_20/heel_to_butt_2020-08-27--19-54-23.json,351,participant_20,2
heel_to_butt,participant_20,participant_20/heel_to_butt_2020-08-27--19-54-23.json,364,participant_20,2
heel_to_butt,participant_20,participant_20/heel_to_butt_2020-08-27--19-54-23.json,377,participant_20,2
heel_to_butt,participant_20,participant_20/heel_to_butt_2020-08-27--19-54-23.json,390,participant_20,2
heel_to_butt,participant_20,participant_20/heel_to_butt_2020-08-27--19-54-23.json,403,participant_20,2
heel_to_butt,participant_20,participant_20/heel_to_butt_2020-08-27--19-54-23.json,416,participant_20,2
heel_to_butt,participant_20,participant_20/heel_to_butt_2020-08-27--19-54-23.json,429,participant_20,2
heel_to_butt,participant_20,participant_20/heel_to_butt_2020-08-27--19-54-23.json,442,participant_20,2
heel_to_butt,participant_20,participant_20/heel_to_butt_2020-08-27--19-54-23.json,455,participant_20,2
high_knee_run,participant_20,participant_20/high_knee_run_2020-08-27--19-55-47.json,0,participant_20,3
high_knee_run,participant_20,participant_20/high_knee_run_2020-08-27--19-55-47.json,13,participant_20,3
high_knee_run,participant_20,participant_20/high_knee_run_2020-08-27--19-55-47.json,26,participant_20,3
high_knee_run,participant_20,participant_20/high_knee_run_2020-08-27--19-55-47.json,39,participant_20,3
high_knee_run,participant_20,participant_20/high_knee_run_2020-08-27--19-55-47.json,52,participant_20,3
high_knee_run,participant_20,participant_20/high_knee_run_2020-08-27--19-55-47.json,65,participant_20,3
high_knee_run,participant_20,participant_20/high_knee_run_2020-08-27--19-55-47.json,78,participant_20,3
high_knee_run,participant_20,participant_20/high_knee_run_2020-08-27--19-55-47.json,91,participant_20,3
high_knee_run,participant_20,participant_20/high_knee_run_2020-08-27--19-55-47.json,104,participant_20,3
high_knee_run,participant_20,participant_20/high_knee_run_2020-08-27--19-55-47.json,117,participant_20,3
high_knee_run,participant_20,participant_20/high_knee_run_2020-08-27--19-55-47.json,130,participant_20,3
high_knee_run,participant_20,participant_20/high_knee_run_2020-08-27--19-55-47.json,143,participant_20,3
high_knee_run,participant_20,participant_20/high_knee_run_2020-08-27--19-55-47.json,156,participant_20,3
high_knee_run,participant_20,participant_20/high_knee_run_2020-08-27--19-55-47.json,169,participant_20,3
high_knee_run,participant_20,participant_20/high_knee_run_2020-08-27--19-55-47.json,182,participant_20,3
high_knee_run,participant_20,participant_20/high_knee_run_2020-08-27--19-55-47.json,195,participant_20,3
high_knee_run,participant_20,participant_20/high_knee_run_2020-08-27--19-55-47.json,208,participant_20,3
high_knee_run,participant_20,participant_20/high_knee_run_2020-08-27--19-55-47.json,221,participant_20,3
high_knee_run,participant_20,participant_20/high_knee_run_2020-08-27--19-55-47.json,234,participant_20,3
high_knee_run,participant_20,participant_20/high_knee_run_2020-08-27--19-55-47.json,247,participant_20,3
high_knee_run,participant_20,participant_20/high_knee_run_2020-08-27--19-55-47.json,260,participant_20,3
high_knee_run,participant_20,participant_20/high_knee_run_2020-08-27--19-55-47.json,273,participant_20,3
high_knee_run,participant_20,participant_20/high_knee_run_2020-08-27--19-55-47.json,286,participant_20,3
high_knee_run,participant_20,participant_20/high_knee_run_2020-08-27--19-55-47.json,299,participant_20,3
high_knee_run,participant_20,participant_20/high_knee_run_2020-08-27--19-55-47.json,312,participant_20,3
high_knee_run,participant_20,participant_20/high_knee_run_2020-08-27--19-55-47.json,325,participant_20,3
high_knee_run,participant_20,participant_20/high_knee_run_2020-08-27--19-55-47.json,338,participant_20,3
high_knee_run,participant_20,participant_20/high_knee_run_2020-08-27--19-55-47.json,351,participant_20,3
high_knee_run,participant_20,participant_20/high_knee_run_2020-08-27--19-55-47.json,364,participant_20,3
high_knee_run,participant_20,participant_20/high_knee_run_2020-08-27--19-55-47.json,377,participant_20,3
high_knee_run,participant_20,participant_20/high_knee_run_2020-08-27--19-55-47.json,390,participant_20,3
high_knee_run,participant_20,participant_20/high_knee_run_2020-08-27--19-55-47.json,403,participant_20,3
high_knee_run,participant_20,participant_20/high_knee_run_2020-08-27--19-55-47.json,416,participant_20,3
high_knee_run,participant_20,participant_20/high_knee_run_2020-08-27--19-55-47.json,429,participant_20,3
high_knee_run,participant_20,participant_20/high_knee_run_2020-08-27--19-55-47.json,442,participant_20,3
high_knee_run,participant_20,participant_20/high_knee_run_2020-08-27--19-55-47.json,455,participant_20,3
running,participant_20,participant_20/running_2020-08-27--19-53-57.json,0,participant_20,4
running,participant_20,participant_20/running_2020-08-27--19-53-57.json,13,participant_20,4
running,participant_20,participant_20/running_2020-08-27--19-53-57.json,26,participant_20,4
running,participant_20,participant_20/running_2020-08-27--19-53-57.json,39,participant_20,4
running,participant_20,participant_20/running_2020-08-27--19-53-57.json,52,participant_20,4
running,participant_20,participant_20/running_2020-08-27--19-53-57.json,65,participant_20,4
running,participant_20,participant_20/running_2020-08-27--19-53-57.json,78,participant_20,4
running,participant_20,participant_20/running_2020-08-27--19-53-57.json,91,participant_20,4
running,participant_20,participant_20/running_2020-08-27--19-53-57.json,104,participant_20,4
running,participant_20,participant_20/running_2020-08-27--19-53-57.json,117,participant_20,4
running,participant_20,participant_20/running_2020-08-27--19-53-57.json,130,participant_20,4
running,participant_20,participant_20/running_2020-08-27--19-53-57.json,143,participant_20,4
running,participant_20,participant_20/running_2020-08-27--19-53-57.json,156,participant_20,4
running,participant_20,participant_20/running_2020-08-27--19-53-57.json,169,participant_20,4
running,participant_20,participant_20/running_2020-08-27--19-53-57.json,182,participant_20,4
running,participant_20,participant_20/running_2020-08-27--19-53-57.json,195,participant_20,4
running,participant_20,participant_20/running_2020-08-27--19-53-57.json,208,participant_20,4
running,participant_20,participant_20/running_2020-08-27--19-53-57.json,221,participant_20,4
running,participant_20,participant_20/running_2020-08-27--19-53-57.json,234,participant_20,4
running,participant_20,participant_20/running_2020-08-27--19-53-57.json,247,participant_20,4
running,participant_20,participant_20/running_2020-08-27--19-53-57.json,260,participant_20,4
running,participant_20,participant_20/running_2020-08-27--19-53-57.json,273,participant_20,4
running,participant_20,participant_20/running_2020-08-27--19-53-57.json,286,participant_20,4
running,participant_20,participant_20/running_2020-08-27--19-53-57.json,299,participant_20,4
running,participant_20,participant_20/running_2020-08-27--19-53-57.json,312,participant_20,4
running,participant_20,participant_20/running_2020-08-27--19-53-57.json,325,participant_20,4
running,participant_20,participant_20/running_2020-08-27--19-53-57.json,338,participant_20,4
running,participant_20,participant_20/running_2020-08-27--19-53-57.json,351,participant_20,4
running,participant_20,participant_20/running_2020-08-27--19-53-57.json,364,participant_20,4
running,participant_20,participant_20/running_2020-08-27--19-53-57.json,377,participant_20,4
running,participant_20,participant_20/running_2020-08-27--19-53-57.json,390,participant_20,4
running,participant_20,participant_20/running_2020-08-27--19-53-57.json,403,participant_20,4
running,participant_20,participant_20/running_2020-08-27--19-53-57.json,416,participant_20,4
running,participant_20,participant_20/running_2020-08-27--19-53-57.json,429,participant_20,4
running,participant_20,participant_20/running_2020-08-27--19-53-57.json,442,participant_20,4
running,participant_20,participant_20/running_2020-08-27--19-53-57.json,455,participant_20,4
sideskips_left,participant_20,participant_20/sideskips_left_2020-08-27--19-54-50.json,0,participant_20,5
sideskips_left,participant_20,participant_20/sideskips_left_2020-08-27--19-54-50.json,13,participant_20,5
sideskips_left,participant_20,participant_20/sideskips_left_2020-08-27--19-54-50.json,26,participant_20,5
sideskips_left,participant_20,participant_20/sideskips_left_2020-08-27--19-54-50.json,39,participant_20,5
sideskips_left,participant_20,participant_20/sideskips_left_2020-08-27--19-54-50.json,52,participant_20,5
sideskips_left,participant_20,participant_20/sideskips_left_2020-08-27--19-54-50.json,65,participant_20,5
sideskips_left,participant_20,participant_20/sideskips_left_2020-08-27--19-54-50.json,78,participant_20,5
sideskips_left,participant_20,participant_20/sideskips_left_2020-08-27--19-54-50.json,91,participant_20,5
sideskips_left,participant_20,participant_20/sideskips_left_2020-08-27--19-54-50.json,104,participant_20,5
sideskips_left,participant_20,participant_20/sideskips_left_2020-08-27--19-54-50.json,117,participant_20,5
sideskips_left,participant_20,participant_20/sideskips_left_2020-08-27--19-54-50.json,130,participant_20,5
sideskips_left,participant_20,participant_20/sideskips_left_2020-08-27--19-54-50.json,143,participant_20,5
sideskips_left,participant_20,participant_20/sideskips_left_2020-08-27--19-54-50.json,156,participant_20,5
sideskips_left,participant_20,participant_20/sideskips_left_2020-08-27--19-54-50.json,169,participant_20,5
sideskips_left,participant_20,participant_20/sideskips_left_2020-08-27--19-54-50.json,182,participant_20,5
sideskips_left,participant_20,participant_20/sideskips_left_2020-08-27--19-54-50.json,195,participant_20,5
sideskips_left,participant_20,participant_20/sideskips_left_2020-08-27--19-54-50.json,208,participant_20,5
sideskips_left,participant_20,participant_20/sideskips_left_2020-08-27--19-54-50.json,221,participant_20,5
sideskips_left,participant_20,participant_20/sideskips_left_2020-08-27--19-54-50.json,234,participant_20,5
sideskips_left,participant_20,participant_20/sideskips_left_2020-08-27--19-54-50.json,247,participant_20,5
sideskips_left,participant_20,participant_20/sideskips_left_2020-08-27--19-54-50.json,260,participant_20,5
sideskips_left,participant_20,participant_20/sideskips_left_2020-08-27--19-54-50.json,273,participant_20,5
sideskips_left,participant_20,participant_20/sideskips_left_2020-08-27--19-54-50.json,286,participant_20,5
sideskips_left,participant_20,participant_20/sideskips_left_2020-08-27--19-54-50.json,299,participant_20,5
sideskips_left,participant_20,participant_20/sideskips_left_2020-08-27--19-54-50.json,312,participant_20,5
sideskips_left,participant_20,participant_20/sideskips_left_2020-08-27--19-54-50.json,325,participant_20,5
sideskips_left,participant_20,participant_20/sideskips_left_2020-08-27--19-54-50.json,338,participant_20,5
sideskips_left,participant_20,participant_20/sideskips_left_2020-08-27--19-54-50.json,351,participant_20,5
sideskips_left,participant_20,participant_20/sideskips_left_2020-08-27--19-54-50.json,364,participant_20,5
sideskips_left,participant_20,participant_20/sideskips_left_2020-08-27--19-54-50.json,377,participant_20,5
sideskips_left,participant_20,participant_20/sideskips_left_2020-08-27--19-54-50.json,390,participant_20,5
sideskips_left,participant_20,participant_20/sideskips_left_2020-08-27--19-54-50.json,403,participant_20,5
sideskips_left,participant_20,participant_20/sideskips_left_2020-08-27--19-54-50.json,416,participant_20,5
sideskips_left,participant_20,participant_20/sideskips_left_2020-08-27--19-54-50.json,429,participant_20,5
sideskips_left,participant_20,participant_20/sideskips_left_2020-08-27--19-54-50.json,442,participant_20,5
sideskips_left,participant_20,participant_20/sideskips_left_2020-08-27--19-54-50.json,455,participant_20,5
sideskips_right,participant_20,participant_20/sideskips_right_2020-08-27--19-55-15.json,0,participant_20,6
sideskips_right,participant_20,participant_20/sideskips_right_2020-08-27--19-55-15.json,13,participant_20,6
sideskips_right,participant_20,participant_20/sideskips_right_2020-08-27--19-55-15.json,26,participant_20,6
sideskips_right,participant_20,participant_20/sideskips_right_2020-08-27--19-55-15.json,39,participant_20,6
sideskips_right,participant_20,participant_20/sideskips_right_2020-08-27--19-55-15.json,52,participant_20,6
sideskips_right,participant_20,participant_20/sideskips_right_2020-08-27--19-55-15.json,65,participant_20,6
sideskips_right,participant_20,participant_20/sideskips_right_2020-08-27--19-55-15.json,78,participant_20,6
sideskips_right,participant_20,participant_20/sideskips_right_2020-08-27--19-55-15.json,91,participant_20,6
sideskips_right,participant_20,participant_20/sideskips_right_2020-08-27--19-55-15.json,104,participant_20,6
sideskips_right,participant_20,participant_20/sideskips_right_2020-08-27--19-55-15.json,117,participant_20,6
sideskips_right,participant_20,participant_20/sideskips_right_2020-08-27--19-55-15.json,130,participant_20,6
sideskips_right,participant_20,participant_20/sideskips_right_2020-08-27--19-55-15.json,143,participant_20,6
sideskips_right,participant_20,participant_20/sideskips_right_2020-08-27--19-55-15.json,156,participant_20,6
sideskips_right,participant_20,participant_20/sideskips_right_2020-08-27--19-55-15.json,169,participant_20,6
sideskips_right,participant_20,participant_20/sideskips_right_2020-08-27--19-55-15.json,182,participant_20,6
sideskips_right,participant_20,participant_20/sideskips_right_2020-08-27--19-55-15.json,195,participant_20,6
sideskips_right,participant_20,participant_20/sideskips_right_2020-08-27--19-55-15.json,208,participant_20,6
sideskips_right,participant_20,participant_20/sideskips_right_2020-08-27--19-55-15.json,221,participant_20,6
sideskips_right,participant_20,participant_20/sideskips_right_2020-08-27--19-55-15.json,234,participant_20,6
sideskips_right,participant_20,participant_20/sideskips_right_2020-08-27--19-55-15.json,247,participant_20,6
sideskips_right,participant_20,participant_20/sideskips_right_2020-08-27--19-55-15.json,260,participant_20,6
sideskips_right,participant_20,participant_20/sideskips_right_2020-08-27--19-55-15.json,273,participant_20,6
sideskips_right,participant_20,participant_20/sideskips_right_2020-08-27--19-55-15.json,286,participant_20,6
sideskips_right,participant_20,participant_20/sideskips_right_2020-08-27--19-55-15.json,299,participant_20,6
sideskips_right,participant_20,participant_20/sideskips_right_2020-08-27--19-55-15.json,312,participant_20,6
sideskips_right,participant_20,participant_20/sideskips_right_2020-08-27--19-55-15.json,325,participant_20,6
sideskips_right,participant_20,participant_20/sideskips_right_2020-08-27--19-55-15.json,338,participant_20,6
sideskips_right,participant_20,participant_20/sideskips_right_2020-08-27--19-55-15.json,351,participant_20,6
sideskips_right,participant_20,participant_20/sideskips_right_2020-08-27--19-55-15.json,364,participant_20,6
sideskips_right,participant_20,participant_20/sideskips_right_2020-08-27--19-55-15.json,377,participant_20,6
sideskips_right,participant_20,participant_20/sideskips_right_2020-08-27--19-55-15.json,390,participant_20,6
sideskips_right,participant_20,participant_20/sideskips_right_2020-08-27--19-55-15.json,403,participant_20,6
sideskips_right,participant_20,participant_20/sideskips_right_2020-08-27--19-55-15.json,416,participant_20,6
sideskips_right,participant_20,participant_20/sideskips_right_2020-08-27--19-55-15.json,429,participant_20,6
sideskips_right,participant_20,participant_20/sideskips_right_2020-08-27--19-55-15.json,442,participant_20,6
sideskips_right,participant_20,participant_20/sideskips_right_2020-08-27--19-55-15.json,455,participant_20,6
carioca_left,participant_3,participant_3/carioca_left_2020-09-17--19-42-36.json,0,participant_3,0
carioca_left,participant_3,participant_3/carioca_left_2020-09-17--19-42-36.json,13,participant_3,0
carioca_left,participant_3,participant_3/carioca_left_2020-09-17--19-42-36.json,26,participant_3,0
carioca_left,participant_3,participant_3/carioca_left_2020-09-17--19-42-36.json,39,participant_3,0
carioca_left,participant_3,participant_3/carioca_left_2020-09-17--19-42-36.json,52,participant_3,0
carioca_left,participant_3,participant_3/carioca_left_2020-09-17--19-42-36.json,65,participant_3,0
carioca_left,participant_3,participant_3/carioca_left_2020-09-17--19-42-36.json,78,participant_3,0
carioca_left,participant_3,participant_3/carioca_left_2020-09-17--19-42-36.json,91,participant_3,0
carioca_left,participant_3,participant_3/carioca_left_2020-09-17--19-42-36.json,104,participant_3,0
carioca_left,participant_3,participant_3/carioca_left_2020-09-17--19-42-36.json,117,participant_3,0
carioca_left,participant_3,participant_3/carioca_left_2020-09-17--19-42-36.json,130,participant_3,0
carioca_left,participant_3,participant_3/carioca_left_2020-09-17--19-42-36.json,143,participant_3,0
carioca_left,participant_3,participant_3/carioca_left_2020-09-17--19-42-36.json,156,participant_3,0
carioca_left,participant_3,participant_3/carioca_left_2020-09-17--19-42-36.json,169,participant_3,0
carioca_left,participant_3,participant_3/carioca_left_2020-09-17--19-42-36.json,182,participant_3,0
carioca_left,participant_3,participant_3/carioca_left_2020-09-17--19-42-36.json,195,participant_3,0
carioca_left,participant_3,participant_3/carioca_left_2020-09-17--19-42-36.json,208,participant_3,0
carioca_left,participant_3,participant_3/carioca_left_2020-09-17--19-42-36.json,221,participant_3,0
carioca_left,participant_3,participant_3/carioca_left_2020-09-17--19-42-36.json,234,participant_3,0
carioca_left,participant_3,participant_3/carioca_left_2020-09-17--19-42-36.json,247,participant_3,0
carioca_left,participant_3,participant_3/carioca_left_2020-09-17--19-42-36.json,260,participant_3,0
carioca_left,participant_3,participant_3/carioca_left_2020-09-17--19-42-36.json,273,participant_3,0
carioca_left,participant_3,participant_3/carioca_left_2020-09-17--19-42-36.json,286,participant_3,0
carioca_left,participant_3,participant_3/carioca_left_2020-09-17--19-42-36.json,299,participant_3,0
carioca_left,participant_3,participant_3/carioca_left_2020-09-17--19-42-36.json,312,participant_3,0
carioca_left,participant_3,participant_3/carioca_left_2020-09-17--19-42-36.json,325,participant_3,0
carioca_left,participant_3,participant_3/carioca_left_2020-09-17--19-42-36.json,338,participant_3,0
carioca_left,participant_3,participant_3/carioca_left_2020-09-17--19-42-36.json,351,participant_3,0
carioca_left,participant_3,participant_3/carioca_left_2020-09-17--19-42-36.json,364,participant_3,0
carioca_left,participant_3,participant_3/carioca_left_2020-09-17--19-42-36.json,377,participant_3,0
carioca_left,participant_3,participant_3/carioca_left_2020-09-17--19-42-36.json,390,participant_3,0
carioca_left,participant_3,participant_3/carioca_left_2020-09-17--19-42-36.json,403,participant_3,0
carioca_left,participant_3,participant_3/carioca_left_2020-09-17--19-42-36.json,416,participant_3,0
carioca_left,participant_3,participant_3/carioca_left_2020-09-17--19-42-36.json,429,participant_3,0
carioca_left,participant_3,participant_3/carioca_left_2020-09-17--19-42-36.json,442,participant_3,0
carioca_left,participant_3,participant_3/carioca_left_2020-09-17--19-42-36.json,455,participant_3,0
carioca_right,participant_3,participant_3/carioca_right_2020-09-17--19-42-55.json,0,participant_3,1
carioca_right,participant_3,participant_3/carioca_right_2020-09-17--19-42-55.json,13,participant_3,1
carioca_right,participant_3,participant_3/carioca_right_2020-09-17--19-42-55.json,26,participant_3,1
carioca_right,participant_3,participant_3/carioca_right_2020-09-17--19-42-55.json,39,participant_3,1
carioca_right,participant_3,participant_3/carioca_right_2020-09-17--19-42-55.json,52,participant_3,1
carioca_right,participant_3,participant_3/carioca_right_2020-09-17--19-42-55.json,65,participant_3,1
carioca_right,participant_3,participant_3/carioca_right_2020-09-17--19-42-55.json,78,participant_3,1
carioca_right,participant_3,participant_3/carioca_right_2020-09-17--19-42-55.json,91,participant_3,1
carioca_right,participant_3,participant_3/carioca_right_2020-09-17--19-42-55.json,104,participant_3,1
carioca_right,participant_3,participant_3/carioca_right_2020-09-17--19-42-55.json,117,participant_3,1
carioca_right,participant_3,participant_3/carioca_right_2020-09-17--19-42-55.json,130,participant_3,1
carioca_right,participant_3,participant_3/carioca_right_2020-09-17--19-42-55.json,143,participant_3,1
carioca_right,participant_3,participant_3/carioca_right_2020-09-17--19-42-55.json,156,participant_3,1
carioca_right,participant_3,participant_3/carioca_right_2020-09-17--19-42-55.json,169,participant_3,1
carioca_right,participant_3,participant_3/carioca_right_2020-09-17--19-42-55.json,182,participant_3,1
carioca_right,participant_3,participant_3/carioca_right_2020-09-17--19-42-55.json,195,participant_3,1
carioca_right,participant_3,participant_3/carioca_right_2020-09-17--19-42-55.json,208,participant_3,1
carioca_right,participant_3,participant_3/carioca_right_2020-09-17--19-42-55.json,221,participant_3,1
carioca_right,participant_3,participant_3/carioca_right_2020-09-17--19-42-55.json,234,participant_3,1
carioca_right,participant_3,participant_3/carioca_right_2020-09-17--19-42-55.json,247,participant_3,1
carioca_right,participant_3,participant_3/carioca_right_2020-09-17--19-42-55.json,260,participant_3,1
carioca_right,participant_3,participant_3/carioca_right_2020-09-17--19-42-55.json,273,participant_3,1
carioca_right,participant_3,participant_3/carioca_right_2020-09-17--19-42-55.json,286,participant_3,1
carioca_right,participant_3,participant_3/carioca_right_2020-09-17--19-42-55.json,299,participant_3,1
carioca_right,participant_3,participant_3/carioca_right_2020-09-17--19-42-55.json,312,participant_3,1
carioca_right,participant_3,participant_3/carioca_right_2020-09-17--19-42-55.json,325,participant_3,1
carioca_right,participant_3,participant_3/carioca_right_2020-09-17--19-42-55.json,338,participant_3,1
carioca_right,participant_3,participant_3/carioca_right_2020-09-17--19-42-55.json,351,participant_3,1
carioca_right,participant_3,participant_3/carioca_right_2020-09-17--19-42-55.json,364,participant_3,1
carioca_right,participant_3,participant_3/carioca_right_2020-09-17--19-42-55.json,377,participant_3,1
carioca_right,participant_3,participant_3/carioca_right_2020-09-17--19-42-55.json,390,participant_3,1
carioca_right,participant_3,participant_3/carioca_right_2020-09-17--19-42-55.json,403,participant_3,1
carioca_right,participant_3,participant_3/carioca_right_2020-09-17--19-42-55.json,416,participant_3,1
carioca_right,participant_3,participant_3/carioca_right_2020-09-17--19-42-55.json,429,participant_3,1
carioca_right,participant_3,participant_3/carioca_right_2020-09-17--19-42-55.json,442,participant_3,1
carioca_right,participant_3,participant_3/carioca_right_2020-09-17--19-42-55.json,455,participant_3,1
heel_to_butt,participant_3,participant_3/heel_to_butt_2020-09-17--19-41-43.json,0,participant_3,2
heel_to_butt,participant_3,participant_3/heel_to_butt_2020-09-17--19-41-43.json,13,participant_3,2
heel_to_butt,participant_3,participant_3/heel_to_butt_2020-09-17--19-41-43.json,26,participant_3,2
heel_to_butt,participant_3,participant_3/heel_to_butt_2020-09-17--19-41-43.json,39,participant_3,2
heel_to_butt,participant_3,participant_3/heel_to_butt_2020-09-17--19-41-43.json,52,participant_3,2
heel_to_butt,participant_3,participant_3/heel_to_butt_2020-09-17--19-41-43.json,65,participant_3,2
heel_to_butt,participant_3,participant_3/heel_to_butt_2020-09-17--19-41-43.json,78,participant_3,2
heel_to_butt,participant_3,participant_3/heel_to_butt_2020-09-17--19-41-43.json,91,participant_3,2
heel_to_butt,participant_3,participant_3/heel_to_butt_2020-09-17--19-41-43.json,104,participant_3,2
heel_to_butt,participant_3,participant_3/heel_to_butt_2020-09-17--19-41-43.json,117,participant_3,2
heel_to_butt,participant_3,participant_3/heel_to_butt_2020-09-17--19-41-43.json,130,participant_3,2
heel_to_butt,participant_3,participant_3/heel_to_butt_2020-09-17--19-41-43.json,143,participant_3,2
heel_to_butt,participant_3,participant_3/heel_to_butt_2020-09-17--19-41-43.json,156,participant_3,2
heel_to_butt,participant_3,participant_3/heel_to_butt_2020-09-17--19-41-43.json,169,participant_3,2
heel_to_butt,participant_3,participant_3/heel_to_butt_2020-09-17--19-41-43.json,182,participant_3,2
heel_to_butt,participant_3,participant_3/heel_to_butt_2020-09-17--19-41-43.json,195,participant_3,2
heel_to_butt,participant_3,participant_3/heel_to_butt_2020-09-17--19-41-43.json,208,participant_3,2
heel_to_butt,participant_3,participant_3/heel_to_butt_2020-09-17--19-41-43.json,221,participant_3,2
heel_to_butt,participant_3,participant_3/heel_to_butt_2020-09-17--19-41-43.json,234,participant_3,2
heel_to_butt,participant_3,participant_3/heel_to_butt_2020-09-17--19-41-43.json,247,participant_3,2
heel_to_butt,participant_3,participant_3/heel_to_butt_2020-09-17--19-41-43.json,260,participant_3,2
heel_to_butt,participant_3,participant_3/heel_to_butt_2020-09-17--19-41-43.json,273,participant_3,2
heel_to_butt,participant_3,participant_3/heel_to_butt_2020-09-17--19-41-43.json,286,participant_3,2
heel_to_butt,participant_3,participant_3/heel_to_butt_2020-09-17--19-41-43.json,299,participant_3,2
heel_to_butt,participant_3,participant_3/heel_to_butt_2020-09-17--19-41-43.json,312,participant_3,2
heel_to_butt,participant_3,participant_3/heel_to_butt_2020-09-17--19-41-43.json,325,participant_3,2
heel_to_butt,participant_3,participant_3/heel_to_butt_2020-09-17--19-41-43.json,338,participant_3,2
heel_to_butt,participant_3,participant_3/heel_to_butt_2020-09-17--19-41-43.json,351,participant_3,2
heel_to_butt,participant_3,participant_3/heel_to_butt_2020-09-17--19-41-43.json,364,participant_3,2
heel_to_butt,participant_3,participant_3/heel_to_butt_2020-09-17--19-41-43.json,377,participant_3,2
heel_to_butt,participant_3,participant_3/heel_to_butt_2020-09-17--19-41-43.json,390,participant_3,2
heel_to_butt,participant_3,participant_3/heel_to_butt_2020-09-17--19-41-43.json,403,participant_3,2
heel_to_butt,participant_3,participant_3/heel_to_butt_2020-09-17--19-41-43.json,416,participant_3,2
heel_to_butt,participant_3,participant_3/heel_to_butt_2020-09-17--19-41-43.json,429,participant_3,2
heel_to_butt,participant_3,participant_3/heel_to_butt_2020-09-17--19-41-43.json,442,participant_3,2
heel_to_butt,participant_3,participant_3/heel_to_butt_2020-09-17--19-41-43.json,455,participant_3,2
high_knee_run,participant_3,participant_3/high_knee_run_2020-09-17--19-42-06.json,0,participant_3,3
high_knee_run,participant_3,participant_3/high_knee_run_2020-09-17--19-42-06.json,13,participant_3,3
high_knee_run,participant_3,participant_3/high_knee_run_2020-09-17--19-42-06.json,26,participant_3,3
high_knee_run,participant_3,participant_3/high_knee_run_2020-09-17--19-42-06.json,39,participant_3,3
high_knee_run,participant_3,participant_3/high_knee_run_2020-09-17--19-42-06.json,52,participant_3,3
high_knee_run,participant_3,participant_3/high_knee_run_2020-09-17--19-42-06.json,65,participant_3,3
high_knee_run,participant_3,participant_3/high_knee_run_2020-09-17--19-42-06.json,78,participant_3,3
high_knee_run,participant_3,participant_3/high_knee_run_2020-09-17--19-42-06.json,91,participant_3,3
high_knee_run,participant_3,participant_3/high_knee_run_2020-09-17--19-42-06.json,104,participant_3,3
high_knee_run,participant_3,participant_3/high_knee_run_2020-09-17--19-42-06.json,117,participant_3,3
high_knee_run,participant_3,participant_3/high_knee_run_2020-09-17--19-42-06.json,130,participant_3,3
high_knee_run,participant_3,participant_3/high_knee_run_2020-09-17--19-42-06.json,143,participant_3,3
high_knee_run,participant_3,participant_3/high_knee_run_2020-09-17--19-42-06.json,156,participant_3,3
high_knee_run,participant_3,participant_3/high_knee_run_2020-09-17--19-42-06.json,169,participant_3,3
high_knee_run,participant_3,participant_3/high_knee_run_2020-09-17--19-42-06.json,182,participant_3,3
high_knee_run,participant_3,participant_3/high_knee_run_2020-09-17--19-42-06.json,195,participant_3,3
high_knee_run,participant_3,participant_3/high_knee_run_2020-09-17--19-42-06.json,208,participant_3,3
high_knee_run,participant_3,participant_3/high_knee_run_2020-09-17--19-42-06.json,221,participant_3,3
high_knee_run,participant_3,participant_3/high_knee_run_2020-09-17--19-42-06.json,234,participant_3,3
high_knee_run,participant_3,participant_3/high_knee_run_2020-09-17--19-42-06.json,247,participant_3,3
high_knee_run,participant_3,participant_3/high_knee_run_2020-09-17--19-42-06.json,260,participant_3,3
high_knee_run,participant_3,participant_3/high_knee_run_2020-09-17--19-42-06.json,273,participant_3,3
high_knee_run,participant_3,participant_3/high_knee_run_2020-09-17--19-42-06.json,286,participant_3,3
high_knee_run,participant_3,participant_3/high_knee_run_2020-09-17--19-42-06.json,299,participant_3,3
high_knee_run,participant_3,participant_3/high_knee_run_2020-09-17--19-42-06.json,312,participant_3,3
high_knee_run,participant_3,participant_3/high_knee_run_2020-09-17--19-42-06.json,325,participant_3,3
high_knee_run,participant_3,participant_3/high_knee_run_2020-09-17--19-42-06.json,338,participant_3,3
high_knee_run,participant_3,participant_3/high_knee_run_2020-09-17--19-42-06.json,351,participant_3,3
high_knee_run,participant_3,participant_3/high_knee_run_2020-09-17--19-42-06.json,364,participant_3,3
high_knee_run,participant_3,participant_3/high_knee_run_2020-09-17--19-42-06.json,377,participant_3,3
high_knee_run,participant_3,participant_3/high_knee_run_2020-09-17--19-42-06.json,390,participant_3,3
high_knee_run,participant_3,participant_3/high_knee_run_2020-09-17--19-42-06.json,403,participant_3,3
high_knee_run,participant_3,participant_3/high_knee_run_2020-09-17--19-42-06.json,416,participant_3,3
high_knee_run,participant_3,participant_3/high_knee_run_2020-09-17--19-42-06.json,429,participant_3,3
high_knee_run,participant_3,participant_3/high_knee_run_2020-09-17--19-42-06.json,442,participant_3,3
high_knee_run,participant_3,participant_3/high_knee_run_2020-09-17--19-42-06.json,455,participant_3,3
running,participant_3,participant_3/running_2020-09-17--19-44-02.json,0,participant_3,4
running,participant_3,participant_3/running_2020-09-17--19-44-02.json,13,participant_3,4
running,participant_3,participant_3/running_2020-09-17--19-44-02.json,26,participant_3,4
running,participant_3,participant_3/running_2020-09-17--19-44-02.json,39,participant_3,4
running,participant_3,participant_3/running_2020-09-17--19-44-02.json,52,participant_3,4
running,participant_3,participant_3/running_2020-09-17--19-44-02.json,65,participant_3,4
running,participant_3,participant_3/running_2020-09-17--19-44-02.json,78,participant_3,4
running,participant_3,participant_3/running_2020-09-17--19-44-02.json,91,participant_3,4
running,participant_3,participant_3/running_2020-09-17--19-44-02.json,104,participant_3,4
running,participant_3,participant_3/running_2020-09-17--19-44-02.json,117,participant_3,4
running,participant_3,participant_3/running_2020-09-17--19-44-02.json,130,participant_3,4
running,participant_3,participant_3/running_2020-09-17--19-44-02.json,143,participant_3,4
running,participant_3,participant_3/running_2020-09-17--19-44-02.json,156,participant_3,4
running,participant_3,participant_3/running_2020-09-17--19-44-02.json,169,participant_3,4
running,participant_3,participant_3/running_2020-09-17--19-44-02.json,182,participant_3,4
running,participant_3,participant_3/running_2020-09-17--19-44-02.json,195,participant_3,4
running,participant_3,participant_3/running_2020-09-17--19-44-02.json,208,participant_3,4
running,participant_3,participant_3/running_2020-09-17--19-44-02.json,221,participant_3,4
running,participant_3,participant_3/running_2020-09-17--19-44-02.json,234,participant_3,4
running,participant_3,participant_3/running_2020-09-17--19-44-02.json,247,participant_3,4
running,participant_3,participant_3/running_2020-09-17--19-44-02.json,260,participant_3,4
running,participant_3,participant_3/running_2020-09-17--19-44-02.json,273,participant_3,4
running,participant_3,participant_3/running_2020-09-17--19-44-02.json,286,participant_3,4
running,participant_3,participant_3/running_2020-09-17--19-44-02.json,299,participant_3,4
running,participant_3,participant_3/running_2020-09-17--19-44-02.json,312,participant_3,4
running,participant_3,participant_3/running_2020-09-17--19-44-02.json,325,participant_3,4
running,participant_3,participant_3/running_2020-09-17--19-44-02.json,338,participant_3,4
running,participant_3,participant_3/running_2020-09-17--19-44-02.json,351,participant_3,4
running,participant_3,participant_3/running_2020-09-17--19-44-02.json,364,participant_3,4
running,participant_3,participant_3/running_2020-09-17--19-44-02.json,377,participant_3,4
running,participant_3,participant_3/running_2020-09-17--19-44-02.json,390,participant_3,4
running,participant_3,participant_3/running_2020-09-17--19-44-02.json,403,participant_3,4
running,participant_3,participant_3/running_2020-09-17--19-44-02.json,416,participant_3,4
running,participant_3,participant_3/running_2020-09-17--19-44-02.json,429,participant_3,4
running,participant_3,participant_3/running_2020-09-17--19-44-02.json,442,participant_3,4
running,participant_3,participant_3/running_2020-09-17--19-44-02.json,455,participant_3,4
sideskips_left,participant_3,participant_3/sideskips_left_2020-09-17--19-43-17.json,0,participant_3,5
sideskips_left,participant_3,participant_3/sideskips_left_2020-09-17--19-43-17.json,13,participant_3,5
sideskips_left,participant_3,participant_3/sideskips_left_2020-09-17--19-43-17.json,26,participant_3,5
sideskips_left,participant_3,participant_3/sideskips_left_2020-09-17--19-43-17.json,39,participant_3,5
sideskips_left,participant_3,participant_3/sideskips_left_2020-09-17--19-43-17.json,52,participant_3,5
sideskips_left,participant_3,participant_3/sideskips_left_2020-09-17--19-43-17.json,65,participant_3,5
sideskips_left,participant_3,participant_3/sideskips_left_2020-09-17--19-43-17.json,78,participant_3,5
sideskips_left,participant_3,participant_3/sideskips_left_2020-09-17--19-43-17.json,91,participant_3,5
sideskips_left,participant_3,participant_3/sideskips_left_2020-09-17--19-43-17.json,104,participant_3,5
sideskips_left,participant_3,participant_3/sideskips_left_2020-09-17--19-43-17.json,117,participant_3,5
sideskips_left,participant_3,participant_3/sideskips_left_2020-09-17--19-43-17.json,130,participant_3,5
sideskips_left,participant_3,participant_3/sideskips_left_2020-09-17--19-43-17.json,143,participant_3,5
sideskips_left,participant_3,participant_3/sideskips_left_2020-09-17--19-43-17.json,156,participant_3,5
sideskips_left,participant_3,participant_3/sideskips_left_2020-09-17--19-43-17.json,169,participant_3,5
sideskips_left,participant_3,participant_3/sideskips_left_2020-09-17--19-43-17.json,182,participant_3,5
sideskips_left,participant_3,participant_3/sideskips_left_2020-09-17--19-43-17.json,195,participant_3,5
sideskips_left,participant_3,participant_3/sideskips_left_2020-09-17--19-43-17.json,208,participant_3,5
sideskips_left,participant_3,participant_3/sideskips_left_2020-09-17--19-43-17.json,221,participant_3,5
sideskips_left,participant_3,participant_3/sideskips_left_2020-09-17--19-43-17.json,234,participant_3,5
sideskips_left,participant_3,participant_3/sideskips_left_2020-09-17--19-43-17.json,247,participant_3,5
sideskips_left,participant_3,participant_3/sideskips_left_2020-09-17--19-43-17.json,260,participant_3,5
sideskips_left,participant_3,participant_3/sideskips_left_2020-09-17--19-43-17.json,273,participant_3,5
sideskips_left,participant_3,participant_3/sideskips_left_2020-09-17--19-43-17.json,286,participant_3,5
sideskips_left,participant_3,participant_3/sideskips_left_2020-09-17--19-43-17.json,299,participant_3,5
sideskips_left,participant_3,participant_3/sideskips_left_2020-09-17--19-43-17.json,312,participant_3,5
sideskips_left,participant_3,participant_3/sideskips_left_2020-09-17--19-43-17.json,325,participant_3,5
sideskips_left,participant_3,participant_3/sideskips_left_2020-09-17--19-43-17.json,338,participant_3,5
sideskips_left,participant_3,participant_3/sideskips_left_2020-09-17--19-43-17.json,351,participant_3,5
sideskips_left,participant_3,participant_3/sideskips_left_2020-09-17--19-43-17.json,364,participant_3,5
sideskips_left,participant_3,participant_3/sideskips_left_2020-09-17--19-43-17.json,377,participant_3,5
sideskips_left,participant_3,participant_3/sideskips_left_2020-09-17--19-43-17.json,390,participant_3,5
sideskips_left,participant_3,participant_3/sideskips_left_2020-09-17--19-43-17.json,403,participant_3,5
sideskips_left,participant_3,participant_3/sideskips_left_2020-09-17--19-43-17.json,416,participant_3,5
sideskips_left,participant_3,participant_3/sideskips_left_2020-09-17--19-43-17.json,429,participant_3,5
sideskips_left,participant_3,participant_3/sideskips_left_2020-09-17--19-43-17.json,442,participant_3,5
sideskips_left,participant_3,participant_3/sideskips_left_2020-09-17--19-43-17.json,455,participant_3,5
sideskips_right,participant_3,participant_3/sideskips_right_2020-09-17--19-43-40.json,0,participant_3,6
sideskips_right,participant_3,participant_3/sideskips_right_2020-09-17--19-43-40.json,13,participant_3,6
sideskips_right,participant_3,participant_3/sideskips_right_2020-09-17--19-43-40.json,26,participant_3,6
sideskips_right,participant_3,participant_3/sideskips_right_2020-09-17--19-43-40.json,39,participant_3,6
sideskips_right,participant_3,participant_3/sideskips_right_2020-09-17--19-43-40.json,52,participant_3,6
sideskips_right,participant_3,participant_3/sideskips_right_2020-09-17--19-43-40.json,65,participant_3,6
sideskips_right,participant_3,participant_3/sideskips_right_2020-09-17--19-43-40.json,78,participant_3,6
sideskips_right,participant_3,participant_3/sideskips_right_2020-09-17--19-43-40.json,91,participant_3,6
sideskips_right,participant_3,participant_3/sideskips_right_2020-09-17--19-43-40.json,104,participant_3,6
sideskips_right,participant_3,participant_3/sideskips_right_2020-09-17--19-43-40.json,117,participant_3,6
sideskips_right,participant_3,participant_3/sideskips_right_2020-09-17--19-43-40.json,130,participant_3,6
sideskips_right,participant_3,participant_3/sideskips_right_2020-09-17--19-43-40.json,143,participant_3,6
sideskips_right,participant_3,participant_3/sideskips_right_2020-09-17--19-43-40.json,156,participant_3,6
sideskips_right,participant_3,participant_3/sideskips_right_2020-09-17--19-43-40.json,169,participant_3,6
sideskips_right,participant_3,participant_3/sideskips_right_2020-09-17--19-43-40.json,182,participant_3,6
sideskips_right,participant_3,participant_3/sideskips_right_2020-09-17--19-43-40.json,195,participant_3,6
sideskips_right,participant_3,participant_3/sideskips_right_2020-09-17--19-43-40.json,208,participant_3,6
sideskips_right,participant_3,participant_3/sideskips_right_2020-09-17--19-43-40.json,221,participant_3,6
sideskips_right,participant_3,participant_3/sideskips_right_2020-09-17--19-43-40.json,234,participant_3,6
sideskips_right,participant_3,participant_3/sideskips_right_2020-09-17--19-43-40.json,247,participant_3,6
sideskips_right,participant_3,participant_3/sideskips_right_2020-09-17--19-43-40.json,260,participant_3,6
sideskips_right,participant_3,participant_3/sideskips_right_2020-09-17--19-43-40.json,273,participant_3,6
sideskips_right,participant_3,participant_3/sideskips_right_2020-09-17--19-43-40.json,286,participant_3,6
sideskips_right,participant_3,participant_3/sideskips_right_2020-09-17--19-43-40.json,299,participant_3,6
sideskips_right,participant_3,participant_3/sideskips_right_2020-09-17--19-43-40.json,312,participant_3,6
sideskips_right,participant_3,participant_3/sideskips_right_2020-09-17--19-43-40.json,325,participant_3,6
sideskips_right,participant_3,participant_3/sideskips_right_2020-09-17--19-43-40.json,338,participant_3,6
sideskips_right,participant_3,participant_3/sideskips_right_2020-09-17--19-43-40.json,351,participant_3,6
sideskips_right,participant_3,participant_3/sideskips_right_2020-09-17--19-43-40.json,364,participant_3,6
sideskips_right,participant_3,participant_3/sideskips_right_2020-09-17--19-43-40.json,377,participant_3,6
sideskips_right,participant_3,participant_3/sideskips_right_2020-09-17--19-43-40.json,390,participant_3,6
sideskips_right,participant_3,participant_3/sideskips_right_2020-09-17--19-43-40.json,403,participant_3,6
sideskips_right,participant_3,participant_3/sideskips_right_2020-09-17--19-43-40.json,416,participant_3,6
sideskips_right,participant_3,participant_3/sideskips_right_2020-09-17--19-43-40.json,429,participant_3,6
sideskips_right,participant_3,participant_3/sideskips_right_2020-09-17--19-43-40.json,442,participant_3,6
sideskips_right,participant_3,participant_3/sideskips_right_2020-09-17--19-43-40.json,455,participant_3,6
carioca_left,participant_4,participant_4/carioca_left_2020-07-23--19-28-22.json,0,participant_4,0
carioca_left,participant_4,participant_4/carioca_left_2020-07-23--19-28-22.json,13,participant_4,0
carioca_left,participant_4,participant_4/carioca_left_2020-07-23--19-28-22.json,26,participant_4,0
carioca_left,participant_4,participant_4/carioca_left_2020-07-23--19-28-22.json,39,participant_4,0
carioca_left,participant_4,participant_4/carioca_left_2020-07-23--19-28-22.json,52,participant_4,0
carioca_left,participant_4,participant_4/carioca_left_2020-07-23--19-28-22.json,65,participant_4,0
carioca_left,participant_4,participant_4/carioca_left_2020-07-23--19-28-22.json,78,participant_4,0
carioca_left,participant_4,participant_4/carioca_left_2020-07-23--19-28-22.json,91,participant_4,0
carioca_left,participant_4,participant_4/carioca_left_2020-07-23--19-28-22.json,104,participant_4,0
carioca_left,participant_4,participant_4/carioca_left_2020-07-23--19-28-22.json,117,participant_4,0
carioca_left,participant_4,participant_4/carioca_left_2020-07-23--19-28-22.json,130,participant_4,0
carioca_left,participant_4,participant_4/carioca_left_2020-07-23--19-28-22.json,143,participant_4,0
carioca_left,participant_4,participant_4/carioca_left_2020-07-23--19-28-22.json,156,participant_4,0
carioca_left,participant_4,participant_4/carioca_left_2020-07-23--19-28-22.json,169,participant_4,0
carioca_left,participant_4,participant_4/carioca_left_2020-07-23--19-28-22.json,182,participant_4,0
carioca_left,participant_4,participant_4/carioca_left_2020-07-23--19-28-22.json,195,participant_4,0
carioca_left,participant_4,participant_4/carioca_left_2020-07-23--19-28-22.json,208,participant_4,0
carioca_left,participant_4,participant_4/carioca_left_2020-07-23--19-28-22.json,221,participant_4,0
carioca_left,participant_4,participant_4/carioca_left_2020-07-23--19-28-22.json,234,participant_4,0
carioca_left,participant_4,participant_4/carioca_left_2020-07-23--19-28-22.json,247,participant_4,0
carioca_left,participant_4,participant_4/carioca_left_2020-07-23--19-28-22.json,260,participant_4,0
carioca_left,participant_4,participant_4/carioca_left_2020-07-23--19-28-22.json,273,participant_4,0
carioca_left,participant_4,participant_4/carioca_left_2020-07-23--19-28-22.json,286,participant_4,0
carioca_left,participant_4,participant_4/carioca_left_2020-07-23--19-28-22.json,299,participant_4,0
carioca_left,participant_4,participant_4/carioca_left_2020-07-23--19-28-22.json,312,participant_4,0
carioca_left,participant_4,participant_4/carioca_left_2020-07-23--19-28-22.json,325,participant_4,0
carioca_left,participant_4,participant_4/carioca_left_2020-07-23--19-28-22.json,338,participant_4,0
carioca_left,participant_4,participant_4/carioca_left_2020-07-23--19-28-22.json,351,participant_4,0
carioca_left,participant_4,participant_4/carioca_left_2020-07-23--19-28-22.json,364,participant_4,0
carioca_left,participant_4,participant_4/carioca_left_2020-07-23--19-28-22.json,377,participant_4,0
carioca_left,participant_4,participant_4/carioca_left_2020-07-23--19-28-22.json,390,participant_4,0
carioca_left,participant_4,participant_4/carioca_left_2020-07-23--19-28-22.json,403,participant_4,0
carioca_left,participant_4,participant_4/carioca_left_2020-07-23--19-28-22.json,416,participant_4,0
carioca_left,participant_4,participant_4/carioca_left_2020-07-23--19-28-22.json,429,participant_4,0
carioca_left,participant_4,participant_4/carioca_left_2020-07-23--19-28-22.json,442,participant_4,0
carioca_left,participant_4,participant_4/carioca_left_2020-07-23--19-28-22.json,455,participant_4,0
carioca_left,participant_4,participant_4/carioca_left_2020-07-23--19-28-22.json,468,participant_4,0
carioca_right,participant_4,participant_4/carioca_right_2020-07-23--19-27-59.json,0,participant_4,1
carioca_right,participant_4,participant_4/carioca_right_2020-07-23--19-27-59.json,13,participant_4,1
carioca_right,participant_4,participant_4/carioca_right_2020-07-23--19-27-59.json,26,participant_4,1
carioca_right,participant_4,participant_4/carioca_right_2020-07-23--19-27-59.json,39,participant_4,1
carioca_right,participant_4,participant_4/carioca_right_2020-07-23--19-27-59.json,52,participant_4,1
carioca_right,participant_4,participant_4/carioca_right_2020-07-23--19-27-59.json,65,participant_4,1
carioca_right,participant_4,participant_4/carioca_right_2020-07-23--19-27-59.json,78,participant_4,1
carioca_right,participant_4,participant_4/carioca_right_2020-07-23--19-27-59.json,91,participant_4,1
carioca_right,participant_4,participant_4/carioca_right_2020-07-23--19-27-59.json,104,participant_4,1
carioca_right,participant_4,participant_4/carioca_right_2020-07-23--19-27-59.json,117,participant_4,1
carioca_right,participant_4,participant_4/carioca_right_2020-07-23--19-27-59.json,130,participant_4,1
carioca_right,participant_4,participant_4/carioca_right_2020-07-23--19-27-59.json,143,participant_4,1
carioca_right,participant_4,participant_4/carioca_right_2020-07-23--19-27-59.json,156,participant_4,1
carioca_right,participant_4,participant_4/carioca_right_2020-07-23--19-27-59.json,169,participant_4,1
carioca_right,participant_4,participant_4/carioca_right_2020-07-23--19-27-59.json,182,participant_4,1
carioca_right,participant_4,participant_4/carioca_right_2020-07-23--19-27-59.json,195,participant_4,1
carioca_right,participant_4,participant_4/carioca_right_2020-07-23--19-27-59.json,208,participant_4,1
carioca_right,participant_4,participant_4/carioca_right_2020-07-23--19-27-59.json,221,participant_4,1
carioca_right,participant_4,participant_4/carioca_right_2020-07-23--19-27-59.json,234,participant_4,1
carioca_right,participant_4,participant_4/carioca_right_2020-07-23--19-27-59.json,247,participant_4,1
carioca_right,participant_4,participant_4/carioca_right_2020-07-23--19-27-59.json,260,participant_4,1
carioca_right,participant_4,participant_4/carioca_right_2020-07-23--19-27-59.json,273,participant_4,1
carioca_right,participant_4,participant_4/carioca_right_2020-07-23--19-27-59.json,286,participant_4,1
carioca_right,participant_4,participant_4/carioca_right_2020-07-23--19-27-59.json,299,participant_4,1
carioca_right,participant_4,participant_4/carioca_right_2020-07-23--19-27-59.json,312,participant_4,1
carioca_right,participant_4,participant_4/carioca_right_2020-07-23--19-27-59.json,325,participant_4,1
carioca_right,participant_4,participant_4/carioca_right_2020-07-23--19-27-59.json,338,participant_4,1
carioca_right,participant_4,participant_4/carioca_right_2020-07-23--19-27-59.json,351,participant_4,1
carioca_right,participant_4,participant_4/carioca_right_2020-07-23--19-27-59.json,364,participant_4,1
carioca_right,participant_4,participant_4/carioca_right_2020-07-23--19-27-59.json,377,participant_4,1
carioca_right,participant_4,participant_4/carioca_right_2020-07-23--19-27-59.json,390,participant_4,1
carioca_right,participant_4,participant_4/carioca_right_2020-07-23--19-27-59.json,403,participant_4,1
carioca_right,participant_4,participant_4/carioca_right_2020-07-23--19-27-59.json,416,participant_4,1
carioca_right,participant_4,participant_4/carioca_right_2020-07-23--19-27-59.json,429,participant_4,1
carioca_right,participant_4,participant_4/carioca_right_2020-07-23--19-27-59.json,442,participant_4,1
carioca_right,participant_4,participant_4/carioca_right_2020-07-23--19-27-59.json,455,participant_4,1
carioca_right,participant_4,participant_4/carioca_right_2020-07-23--19-27-59.json,468,participant_4,1
heel_to_butt,participant_4,participant_4/heel_to_butt_2020-07-23--19-32-25.json,0,participant_4,2
heel_to_butt,participant_4,participant_4/heel_to_butt_2020-07-23--19-32-25.json,13,participant_4,2
high_knee_run,participant_4,participant_4/high_knee_run_2020-07-23--19-31-56.json,0,participant_4,3
high_knee_run,participant_4,participant_4/high_knee_run_2020-07-23--19-31-56.json,13,participant_4,3
high_knee_run,participant_4,participant_4/high_knee_run_2020-07-23--19-31-56.json,26,participant_4,3
high_knee_run,participant_4,participant_4/high_knee_run_2020-07-23--19-31-56.json,39,participant_4,3
high_knee_run,participant_4,participant_4/high_knee_run_2020-07-23--19-31-56.json,52,participant_4,3
high_knee_run,participant_4,participant_4/high_knee_run_2020-07-23--19-31-56.json,65,participant_4,3
high_knee_run,participant_4,participant_4/high_knee_run_2020-07-23--19-31-56.json,78,participant_4,3
high_knee_run,participant_4,participant_4/high_knee_run_2020-07-23--19-31-56.json,91,participant_4,3
high_knee_run,participant_4,participant_4/high_knee_run_2020-07-23--19-31-56.json,104,participant_4,3
high_knee_run,participant_4,participant_4/high_knee_run_2020-07-23--19-31-56.json,117,participant_4,3
high_knee_run,participant_4,participant_4/high_knee_run_2020-07-23--19-31-56.json,130,participant_4,3
high_knee_run,participant_4,participant_4/high_knee_run_2020-07-23--19-31-56.json,143,participant_4,3
high_knee_run,participant_4,participant_4/high_knee_run_2020-07-23--19-31-56.json,156,participant_4,3
high_knee_run,participant_4,participant_4/high_knee_run_2020-07-23--19-31-56.json,169,participant_4,3
high_knee_run,participant_4,participant_4/high_knee_run_2020-07-23--19-31-56.json,182,participant_4,3
high_knee_run,participant_4,participant_4/high_knee_run_2020-07-23--19-31-56.json,195,participant_4,3
high_knee_run,participant_4,participant_4/high_knee_run_2020-07-23--19-31-56.json,208,participant_4,3
high_knee_run,participant_4,participant_4/high_knee_run_2020-07-23--19-31-56.json,221,participant_4,3
high_knee_run,participant_4,participant_4/high_knee_run_2020-07-23--19-31-56.json,234,participant_4,3
high_knee_run,participant_4,participant_4/high_knee_run_2020-07-23--19-31-56.json,247,participant_4,3
high_knee_run,participant_4,participant_4/high_knee_run_2020-07-23--19-31-56.json,260,participant_4,3
high_knee_run,participant_4,participant_4/high_knee_run_2020-07-23--19-31-56.json,273,participant_4,3
high_knee_run,participant_4,participant_4/high_knee_run_2020-07-23--19-31-56.json,286,participant_4,3
high_knee_run,participant_4,participant_4/high_knee_run_2020-07-23--19-31-56.json,299,participant_4,3
high_knee_run,participant_4,participant_4/high_knee_run_2020-07-23--19-31-56.json,312,participant_4,3
high_knee_run,participant_4,participant_4/high_knee_run_2020-07-23--19-31-56.json,325,participant_4,3
high_knee_run,participant_4,participant_4/high_knee_run_2020-07-23--19-31-56.json,338,participant_4,3
high_knee_run,participant_4,participant_4/high_knee_run_2020-07-23--19-31-56.json,351,participant_4,3
high_knee_run,participant_4,participant_4/high_knee_run_2020-07-23--19-31-56.json,364,participant_4,3
high_knee_run,participant_4,participant_4/high_knee_run_2020-07-23--19-31-56.json,377,participant_4,3
high_knee_run,participant_4,participant_4/high_knee_run_2020-07-23--19-31-56.json,390,participant_4,3
high_knee_run,participant_4,participant_4/high_knee_run_2020-07-23--19-31-56.json,403,participant_4,3
high_knee_run,participant_4,participant_4/high_knee_run_2020-07-23--19-31-56.json,416,participant_4,3
high_knee_run,participant_4,participant_4/high_knee_run_2020-07-23--19-31-56.json,429,participant_4,3
high_knee_run,participant_4,participant_4/high_knee_run_2020-07-23--19-31-56.json,442,participant_4,3
high_knee_run,participant_4,participant_4/high_knee_run_2020-07-23--19-31-56.json,455,participant_4,3
high_knee_run,participant_4,participant_4/high_knee_run_2020-07-23--19-31-56.json,468,participant_4,3
running,participant_4,participant_4/running_2020-07-23--19-26-53.json,0,participant_4,4
running,participant_4,participant_4/running_2020-07-23--19-26-53.json,13,participant_4,4
running,participant_4,participant_4/running_2020-07-23--19-26-53.json,26,participant_4,4
running,participant_4,participant_4/running_2020-07-23--19-26-53.json,39,participant_4,4
running,participant_4,participant_4/running_2020-07-23--19-26-53.json,52,participant_4,4
running,participant_4,participant_4/running_2020-07-23--19-26-53.json,65,participant_4,4
running,participant_4,participant_4/running_2020-07-23--19-26-53.json,78,participant_4,4
running,participant_4,participant_4/running_2020-07-23--19-26-53.json,91,participant_4,4
running,participant_4,participant_4/running_2020-07-23--19-26-53.json,104,participant_4,4
running,participant_4,participant_4/running_2020-07-23--19-26-53.json,117,participant_4,4
running,participant_4,participant_4/running_2020-07-23--19-26-53.json,130,participant_4,4
running,participant_4,participant_4/running_2020-07-23--19-26-53.json,143,participant_4,4
running,participant_4,participant_4/running_2020-07-23--19-26-53.json,156,participant_4,4
running,participant_4,participant_4/running_2020-07-23--19-26-53.json,169,participant_4,4
running,participant_4,participant_4/running_2020-07-23--19-26-53.json,182,participant_4,4
running,participant_4,participant_4/running_2020-07-23--19-26-53.json,195,participant_4,4
running,participant_4,participant_4/running_2020-07-23--19-26-53.json,208,participant_4,4
running,participant_4,participant_4/running_2020-07-23--19-26-53.json,221,participant_4,4
running,participant_4,participant_4/running_2020-07-23--19-26-53.json,234,participant_4,4
running,participant_4,participant_4/running_2020-07-23--19-26-53.json,247,participant_4,4
running,participant_4,participant_4/running_2020-07-23--19-26-53.json,260,participant_4,4
running,participant_4,participant_4/running_2020-07-23--19-26-53.json,273,participant_4,4
running,participant_4,participant_4/running_2020-07-23--19-26-53.json,286,participant_4,4
running,participant_4,participant_4/running_2020-07-23--19-26-53.json,299,participant_4,4
running,participant_4,participant_4/running_2020-07-23--19-26-53.json,312,participant_4,4
running,participant_4,participant_4/running_2020-07-23--19-26-53.json,325,participant_4,4
running,participant_4,participant_4/running_2020-07-23--19-26-53.json,338,participant_4,4
running,participant_4,participant_4/running_2020-07-23--19-26-53.json,351,participant_4,4
running,participant_4,participant_4/running_2020-07-23--19-26-53.json,364,participant_4,4
running,participant_4,participant_4/running_2020-07-23--19-26-53.json,377,participant_4,4
sideskips_left,participant_4,participant_4/sideskips_left_2020-07-23--19-27-36.json,0,participant_4,5
sideskips_left,participant_4,participant_4/sideskips_left_2020-07-23--19-27-36.json,13,participant_4,5
sideskips_left,participant_4,participant_4/sideskips_left_2020-07-23--19-27-36.json,26,participant_4,5
sideskips_left,participant_4,participant_4/sideskips_left_2020-07-23--19-27-36.json,39,participant_4,5
sideskips_left,participant_4,participant_4/sideskips_left_2020-07-23--19-27-36.json,52,participant_4,5
sideskips_left,participant_4,participant_4/sideskips_left_2020-07-23--19-27-36.json,65,participant_4,5
sideskips_left,participant_4,participant_4/sideskips_left_2020-07-23--19-27-36.json,78,participant_4,5
sideskips_left,participant_4,participant_4/sideskips_left_2020-07-23--19-27-36.json,91,participant_4,5
sideskips_left,participant_4,participant_4/sideskips_left_2020-07-23--19-27-36.json,104,participant_4,5
sideskips_left,participant_4,participant_4/sideskips_left_2020-07-23--19-27-36.json,117,participant_4,5
sideskips_left,participant_4,participant_4/sideskips_left_2020-07-23--19-27-36.json,130,participant_4,5
sideskips_left,participant_4,participant_4/sideskips_left_2020-07-23--19-27-36.json,143,participant_4,5
sideskips_left,participant_4,participant_4/sideskips_left_2020-07-23--19-27-36.json,156,participant_4,5
sideskips_left,participant_4,participant_4/sideskips_left_2020-07-23--19-27-36.json,169,participant_4,5
sideskips_left,participant_4,participant_4/sideskips_left_2020-07-23--19-27-36.json,182,participant_4,5
sideskips_left,participant_4,participant_4/sideskips_left_2020-07-23--19-27-36.json,195,participant_4,5
sideskips_left,participant_4,participant_4/sideskips_left_2020-07-23--19-27-36.json,208,participant_4,5
sideskips_left,participant_4,participant_4/sideskips_left_2020-07-23--19-27-36.json,221,participant_4,5
sideskips_left,participant_4,participant_4/sideskips_left_2020-07-23--19-27-36.json,234,participant_4,5
sideskips_left,participant_4,participant_4/sideskips_left_2020-07-23--19-27-36.json,247,participant_4,5
sideskips_left,participant_4,participant_4/sideskips_left_2020-07-23--19-27-36.json,260,participant_4,5
sideskips_left,participant_4,participant_4/sideskips_left_2020-07-23--19-27-36.json,273,participant_4,5
sideskips_left,participant_4,participant_4/sideskips_left_2020-07-23--19-27-36.json,286,participant_4,5
sideskips_left,participant_4,participant_4/sideskips_left_2020-07-23--19-27-36.json,299,participant_4,5
sideskips_left,participant_4,participant_4/sideskips_left_2020-07-23--19-27-36.json,312,participant_4,5
sideskips_left,participant_4,participant_4/sideskips_left_2020-07-23--19-27-36.json,325,participant_4,5
sideskips_left,participant_4,participant_4/sideskips_left_2020-07-23--19-27-36.json,338,participant_4,5
sideskips_left,participant_4,participant_4/sideskips_left_2020-07-23--19-27-36.json,351,participant_4,5
sideskips_left,participant_4,participant_4/sideskips_left_2020-07-23--19-27-36.json,364,participant_4,5
sideskips_left,participant_4,participant_4/sideskips_left_2020-07-23--19-27-36.json,377,participant_4,5
sideskips_left,participant_4,participant_4/sideskips_left_2020-07-23--19-27-36.json,390,participant_4,5
sideskips_left,participant_4,participant_4/sideskips_left_2020-07-23--19-27-36.json,403,participant_4,5
sideskips_left,participant_4,participant_4/sideskips_left_2020-07-23--19-27-36.json,416,participant_4,5
sideskips_left,participant_4,participant_4/sideskips_left_2020-07-23--19-27-36.json,429,participant_4,5
sideskips_left,participant_4,participant_4/sideskips_left_2020-07-23--19-27-36.json,442,participant_4,5
sideskips_left,participant_4,participant_4/sideskips_left_2020-07-23--19-27-36.json,455,participant_4,5
sideskips_left,participant_4,participant_4/sideskips_left_2020-07-23--19-27-36.json,468,participant_4,5
sideskips_right,participant_4,participant_4/sideskips_right_2020-07-23--19-27-15.json,0,participant_4,6
sideskips_right,participant_4,participant_4/sideskips_right_2020-07-23--19-27-15.json,13,participant_4,6
sideskips_right,participant_4,participant_4/sideskips_right_2020-07-23--19-27-15.json,26,participant_4,6
sideskips_right,participant_4,participant_4/sideskips_right_2020-07-23--19-27-15.json,39,participant_4,6
sideskips_right,participant_4,participant_4/sideskips_right_2020-07-23--19-27-15.json,52,participant_4,6
sideskips_right,participant_4,participant_4/sideskips_right_2020-07-23--19-27-15.json,65,participant_4,6
sideskips_right,participant_4,participant_4/sideskips_right_2020-07-23--19-27-15.json,78,participant_4,6
sideskips_right,participant_4,participant_4/sideskips_right_2020-07-23--19-27-15.json,91,participant_4,6
sideskips_right,participant_4,participant_4/sideskips_right_2020-07-23--19-27-15.json,104,participant_4,6
sideskips_right,participant_4,participant_4/sideskips_right_2020-07-23--19-27-15.json,117,participant_4,6
sideskips_right,participant_4,participant_4/sideskips_right_2020-07-23--19-27-15.json,130,participant_4,6
sideskips_right,participant_4,participant_4/sideskips_right_2020-07-23--19-27-15.json,143,participant_4,6
sideskips_right,participant_4,participant_4/sideskips_right_2020-07-23--19-27-15.json,156,participant_4,6
sideskips_right,participant_4,participant_4/sideskips_right_2020-07-23--19-27-15.json,169,participant_4,6
sideskips_right,participant_4,participant_4/sideskips_right_2020-07-23--19-27-15.json,182,participant_4,6
sideskips_right,participant_4,participant_4/sideskips_right_2020-07-23--19-27-15.json,195,participant_4,6
sideskips_right,participant_4,participant_4/sideskips_right_2020-07-23--19-27-15.json,208,participant_4,6
sideskips_right,participant_4,participant_4/sideskips_right_2020-07-23--19-27-15.json,221,participant_4,6
sideskips_right,participant_4,participant_4/sideskips_right_2020-07-23--19-27-15.json,234,participant_4,6
sideskips_right,participant_4,participant_4/sideskips_right_2020-07-23--19-27-15.json,247,participant_4,6
sideskips_right,participant_4,participant_4/sideskips_right_2020-07-23--19-27-15.json,260,participant_4,6
sideskips_right,participant_4,participant_4/sideskips_right_2020-07-23--19-27-15.json,273,participant_4,6
sideskips_right,participant_4,participant_4/sideskips_right_2020-07-23--19-27-15.json,286,participant_4,6
sideskips_right,participant_4,participant_4/sideskips_right_2020-07-23--19-27-15.json,299,participant_4,6
sideskips_right,participant_4,participant_4/sideskips_right_2020-07-23--19-27-15.json,312,participant_4,6
sideskips_right,participant_4,participant_4/sideskips_right_2020-07-23--19-27-15.json,325,participant_4,6
sideskips_right,participant_4,participant_4/sideskips_right_2020-07-23--19-27-15.json,338,participant_4,6
sideskips_right,participant_4,participant_4/sideskips_right_2020-07-23--19-27-15.json,351,participant_4,6
sideskips_right,participant_4,participant_4/sideskips_right_2020-07-23--19-27-15.json,364,participant_4,6
sideskips_right,participant_4,participant_4/sideskips_right_2020-07-23--19-27-15.json,377,participant_4,6
sideskips_right,participant_4,participant_4/sideskips_right_2020-07-23--19-27-15.json,390,participant_4,6
sideskips_right,participant_4,participant_4/sideskips_right_2020-07-23--19-27-15.json,403,participant_4,6
sideskips_right,participant_4,participant_4/sideskips_right_2020-07-23--19-27-15.json,416,participant_4,6
sideskips_right,participant_4,participant_4/sideskips_right_2020-07-23--19-27-15.json,429,participant_4,6
sideskips_right,participant_4,participant_4/sideskips_right_2020-07-23--19-27-15.json,442,participant_4,6
sideskips_right,participant_4,participant_4/sideskips_right_2020-07-23--19-27-15.json,455,participant_4,6
sideskips_right,participant_4,participant_4/sideskips_right_2020-07-23--19-27-15.json,468,participant_4,6
carioca_left,participant_5,participant_5/carioca_left_2020-08-06--21-28-13.json,0,participant_5,0
carioca_left,participant_5,participant_5/carioca_left_2020-08-06--21-28-13.json,13,participant_5,0
carioca_left,participant_5,participant_5/carioca_left_2020-08-06--21-28-13.json,26,participant_5,0
carioca_left,participant_5,participant_5/carioca_left_2020-08-06--21-28-13.json,39,participant_5,0
carioca_left,participant_5,participant_5/carioca_left_2020-08-06--21-28-13.json,52,participant_5,0
carioca_left,participant_5,participant_5/carioca_left_2020-08-06--21-28-13.json,65,participant_5,0
carioca_left,participant_5,participant_5/carioca_left_2020-08-06--21-28-13.json,78,participant_5,0
carioca_left,participant_5,participant_5/carioca_left_2020-08-06--21-28-13.json,91,participant_5,0
carioca_left,participant_5,participant_5/carioca_left_2020-08-06--21-28-13.json,104,participant_5,0
carioca_left,participant_5,participant_5/carioca_left_2020-08-06--21-28-13.json,117,participant_5,0
carioca_left,participant_5,participant_5/carioca_left_2020-08-06--21-28-13.json,130,participant_5,0
carioca_left,participant_5,participant_5/carioca_left_2020-08-06--21-28-13.json,143,participant_5,0
carioca_left,participant_5,participant_5/carioca_left_2020-08-06--21-28-13.json,156,participant_5,0
carioca_left,participant_5,participant_5/carioca_left_2020-08-06--21-28-13.json,169,participant_5,0
carioca_left,participant_5,participant_5/carioca_left_2020-08-06--21-28-13.json,182,participant_5,0
carioca_left,participant_5,participant_5/carioca_left_2020-08-06--21-28-13.json,195,participant_5,0
carioca_left,participant_5,participant_5/carioca_left_2020-08-06--21-28-13.json,208,participant_5,0
carioca_left,participant_5,participant_5/carioca_left_2020-08-06--21-28-13.json,221,participant_5,0
carioca_left,participant_5,participant_5/carioca_left_2020-08-06--21-28-13.json,234,participant_5,0
carioca_left,participant_5,participant_5/carioca_left_2020-08-06--21-28-13.json,247,participant_5,0
carioca_left,participant_5,participant_5/carioca_left_2020-08-06--21-28-13.json,260,participant_5,0
carioca_left,participant_5,participant_5/carioca_left_2020-08-06--21-28-13.json,273,participant_5,0
carioca_left,participant_5,participant_5/carioca_left_2020-08-06--21-28-13.json,286,participant_5,0
carioca_left,participant_5,participant_5/carioca_left_2020-08-06--21-28-13.json,299,participant_5,0
carioca_left,participant_5,participant_5/carioca_left_2020-08-06--21-28-13.json,312,participant_5,0
carioca_left,participant_5,participant_5/carioca_left_2020-08-06--21-28-13.json,325,participant_5,0
carioca_left,participant_5,participant_5/carioca_left_2020-08-06--21-28-13.json,338,participant_5,0
carioca_left,participant_5,participant_5/carioca_left_2020-08-06--21-28-13.json,351,participant_5,0
carioca_left,participant_5,participant_5/carioca_left_2020-08-06--21-28-13.json,364,participant_5,0
carioca_left,participant_5,participant_5/carioca_left_2020-08-06--21-28-13.json,377,participant_5,0
carioca_left,participant_5,participant_5/carioca_left_2020-08-06--21-28-13.json,390,participant_5,0
carioca_left,participant_5,participant_5/carioca_left_2020-08-06--21-28-13.json,403,participant_5,0
carioca_left,participant_5,participant_5/carioca_left_2020-08-06--21-28-13.json,416,participant_5,0
carioca_left,participant_5,participant_5/carioca_left_2020-08-06--21-28-13.json,429,participant_5,0
carioca_left,participant_5,participant_5/carioca_left_2020-08-06--21-28-13.json,442,participant_5,0
carioca_left,participant_5,participant_5/carioca_left_2020-08-06--21-28-13.json,455,participant_5,0
carioca_right,participant_5,participant_5/carioca_right_2020-08-06--21-28-40.json,0,participant_5,1
carioca_right,participant_5,participant_5/carioca_right_2020-08-06--21-28-40.json,13,participant_5,1
carioca_right,participant_5,participant_5/carioca_right_2020-08-06--21-28-40.json,26,participant_5,1
carioca_right,participant_5,participant_5/carioca_right_2020-08-06--21-28-40.json,39,participant_5,1
carioca_right,participant_5,participant_5/carioca_right_2020-08-06--21-28-40.json,52,participant_5,1
carioca_right,participant_5,participant_5/carioca_right_2020-08-06--21-28-40.json,65,participant_5,1
carioca_right,participant_5,participant_5/carioca_right_2020-08-06--21-28-40.json,78,participant_5,1
carioca_right,participant_5,participant_5/carioca_right_2020-08-06--21-28-40.json,91,participant_5,1
carioca_right,participant_5,participant_5/carioca_right_2020-08-06--21-28-40.json,104,participant_5,1
carioca_right,participant_5,participant_5/carioca_right_2020-08-06--21-28-40.json,117,participant_5,1
carioca_right,participant_5,participant_5/carioca_right_2020-08-06--21-28-40.json,130,participant_5,1
carioca_right,participant_5,participant_5/carioca_right_2020-08-06--21-28-40.json,143,participant_5,1
carioca_right,participant_5,participant_5/carioca_right_2020-08-06--21-28-40.json,156,participant_5,1
carioca_right,participant_5,participant_5/carioca_right_2020-08-06--21-28-40.json,169,participant_5,1
carioca_right,participant_5,participant_5/carioca_right_2020-08-06--21-28-40.json,182,participant_5,1
carioca_right,participant_5,participant_5/carioca_right_2020-08-06--21-28-40.json,195,participant_5,1
carioca_right,participant_5,participant_5/carioca_right_2020-08-06--21-28-40.json,208,participant_5,1
carioca_right,participant_5,participant_5/carioca_right_2020-08-06--21-28-40.json,221,participant_5,1
carioca_right,participant_5,participant_5/carioca_right_2020-08-06--21-28-40.json,234,participant_5,1
carioca_right,participant_5,participant_5/carioca_right_2020-08-06--21-28-40.json,247,participant_5,1
carioca_right,participant_5,participant_5/carioca_right_2020-08-06--21-28-40.json,260,participant_5,1
carioca_right,participant_5,participant_5/carioca_right_2020-08-06--21-28-40.json,273,participant_5,1
carioca_right,participant_5,participant_5/carioca_right_2020-08-06--21-28-40.json,286,participant_5,1
carioca_right,participant_5,participant_5/carioca_right_2020-08-06--21-28-40.json,299,participant_5,1
carioca_right,participant_5,participant_5/carioca_right_2020-08-06--21-28-40.json,312,participant_5,1
carioca_right,participant_5,participant_5/carioca_right_2020-08-06--21-28-40.json,325,participant_5,1
carioca_right,participant_5,participant_5/carioca_right_2020-08-06--21-28-40.json,338,participant_5,1
carioca_right,participant_5,participant_5/carioca_right_2020-08-06--21-28-40.json,351,participant_5,1
carioca_right,participant_5,participant_5/carioca_right_2020-08-06--21-28-40.json,364,participant_5,1
carioca_right,participant_5,participant_5/carioca_right_2020-08-06--21-28-40.json,377,participant_5,1
carioca_right,participant_5,participant_5/carioca_right_2020-08-06--21-28-40.json,390,participant_5,1
carioca_right,participant_5,participant_5/carioca_right_2020-08-06--21-28-40.json,403,participant_5,1
carioca_right,participant_5,participant_5/carioca_right_2020-08-06--21-28-40.json,416,participant_5,1
carioca_right,participant_5,participant_5/carioca_right_2020-08-06--21-28-40.json,429,participant_5,1
carioca_right,participant_5,participant_5/carioca_right_2020-08-06--21-28-40.json,442,participant_5,1
carioca_right,participant_5,participant_5/carioca_right_2020-08-06--21-28-40.json,455,participant_5,1
heel_to_butt,participant_5,participant_5/heel_to_butt_2020-08-06--21-25-09.json,0,participant_5,2
heel_to_butt,participant_5,participant_5/heel_to_butt_2020-08-06--21-25-09.json,13,participant_5,2
heel_to_butt,participant_5,participant_5/heel_to_butt_2020-08-06--21-25-09.json,26,participant_5,2
heel_to_butt,participant_5,participant_5/heel_to_butt_2020-08-06--21-25-09.json,39,participant_5,2
heel_to_butt,participant_5,participant_5/heel_to_butt_2020-08-06--21-25-09.json,52,participant_5,2
heel_to_butt,participant_5,participant_5/heel_to_butt_2020-08-06--21-25-09.json,65,participant_5,2
heel_to_butt,participant_5,participant_5/heel_to_butt_2020-08-06--21-25-09.json,78,participant_5,2
heel_to_butt,participant_5,participant_5/heel_to_butt_2020-08-06--21-25-09.json,91,participant_5,2
heel_to_butt,participant_5,participant_5/heel_to_butt_2020-08-06--21-25-09.json,104,participant_5,2
heel_to_butt,participant_5,participant_5/heel_to_butt_2020-08-06--21-25-09.json,117,participant_5,2
heel_to_butt,participant_5,participant_5/heel_to_butt_2020-08-06--21-25-09.json,130,participant_5,2
heel_to_butt,participant_5,participant_5/heel_to_butt_2020-08-06--21-25-09.json,143,participant_5,2
heel_to_butt,participant_5,participant_5/heel_to_butt_2020-08-06--21-25-09.json,156,participant_5,2
heel_to_butt,participant_5,participant_5/heel_to_butt_2020-08-06--21-25-09.json,169,participant_5,2
heel_to_butt,participant_5,participant_5/heel_to_butt_2020-08-06--21-25-09.json,182,participant_5,2
heel_to_butt,participant_5,participant_5/heel_to_butt_2020-08-06--21-25-09.json,195,participant_5,2
heel_to_butt,participant_5,participant_5/heel_to_butt_2020-08-06--21-25-09.json,208,participant_5,2
heel_to_butt,participant_5,participant_5/heel_to_butt_2020-08-06--21-25-09.json,221,participant_5,2
heel_to_butt,participant_5,participant_5/heel_to_butt_2020-08-06--21-25-09.json,234,participant_5,2
heel_to_butt,participant_5,participant_5/heel_to_butt_2020-08-06--21-25-09.json,247,participant_5,2
heel_to_butt,participant_5,participant_5/heel_to_butt_2020-08-06--21-25-09.json,260,participant_5,2
heel_to_butt,participant_5,participant_5/heel_to_butt_2020-08-06--21-25-09.json,273,participant_5,2
heel_to_butt,participant_5,participant_5/heel_to_butt_2020-08-06--21-25-09.json,286,participant_5,2
heel_to_butt,participant_5,participant_5/heel_to_butt_2020-08-06--21-25-09.json,299,participant_5,2
heel_to_butt,participant_5,participant_5/heel_to_butt_2020-08-06--21-25-09.json,312,participant_5,2
heel_to_butt,participant_5,participant_5/heel_to_butt_2020-08-06--21-25-09.json,325,participant_5,2
heel_to_butt,participant_5,participant_5/heel_to_butt_2020-08-06--21-25-09.json,338,participant_5,2
heel_to_butt,participant_5,participant_5/heel_to_butt_2020-08-06--21-25-09.json,351,participant_5,2
heel_to_butt,participant_5,participant_5/heel_to_butt_2020-08-06--21-25-09.json,364,participant_5,2
heel_to_butt,participant_5,participant_5/heel_to_butt_2020-08-06--21-25-09.json,377,participant_5,2
heel_to_butt,participant_5,participant_5/heel_to_butt_2020-08-06--21-25-09.json,390,participant_5,2
heel_to_butt,participant_5,participant_5/heel_to_butt_2020-08-06--21-25-09.json,403,participant_5,2
heel_to_butt,participant_5,participant_5/heel_to_butt_2020-08-06--21-25-09.json,416,participant_5,2
heel_to_butt,participant_5,participant_5/heel_to_butt_2020-08-06--21-25-09.json,429,participant_5,2
heel_to_butt,participant_5,participant_5/heel_to_butt_2020-08-06--21-25-09.json,442,participant_5,2
heel_to_butt,participant_5,participant_5/heel_to_butt_2020-08-06--21-25-09.json,455,participant_5,2
heel_to_butt,participant_5,participant_5/heel_to_butt_2020-08-06--21-25-09.json,468,participant_5,2
high_knee_run,participant_5,participant_5/high_knee_run_2020-08-06--21-25-41.json,0,participant_5,3
high_knee_run,participant_5,participant_5/high_knee_run_2020-08-06--21-25-41.json,13,participant_5,3
high_knee_run,participant_5,participant_5/high_knee_run_2020-08-06--21-25-41.json,26,participant_5,3
high_knee_run,participant_5,participant_5/high_knee_run_2020-08-06--21-25-41.json,39,participant_5,3
high_knee_run,participant_5,participant_5/high_knee_run_2020-08-06--21-25-41.json,52,participant_5,3
high_knee_run,participant_5,participant_5/high_knee_run_2020-08-06--21-25-41.json,65,participant_5,3
high_knee_run,participant_5,participant_5/high_knee_run_2020-08-06--21-25-41.json,78,participant_5,3
high_knee_run,participant_5,participant_5/high_knee_run_2020-08-06--21-25-41.json,91,participant_5,3
high_knee_run,participant_5,participant_5/high_knee_run_2020-08-06--21-25-41.json,104,participant_5,3
high_knee_run,participant_5,participant_5/high_knee_run_2020-08-06--21-25-41.json,117,participant_5,3
high_knee_run,participant_5,participant_5/high_knee_run_2020-08-06--21-25-41.json,130,participant_5,3
high_knee_run,participant_5,participant_5/high_knee_run_2020-08-06--21-25-41.json,143,participant_5,3
high_knee_run,participant_5,participant_5/high_knee_run_2020-08-06--21-25-41.json,156,participant_5,3
high_knee_run,participant_5,participant_5/high_knee_run_2020-08-06--21-25-41.json,169,participant_5,3
high_knee_run,participant_5,participant_5/high_knee_run_2020-08-06--21-25-41.json,182,participant_5,3
high_knee_run,participant_5,participant_5/high_knee_run_2020-08-06--21-25-41.json,195,participant_5,3
high_knee_run,participant_5,participant_5/high_knee_run_2020-08-06--21-25-41.json,208,participant_5,3
high_knee_run,participant_5,participant_5/high_knee_run_2020-08-06--21-25-41.json,221,participant_5,3
high_knee_run,participant_5,participant_5/high_knee_run_2020-08-06--21-25-41.json,234,participant_5,3
high_knee_run,participant_5,participant_5/high_knee_run_2020-08-06--21-25-41.json,247,participant_5,3
high_knee_run,participant_5,participant_5/high_knee_run_2020-08-06--21-25-41.json,260,participant_5,3
high_knee_run,participant_5,participant_5/high_knee_run_2020-08-06--21-25-41.json,273,participant_5,3
high_knee_run,participant_5,participant_5/high_knee_run_2020-08-06--21-25-41.json,286,participant_5,3
high_knee_run,participant_5,participant_5/high_knee_run_2020-08-06--21-25-41.json,299,participant_5,3
high_knee_run,participant_5,participant_5/high_knee_run_2020-08-06--21-25-41.json,312,participant_5,3
high_knee_run,participant_5,participant_5/high_knee_run_2020-08-06--21-25-41.json,325,participant_5,3
high_knee_run,participant_5,participant_5/high_knee_run_2020-08-06--21-25-41.json,338,participant_5,3
high_knee_run,participant_5,participant_5/high_knee_run_2020-08-06--21-25-41.json,351,participant_5,3
high_knee_run,participant_5,participant_5/high_knee_run_2020-08-06--21-25-41.json,364,participant_5,3
high_knee_run,participant_5,participant_5/high_knee_run_2020-08-06--21-25-41.json,377,participant_5,3
high_knee_run,participant_5,participant_5/high_knee_run_2020-08-06--21-25-41.json,390,participant_5,3
high_knee_run,participant_5,participant_5/high_knee_run_2020-08-06--21-25-41.json,403,participant_5,3
high_knee_run,participant_5,participant_5/high_knee_run_2020-08-06--21-25-41.json,416,participant_5,3
high_knee_run,participant_5,participant_5/high_knee_run_2020-08-06--21-25-41.json,429,participant_5,3
high_knee_run,participant_5,participant_5/high_knee_run_2020-08-06--21-25-41.json,442,participant_5,3
high_knee_run,participant_5,participant_5/high_knee_run_2020-08-06--21-25-41.json,455,participant_5,3
running,participant_5,participant_5/running_2020-08-06--21-27-42.json,0,participant_5,4
running,participant_5,participant_5/running_2020-08-06--21-27-42.json,13,participant_5,4
running,participant_5,participant_5/running_2020-08-06--21-27-42.json,26,participant_5,4
running,participant_5,participant_5/running_2020-08-06--21-27-42.json,39,participant_5,4
running,participant_5,participant_5/running_2020-08-06--21-27-42.json,52,participant_5,4
running,participant_5,participant_5/running_2020-08-06--21-27-42.json,65,participant_5,4
running,participant_5,participant_5/running_2020-08-06--21-27-42.json,78,participant_5,4
running,participant_5,participant_5/running_2020-08-06--21-27-42.json,91,participant_5,4
running,participant_5,participant_5/running_2020-08-06--21-27-42.json,104,participant_5,4
running,participant_5,participant_5/running_2020-08-06--21-27-42.json,117,participant_5,4
running,participant_5,participant_5/running_2020-08-06--21-27-42.json,130,participant_5,4
running,participant_5,participant_5/running_2020-08-06--21-27-42.json,143,participant_5,4
running,participant_5,participant_5/running_2020-08-06--21-27-42.json,156,participant_5,4
running,participant_5,participant_5/running_2020-08-06--21-27-42.json,169,participant_5,4
running,participant_5,participant_5/running_2020-08-06--21-27-42.json,182,participant_5,4
running,participant_5,participant_5/running_2020-08-06--21-27-42.json,195,participant_5,4
running,participant_5,participant_5/running_2020-08-06--21-27-42.json,208,participant_5,4
running,participant_5,participant_5/running_2020-08-06--21-27-42.json,221,participant_5,4
running,participant_5,participant_5/running_2020-08-06--21-27-42.json,234,participant_5,4
running,participant_5,participant_5/running_2020-08-06--21-27-42.json,247,participant_5,4
running,participant_5,participant_5/running_2020-08-06--21-27-42.json,260,participant_5,4
running,participant_5,participant_5/running_2020-08-06--21-27-42.json,273,participant_5,4
running,participant_5,participant_5/running_2020-08-06--21-27-42.json,286,participant_5,4
running,participant_5,participant_5/running_2020-08-06--21-27-42.json,299,participant_5,4
running,participant_5,participant_5/running_2020-08-06--21-27-42.json,312,participant_5,4
running,participant_5,participant_5/running_2020-08-06--21-27-42.json,325,participant_5,4
running,participant_5,participant_5/running_2020-08-06--21-27-42.json,338,participant_5,4
running,participant_5,participant_5/running_2020-08-06--21-27-42.json,351,participant_5,4
running,participant_5,participant_5/running_2020-08-06--21-27-42.json,364,participant_5,4
running,participant_5,participant_5/running_2020-08-06--21-27-42.json,377,participant_5,4
running,participant_5,participant_5/running_2020-08-06--21-27-42.json,390,participant_5,4
running,participant_5,participant_5/running_2020-08-06--21-27-42.json,403,participant_5,4
running,participant_5,participant_5/running_2020-08-06--21-27-42.json,416,participant_5,4
running,participant_5,participant_5/running_2020-08-06--21-27-42.json,429,participant_5,4
running,participant_5,participant_5/running_2020-08-06--21-27-42.json,442,participant_5,4
running,participant_5,participant_5/running_2020-08-06--21-27-42.json,455,participant_5,4
sideskips_left,participant_5,participant_5/sideskips_left_2020-08-06--21-26-38.json,0,participant_5,5
sideskips_left,participant_5,participant_5/sideskips_left_2020-08-06--21-26-38.json,13,participant_5,5
sideskips_left,participant_5,participant_5/sideskips_left_2020-08-06--21-26-38.json,26,participant_5,5
sideskips_left,participant_5,participant_5/sideskips_left_2020-08-06--21-26-38.json,39,participant_5,5
sideskips_left,participant_5,participant_5/sideskips_left_2020-08-06--21-26-38.json,52,participant_5,5
sideskips_left,participant_5,participant_5/sideskips_left_2020-08-06--21-26-38.json,65,participant_5,5
sideskips_left,participant_5,participant_5/sideskips_left_2020-08-06--21-26-38.json,78,participant_5,5
sideskips_left,participant_5,participant_5/sideskips_left_2020-08-06--21-26-38.json,91,participant_5,5
sideskips_left,participant_5,participant_5/sideskips_left_2020-08-06--21-26-38.json,104,participant_5,5
sideskips_left,participant_5,participant_5/sideskips_left_2020-08-06--21-26-38.json,117,participant_5,5
sideskips_left,participant_5,participant_5/sideskips_left_2020-08-06--21-26-38.json,130,participant_5,5
sideskips_left,participant_5,participant_5/sideskips_left_2020-08-06--21-26-38.json,143,participant_5,5
sideskips_left,participant_5,participant_5/sideskips_left_2020-08-06--21-26-38.json,156,participant_5,5
sideskips_left,participant_5,participant_5/sideskips_left_2020-08-06--21-26-38.json,169,participant_5,5
sideskips_left,participant_5,participant_5/sideskips_left_2020-08-06--21-26-38.json,182,participant_5,5
sideskips_left,participant_5,participant_5/sideskips_left_2020-08-06--21-26-38.json,195,participant_5,5
sideskips_left,participant_5,participant_5/sideskips_left_2020-08-06--21-26-38.json,208,participant_5,5
sideskips_left,participant_5,participant_5/sideskips_left_2020-08-06--21-26-38.json,221,participant_5,5
sideskips_left,participant_5,participant_5/sideskips_left_2020-08-06--21-26-38.json,234,participant_5,5
sideskips_left,participant_5,participant_5/sideskips_left_2020-08-06--21-26-38.json,247,participant_5,5
sideskips_left,participant_5,participant_5/sideskips_left_2020-08-06--21-26-38.json,260,participant_5,5
sideskips_left,participant_5,participant_5/sideskips_left_2020-08-06--21-26-38.json,273,participant_5,5
sideskips_left,participant_5,participant_5/sideskips_left_2020-08-06--21-26-38.json,286,participant_5,5
sideskips_left,participant_5,participant_5/sideskips_left_2020-08-06--21-26-38.json,299,participant_5,5
sideskips_left,participant_5,participant_5/sideskips_left_2020-08-06--21-26-38.json,312,participant_5,5
sideskips_left,participant_5,participant_5/sideskips_left_2020-08-06--21-26-38.json,325,participant_5,5
sideskips_left,participant_5,participant_5/sideskips_left_2020-08-06--21-26-38.json,338,participant_5,5
sideskips_left,participant_5,participant_5/sideskips_left_2020-08-06--21-26-38.json,351,participant_5,5
sideskips_left,participant_5,participant_5/sideskips_left_2020-08-06--21-26-38.json,364,participant_5,5
sideskips_left,participant_5,participant_5/sideskips_left_2020-08-06--21-26-38.json,377,participant_5,5
sideskips_left,participant_5,participant_5/sideskips_left_2020-08-06--21-26-38.json,390,participant_5,5
sideskips_left,participant_5,participant_5/sideskips_left_2020-08-06--21-26-38.json,403,participant_5,5
sideskips_left,participant_5,participant_5/sideskips_left_2020-08-06--21-26-38.json,416,participant_5,5
sideskips_left,participant_5,participant_5/sideskips_left_2020-08-06--21-26-38.json,429,participant_5,5
sideskips_left,participant_5,participant_5/sideskips_left_2020-08-06--21-26-38.json,442,participant_5,5
sideskips_left,participant_5,participant_5/sideskips_left_2020-08-06--21-26-38.json,455,participant_5,5
sideskips_right,participant_5,participant_5/sideskips_right_2020-08-06--21-26-11.json,0,participant_5,6
sideskips_right,participant_5,participant_5/sideskips_right_2020-08-06--21-26-11.json,13,participant_5,6
sideskips_right,participant_5,participant_5/sideskips_right_2020-08-06--21-26-11.json,26,participant_5,6
sideskips_right,participant_5,participant_5/sideskips_right_2020-08-06--21-26-11.json,39,participant_5,6
sideskips_right,participant_5,participant_5/sideskips_right_2020-08-06--21-26-11.json,52,participant_5,6
sideskips_right,participant_5,participant_5/sideskips_right_2020-08-06--21-26-11.json,65,participant_5,6
sideskips_right,participant_5,participant_5/sideskips_right_2020-08-06--21-26-11.json,78,participant_5,6
sideskips_right,participant_5,participant_5/sideskips_right_2020-08-06--21-26-11.json,91,participant_5,6
sideskips_right,participant_5,participant_5/sideskips_right_2020-08-06--21-26-11.json,104,participant_5,6
sideskips_right,participant_5,participant_5/sideskips_right_2020-08-06--21-26-11.json,117,participant_5,6
sideskips_right,participant_5,participant_5/sideskips_right_2020-08-06--21-26-11.json,130,participant_5,6
sideskips_right,participant_5,participant_5/sideskips_right_2020-08-06--21-26-11.json,143,participant_5,6
sideskips_right,participant_5,participant_5/sideskips_right_2020-08-06--21-26-11.json,156,participant_5,6
sideskips_right,participant_5,participant_5/sideskips_right_2020-08-06--21-26-11.json,169,participant_5,6
sideskips_right,participant_5,participant_5/sideskips_right_2020-08-06--21-26-11.json,182,participant_5,6
sideskips_right,participant_5,participant_5/sideskips_right_2020-08-06--21-26-11.json,195,participant_5,6
sideskips_right,participant_5,participant_5/sideskips_right_2020-08-06--21-26-11.json,208,participant_5,6
sideskips_right,participant_5,participant_5/sideskips_right_2020-08-06--21-26-11.json,221,participant_5,6
sideskips_right,participant_5,participant_5/sideskips_right_2020-08-06--21-26-11.json,234,participant_5,6
sideskips_right,participant_5,participant_5/sideskips_right_2020-08-06--21-26-11.json,247,participant_5,6
sideskips_right,participant_5,participant_5/sideskips_right_2020-08-06--21-26-11.json,260,participant_5,6
sideskips_right,participant_5,participant_5/sideskips_right_2020-08-06--21-26-11.json,273,participant_5,6
sideskips_right,participant_5,participant_5/sideskips_right_2020-08-06--21-26-11.json,286,participant_5,6
sideskips_right,participant_5,participant_5/sideskips_right_2020-08-06--21-26-11.json,299,participant_5,6
sideskips_right,participant_5,participant_5/sideskips_right_2020-08-06--21-26-11.json,312,participant_5,6
sideskips_right,participant_5,participant_5/sideskips_right_2020-08-06--21-26-11.json,325,participant_5,6
sideskips_right,participant_5,participant_5/sideskips_right_2020-08-06--21-26-11.json,338,participant_5,6
sideskips_right,participant_5,participant_5/sideskips_right_2020-08-06--21-26-11.json,351,participant_5,6
sideskips_right,participant_5,participant_5/sideskips_right_2020-08-06--21-26-11.json,364,participant_5,6
sideskips_right,participant_5,participant_5/sideskips_right_2020-08-06--21-26-11.json,377,participant_5,6
sideskips_right,participant_5,participant_5/sideskips_right_2020-08-06--21-26-11.json,390,participant_5,6
sideskips_right,participant_5,participant_5/sideskips_right_2020-08-06--21-26-11.json,403,participant_5,6
sideskips_right,participant_5,participant_5/sideskips_right_2020-08-06--21-26-11.json,416,participant_5,6
sideskips_right,participant_5,participant_5/sideskips_right_2020-08-06--21-26-11.json,429,participant_5,6
sideskips_right,participant_5,participant_5/sideskips_right_2020-08-06--21-26-11.json,442,participant_5,6
sideskips_right,participant_5,participant_5/sideskips_right_2020-08-06--21-26-11.json,455,participant_5,6
carioca_left,participant_6,participant_6/carioca_left_2020-09-24--19-53-31.json,0,participant_6,0
carioca_left,participant_6,participant_6/carioca_left_2020-09-24--19-53-31.json,13,participant_6,0
carioca_left,participant_6,participant_6/carioca_left_2020-09-24--19-53-31.json,26,participant_6,0
carioca_left,participant_6,participant_6/carioca_left_2020-09-24--19-53-31.json,39,participant_6,0
carioca_left,participant_6,participant_6/carioca_left_2020-09-24--19-53-31.json,52,participant_6,0
carioca_left,participant_6,participant_6/carioca_left_2020-09-24--19-53-31.json,65,participant_6,0
carioca_left,participant_6,participant_6/carioca_left_2020-09-24--19-53-31.json,78,participant_6,0
carioca_left,participant_6,participant_6/carioca_left_2020-09-24--19-53-31.json,91,participant_6,0
carioca_left,participant_6,participant_6/carioca_left_2020-09-24--19-53-31.json,104,participant_6,0
carioca_left,participant_6,participant_6/carioca_left_2020-09-24--19-53-31.json,117,participant_6,0
carioca_left,participant_6,participant_6/carioca_left_2020-09-24--19-53-31.json,130,participant_6,0
carioca_left,participant_6,participant_6/carioca_left_2020-09-24--19-53-31.json,143,participant_6,0
carioca_left,participant_6,participant_6/carioca_left_2020-09-24--19-53-31.json,156,participant_6,0
carioca_left,participant_6,participant_6/carioca_left_2020-09-24--19-53-31.json,169,participant_6,0
carioca_left,participant_6,participant_6/carioca_left_2020-09-24--19-53-31.json,182,participant_6,0
carioca_left,participant_6,participant_6/carioca_left_2020-09-24--19-53-31.json,195,participant_6,0
carioca_left,participant_6,participant_6/carioca_left_2020-09-24--19-53-31.json,208,participant_6,0
carioca_left,participant_6,participant_6/carioca_left_2020-09-24--19-53-31.json,221,participant_6,0
carioca_left,participant_6,participant_6/carioca_left_2020-09-24--19-53-31.json,234,participant_6,0
carioca_left,participant_6,participant_6/carioca_left_2020-09-24--19-53-31.json,247,participant_6,0
carioca_left,participant_6,participant_6/carioca_left_2020-09-24--19-53-31.json,260,participant_6,0
carioca_left,participant_6,participant_6/carioca_left_2020-09-24--19-53-31.json,273,participant_6,0
carioca_left,participant_6,participant_6/carioca_left_2020-09-24--19-53-31.json,286,participant_6,0
carioca_left,participant_6,participant_6/carioca_left_2020-09-24--19-53-31.json,299,participant_6,0
carioca_left,participant_6,participant_6/carioca_left_2020-09-24--19-53-31.json,312,participant_6,0
carioca_left,participant_6,participant_6/carioca_left_2020-09-24--19-53-31.json,325,participant_6,0
carioca_left,participant_6,participant_6/carioca_left_2020-09-24--19-53-31.json,338,participant_6,0
carioca_left,participant_6,participant_6/carioca_left_2020-09-24--19-53-31.json,351,participant_6,0
carioca_left,participant_6,participant_6/carioca_left_2020-09-24--19-53-31.json,364,participant_6,0
carioca_left,participant_6,participant_6/carioca_left_2020-09-24--19-53-31.json,377,participant_6,0
carioca_left,participant_6,participant_6/carioca_left_2020-09-24--19-53-31.json,390,participant_6,0
carioca_left,participant_6,participant_6/carioca_left_2020-09-24--19-53-31.json,403,participant_6,0
carioca_left,participant_6,participant_6/carioca_left_2020-09-24--19-53-31.json,416,participant_6,0
carioca_left,participant_6,participant_6/carioca_left_2020-09-24--19-53-31.json,429,participant_6,0
carioca_left,participant_6,participant_6/carioca_left_2020-09-24--19-53-31.json,442,participant_6,0
carioca_left,participant_6,participant_6/carioca_left_2020-09-24--19-53-31.json,455,participant_6,0
carioca_right,participant_6,participant_6/carioca_right_2020-09-24--19-53-51.json,0,participant_6,1
carioca_right,participant_6,participant_6/carioca_right_2020-09-24--19-53-51.json,13,participant_6,1
carioca_right,participant_6,participant_6/carioca_right_2020-09-24--19-53-51.json,26,participant_6,1
carioca_right,participant_6,participant_6/carioca_right_2020-09-24--19-53-51.json,39,participant_6,1
carioca_right,participant_6,participant_6/carioca_right_2020-09-24--19-53-51.json,52,participant_6,1
carioca_right,participant_6,participant_6/carioca_right_2020-09-24--19-53-51.json,65,participant_6,1
carioca_right,participant_6,participant_6/carioca_right_2020-09-24--19-53-51.json,78,participant_6,1
carioca_right,participant_6,participant_6/carioca_right_2020-09-24--19-53-51.json,91,participant_6,1
carioca_right,participant_6,participant_6/carioca_right_2020-09-24--19-53-51.json,104,participant_6,1
carioca_right,participant_6,participant_6/carioca_right_2020-09-24--19-53-51.json,117,participant_6,1
carioca_right,participant_6,participant_6/carioca_right_2020-09-24--19-53-51.json,130,participant_6,1
carioca_right,participant_6,participant_6/carioca_right_2020-09-24--19-53-51.json,143,participant_6,1
carioca_right,participant_6,participant_6/carioca_right_2020-09-24--19-53-51.json,156,participant_6,1
carioca_right,participant_6,participant_6/carioca_right_2020-09-24--19-53-51.json,169,participant_6,1
carioca_right,participant_6,participant_6/carioca_right_2020-09-24--19-53-51.json,182,participant_6,1
carioca_right,participant_6,participant_6/carioca_right_2020-09-24--19-53-51.json,195,participant_6,1
carioca_right,participant_6,participant_6/carioca_right_2020-09-24--19-53-51.json,208,participant_6,1
carioca_right,participant_6,participant_6/carioca_right_2020-09-24--19-53-51.json,221,participant_6,1
carioca_right,participant_6,participant_6/carioca_right_2020-09-24--19-53-51.json,234,participant_6,1
carioca_right,participant_6,participant_6/carioca_right_2020-09-24--19-53-51.json,247,participant_6,1
carioca_right,participant_6,participant_6/carioca_right_2020-09-24--19-53-51.json,260,participant_6,1
carioca_right,participant_6,participant_6/carioca_right_2020-09-24--19-53-51.json,273,participant_6,1
carioca_right,participant_6,participant_6/carioca_right_2020-09-24--19-53-51.json,286,participant_6,1
carioca_right,participant_6,participant_6/carioca_right_2020-09-24--19-53-51.json,299,participant_6,1
carioca_right,participant_6,participant_6/carioca_right_2020-09-24--19-53-51.json,312,participant_6,1
carioca_right,participant_6,participant_6/carioca_right_2020-09-24--19-53-51.json,325,participant_6,1
carioca_right,participant_6,participant_6/carioca_right_2020-09-24--19-53-51.json,338,participant_6,1
carioca_right,participant_6,participant_6/carioca_right_2020-09-24--19-53-51.json,351,participant_6,1
carioca_right,participant_6,participant_6/carioca_right_2020-09-24--19-53-51.json,364,participant_6,1
carioca_right,participant_6,participant_6/carioca_right_2020-09-24--19-53-51.json,377,participant_6,1
carioca_right,participant_6,participant_6/carioca_right_2020-09-24--19-53-51.json,390,participant_6,1
carioca_right,participant_6,participant_6/carioca_right_2020-09-24--19-53-51.json,403,participant_6,1
carioca_right,participant_6,participant_6/carioca_right_2020-09-24--19-53-51.json,416,participant_6,1
carioca_right,participant_6,participant_6/carioca_right_2020-09-24--19-53-51.json,429,participant_6,1
carioca_right,participant_6,participant_6/carioca_right_2020-09-24--19-53-51.json,442,participant_6,1
carioca_right,participant_6,participant_6/carioca_right_2020-09-24--19-53-51.json,455,participant_6,1
heel_to_butt,participant_6,participant_6/heel_to_butt_2020-09-24--19-54-39.json,0,participant_6,2
heel_to_butt,participant_6,participant_6/heel_to_butt_2020-09-24--19-54-39.json,13,participant_6,2
heel_to_butt,participant_6,participant_6/heel_to_butt_2020-09-24--19-54-39.json,26,participant_6,2
heel_to_butt,participant_6,participant_6/heel_to_butt_2020-09-24--19-54-39.json,39,participant_6,2
heel_to_butt,participant_6,participant_6/heel_to_butt_2020-09-24--19-54-39.json,52,participant_6,2
heel_to_butt,participant_6,participant_6/heel_to_butt_2020-09-24--19-54-39.json,65,participant_6,2
heel_to_butt,participant_6,participant_6/heel_to_butt_2020-09-24--19-54-39.json,78,participant_6,2
heel_to_butt,participant_6,participant_6/heel_to_butt_2020-09-24--19-54-39.json,91,participant_6,2
heel_to_butt,participant_6,participant_6/heel_to_butt_2020-09-24--19-54-39.json,104,participant_6,2
heel_to_butt,participant_6,participant_6/heel_to_butt_2020-09-24--19-54-39.json,117,participant_6,2
heel_to_butt,participant_6,participant_6/heel_to_butt_2020-09-24--19-54-39.json,130,participant_6,2
heel_to_butt,participant_6,participant_6/heel_to_butt_2020-09-24--19-54-39.json,143,participant_6,2
heel_to_butt,participant_6,participant_6/heel_to_butt_2020-09-24--19-54-39.json,156,participant_6,2
heel_to_butt,participant_6,participant_6/heel_to_butt_2020-09-24--19-54-39.json,169,participant_6,2
heel_to_butt,participant_6,participant_6/heel_to_butt_2020-09-24--19-54-39.json,182,participant_6,2
heel_to_butt,participant_6,participant_6/heel_to_butt_2020-09-24--19-54-39.json,195,participant_6,2
heel_to_butt,participant_6,participant_6/heel_to_butt_2020-09-24--19-54-39.json,208,participant_6,2
heel_to_butt,participant_6,participant_6/heel_to_butt_2020-09-24--19-54-39.json,221,participant_6,2
heel_to_butt,participant_6,participant_6/heel_to_butt_2020-09-24--19-54-39.json,234,participant_6,2
heel_to_butt,participant_6,participant_6/heel_to_butt_2020-09-24--19-54-39.json,247,participant_6,2
heel_to_butt,participant_6,participant_6/heel_to_butt_2020-09-24--19-54-39.json,260,participant_6,2
heel_to_butt,participant_6,participant_6/heel_to_butt_2020-09-24--19-54-39.json,273,participant_6,2
heel_to_butt,participant_6,participant_6/heel_to_butt_2020-09-24--19-54-39.json,286,participant_6,2
heel_to_butt,participant_6,participant_6/heel_to_butt_2020-09-24--19-54-39.json,299,participant_6,2
heel_to_butt,participant_6,participant_6/heel_to_butt_2020-09-24--19-54-39.json,312,participant_6,2
heel_to_butt,participant_6,participant_6/heel_to_butt_2020-09-24--19-54-39.json,325,participant_6,2
heel_to_butt,participant_6,participant_6/heel_to_butt_2020-09-24--19-54-39.json,338,participant_6,2
heel_to_butt,participant_6,participant_6/heel_to_butt_2020-09-24--19-54-39.json,351,participant_6,2
heel_to_butt,participant_6,participant_6/heel_to_butt_2020-09-24--19-54-39.json,364,participant_6,2
heel_to_butt,participant_6,participant_6/heel_to_butt_2020-09-24--19-54-39.json,377,participant_6,2
heel_to_butt,participant_6,participant_6/heel_to_butt_2020-09-24--19-54-39.json,390,participant_6,2
heel_to_butt,participant_6,participant_6/heel_to_butt_2020-09-24--19-54-39.json,403,participant_6,2
heel_to_butt,participant_6,participant_6/heel_to_butt_2020-09-24--19-54-39.json,416,participant_6,2
heel_to_butt,participant_6,participant_6/heel_to_butt_2020-09-24--19-54-39.json,429,participant_6,2
heel_to_butt,participant_6,participant_6/heel_to_butt_2020-09-24--19-54-39.json,442,participant_6,2
heel_to_butt,participant_6,participant_6/heel_to_butt_2020-09-24--19-54-39.json,455,participant_6,2
high_knee_run,participant_6,participant_6/high_knee_run_2020-09-24--19-54-15.json,0,participant_6,3
high_knee_run,participant_6,participant_6/high_knee_run_2020-09-24--19-54-15.json,13,participant_6,3
high_knee_run,participant_6,participant_6/high_knee_run_2020-09-24--19-54-15.json,26,participant_6,3
high_knee_run,participant_6,participant_6/high_knee_run_2020-09-24--19-54-15.json,39,participant_6,3
high_knee_run,participant_6,participant_6/high_knee_run_2020-09-24--19-54-15.json,52,participant_6,3
high_knee_run,participant_6,participant_6/high_knee_run_2020-09-24--19-54-15.json,65,participant_6,3
high_knee_run,participant_6,participant_6/high_knee_run_2020-09-24--19-54-15.json,78,participant_6,3
high_knee_run,participant_6,participant_6/high_knee_run_2020-09-24--19-54-15.json,91,participant_6,3
high_knee_run,participant_6,participant_6/high_knee_run_2020-09-24--19-54-15.json,104,participant_6,3
high_knee_run,participant_6,participant_6/high_knee_run_2020-09-24--19-54-15.json,117,participant_6,3
high_knee_run,participant_6,participant_6/high_knee_run_2020-09-24--19-54-15.json,130,participant_6,3
high_knee_run,participant_6,participant_6/high_knee_run_2020-09-24--19-54-15.json,143,participant_6,3
high_knee_run,participant_6,participant_6/high_knee_run_2020-09-24--19-54-15.json,156,participant_6,3
high_knee_run,participant_6,participant_6/high_knee_run_2020-09-24--19-54-15.json,169,participant_6,3
high_knee_run,participant_6,participant_6/high_knee_run_2020-09-24--19-54-15.json,182,participant_6,3
high_knee_run,participant_6,participant_6/high_knee_run_2020-09-24--19-54-15.json,195,participant_6,3
high_knee_run,participant_6,participant_6/high_knee_run_2020-09-24--19-54-15.json,208,participant_6,3
high_knee_run,participant_6,participant_6/high_knee_run_2020-09-24--19-54-15.json,221,participant_6,3
high_knee_run,participant_6,participant_6/high_knee_run_2020-09-24--19-54-15.json,234,participant_6,3
high_knee_run,participant_6,participant_6/high_knee_run_2020-09-24--19-54-15.json,247,participant_6,3
high_knee_run,participant_6,participant_6/high_knee_run_2020-09-24--19-54-15.json,260,participant_6,3
high_knee_run,participant_6,participant_6/high_knee_run_2020-09-24--19-54-15.json,273,participant_6,3
high_knee_run,participant_6,participant_6/high_knee_run_2020-09-24--19-54-15.json,286,participant_6,3
high_knee_run,participant_6,participant_6/high_knee_run_2020-09-24--19-54-15.json,299,participant_6,3
high_knee_run,participant_6,participant_6/high_knee_run_2020-09-24--19-54-15.json,312,participant_6,3
high_knee_run,participant_6,participant_6/high_knee_run_2020-09-24--19-54-15.json,325,participant_6,3
high_knee_run,participant_6,participant_6/high_knee_run_2020-09-24--19-54-15.json,338,participant_6,3
high_knee_run,participant_6,participant_6/high_knee_run_2020-09-24--19-54-15.json,351,participant_6,3
high_knee_run,participant_6,participant_6/high_knee_run_2020-09-24--19-54-15.json,364,participant_6,3
high_knee_run,participant_6,participant_6/high_knee_run_2020-09-24--19-54-15.json,377,participant_6,3
high_knee_run,participant_6,participant_6/high_knee_run_2020-09-24--19-54-15.json,390,participant_6,3
high_knee_run,participant_6,participant_6/high_knee_run_2020-09-24--19-54-15.json,403,participant_6,3
high_knee_run,participant_6,participant_6/high_knee_run_2020-09-24--19-54-15.json,416,participant_6,3
high_knee_run,participant_6,participant_6/high_knee_run_2020-09-24--19-54-15.json,429,participant_6,3
high_knee_run,participant_6,participant_6/high_knee_run_2020-09-24--19-54-15.json,442,participant_6,3
high_knee_run,participant_6,participant_6/high_knee_run_2020-09-24--19-54-15.json,455,participant_6,3
running,participant_6,participant_6/running_2020-09-24--19-52-22.json,0,participant_6,4
running,participant_6,participant_6/running_2020-09-24--19-52-22.json,13,participant_6,4
running,participant_6,participant_6/running_2020-09-24--19-52-22.json,26,participant_6,4
running,participant_6,participant_6/running_2020-09-24--19-52-22.json,39,participant_6,4
running,participant_6,participant_6/running_2020-09-24--19-52-22.json,52,participant_6,4
running,participant_6,participant_6/running_2020-09-24--19-52-22.json,65,participant_6,4
running,participant_6,participant_6/running_2020-09-24--19-52-22.json,78,participant_6,4
running,participant_6,participant_6/running_2020-09-24--19-52-22.json,91,participant_6,4
running,participant_6,participant_6/running_2020-09-24--19-52-22.json,104,participant_6,4
running,participant_6,participant_6/running_2020-09-24--19-52-22.json,117,participant_6,4
running,participant_6,participant_6/running_2020-09-24--19-52-22.json,130,participant_6,4
running,participant_6,participant_6/running_2020-09-24--19-52-22.json,143,participant_6,4
running,participant_6,participant_6/running_2020-09-24--19-52-22.json,156,participant_6,4
running,participant_6,participant_6/running_2020-09-24--19-52-22.json,169,participant_6,4
running,participant_6,participant_6/running_2020-09-24--19-52-22.json,182,participant_6,4
running,participant_6,participant_6/running_2020-09-24--19-52-22.json,195,participant_6,4
running,participant_6,participant_6/running_2020-09-24--19-52-22.json,208,participant_6,4
running,participant_6,participant_6/running_2020-09-24--19-52-22.json,221,participant_6,4
running,participant_6,participant_6/running_2020-09-24--19-52-22.json,234,participant_6,4
running,participant_6,participant_6/running_2020-09-24--19-52-22.json,247,participant_6,4
running,participant_6,participant_6/running_2020-09-24--19-52-22.json,260,participant_6,4
running,participant_6,participant_6/running_2020-09-24--19-52-22.json,273,participant_6,4
running,participant_6,participant_6/running_2020-09-24--19-52-22.json,286,participant_6,4
running,participant_6,participant_6/running_2020-09-24--19-52-22.json,299,participant_6,4
running,participant_6,participant_6/running_2020-09-24--19-52-22.json,312,participant_6,4
running,participant_6,participant_6/running_2020-09-24--19-52-22.json,325,participant_6,4
running,participant_6,participant_6/running_2020-09-24--19-52-22.json,338,participant_6,4
running,participant_6,participant_6/running_2020-09-24--19-52-22.json,351,participant_6,4
running,participant_6,participant_6/running_2020-09-24--19-52-22.json,364,participant_6,4
running,participant_6,participant_6/running_2020-09-24--19-52-22.json,377,participant_6,4
running,participant_6,participant_6/running_2020-09-24--19-52-22.json,390,participant_6,4
running,participant_6,participant_6/running_2020-09-24--19-52-22.json,403,participant_6,4
running,participant_6,participant_6/running_2020-09-24--19-52-22.json,416,participant_6,4
running,participant_6,participant_6/running_2020-09-24--19-52-22.json,429,participant_6,4
running,participant_6,participant_6/running_2020-09-24--19-52-22.json,442,participant_6,4
running,participant_6,participant_6/running_2020-09-24--19-52-22.json,455,participant_6,4
sideskips_left,participant_6,participant_6/sideskips_left_2020-09-24--19-53-06.json,0,participant_6,5
sideskips_left,participant_6,participant_6/sideskips_left_2020-09-24--19-53-06.json,13,participant_6,5
sideskips_left,participant_6,participant_6/sideskips_left_2020-09-24--19-53-06.json,26,participant_6,5
sideskips_left,participant_6,participant_6/sideskips_left_2020-09-24--19-53-06.json,39,participant_6,5
sideskips_left,participant_6,participant_6/sideskips_left_2020-09-24--19-53-06.json,52,participant_6,5
sideskips_left,participant_6,participant_6/sideskips_left_2020-09-24--19-53-06.json,65,participant_6,5
sideskips_left,participant_6,participant_6/sideskips_left_2020-09-24--19-53-06.json,78,participant_6,5
sideskips_left,participant_6,participant_6/sideskips_left_2020-09-24--19-53-06.json,91,participant_6,5
sideskips_left,participant_6,participant_6/sideskips_left_2020-09-24--19-53-06.json,104,participant_6,5
sideskips_left,participant_6,participant_6/sideskips_left_2020-09-24--19-53-06.json,117,participant_6,5
sideskips_left,participant_6,participant_6/sideskips_left_2020-09-24--19-53-06.json,130,participant_6,5
sideskips_left,participant_6,participant_6/sideskips_left_2020-09-24--19-53-06.json,143,participant_6,5
sideskips_left,participant_6,participant_6/sideskips_left_2020-09-24--19-53-06.json,156,participant_6,5
sideskips_left,participant_6,participant_6/sideskips_left_2020-09-24--19-53-06.json,169,participant_6,5
sideskips_left,participant_6,participant_6/sideskips_left_2020-09-24--19-53-06.json,182,participant_6,5
sideskips_left,participant_6,participant_6/sideskips_left_2020-09-24--19-53-06.json,195,participant_6,5
sideskips_left,participant_6,participant_6/sideskips_left_2020-09-24--19-53-06.json,208,participant_6,5
sideskips_left,participant_6,participant_6/sideskips_left_2020-09-24--19-53-06.json,221,participant_6,5
sideskips_left,participant_6,participant_6/sideskips_left_2020-09-24--19-53-06.json,234,participant_6,5
sideskips_left,participant_6,participant_6/sideskips_left_2020-09-24--19-53-06.json,247,participant_6,5
sideskips_left,participant_6,participant_6/sideskips_left_2020-09-24--19-53-06.json,260,participant_6,5
sideskips_left,participant_6,participant_6/sideskips_left_2020-09-24--19-53-06.json,273,participant_6,5
sideskips_left,participant_6,participant_6/sideskips_left_2020-09-24--19-53-06.json,286,participant_6,5
sideskips_left,participant_6,participant_6/sideskips_left_2020-09-24--19-53-06.json,299,participant_6,5
sideskips_left,participant_6,participant_6/sideskips_left_2020-09-24--19-53-06.json,312,participant_6,5
sideskips_left,participant_6,participant_6/sideskips_left_2020-09-24--19-53-06.json,325,participant_6,5
sideskips_left,participant_6,participant_6/sideskips_left_2020-09-24--19-53-06.json,338,participant_6,5
sideskips_left,participant_6,participant_6/sideskips_left_2020-09-24--19-53-06.json,351,participant_6,5
sideskips_left,participant_6,participant_6/sideskips_left_2020-09-24--19-53-06.json,364,participant_6,5
sideskips_left,participant_6,participant_6/sideskips_left_2020-09-24--19-53-06.json,377,participant_6,5
sideskips_left,participant_6,participant_6/sideskips_left_2020-09-24--19-53-06.json,390,participant_6,5
sideskips_left,participant_6,participant_6/sideskips_left_2020-09-24--19-53-06.json,403,participant_6,5
sideskips_left,participant_6,participant_6/sideskips_left_2020-09-24--19-53-06.json,416,participant_6,5
sideskips_left,participant_6,participant_6/sideskips_left_2020-09-24--19-53-06.json,429,participant_6,5
sideskips_left,participant_6,participant_6/sideskips_left_2020-09-24--19-53-06.json,442,participant_6,5
sideskips_left,participant_6,participant_6/sideskips_left_2020-09-24--19-53-06.json,455,participant_6,5
sideskips_right,participant_6,participant_6/sideskips_right_2020-09-24--19-52-43.json,0,participant_6,6
sideskips_right,participant_6,participant_6/sideskips_right_2020-09-24--19-52-43.json,13,participant_6,6
sideskips_right,participant_6,participant_6/sideskips_right_2020-09-24--19-52-43.json,26,participant_6,6
sideskips_right,participant_6,participant_6/sideskips_right_2020-09-24--19-52-43.json,39,participant_6,6
sideskips_right,participant_6,participant_6/sideskips_right_2020-09-24--19-52-43.json,52,participant_6,6
sideskips_right,participant_6,participant_6/sideskips_right_2020-09-24--19-52-43.json,65,participant_6,6
sideskips_right,participant_6,participant_6/sideskips_right_2020-09-24--19-52-43.json,78,participant_6,6
sideskips_right,participant_6,participant_6/sideskips_right_2020-09-24--19-52-43.json,91,participant_6,6
sideskips_right,participant_6,participant_6/sideskips_right_2020-09-24--19-52-43.json,104,participant_6,6
sideskips_right,participant_6,participant_6/sideskips_right_2020-09-24--19-52-43.json,117,participant_6,6
sideskips_right,participant_6,participant_6/sideskips_right_2020-09-24--19-52-43.json,130,participant_6,6
sideskips_right,participant_6,participant_6/sideskips_right_2020-09-24--19-52-43.json,143,participant_6,6
sideskips_right,participant_6,participant_6/sideskips_right_2020-09-24--19-52-43.json,156,participant_6,6
sideskips_right,participant_6,participant_6/sideskips_right_2020-09-24--19-52-43.json,169,participant_6,6
sideskips_right,participant_6,participant_6/sideskips_right_2020-09-24--19-52-43.json,182,participant_6,6
sideskips_right,participant_6,participant_6/sideskips_right_2020-09-24--19-52-43.json,195,participant_6,6
sideskips_right,participant_6,participant_6/sideskips_right_2020-09-24--19-52-43.json,208,participant_6,6
sideskips_right,participant_6,participant_6/sideskips_right_2020-09-24--19-52-43.json,221,participant_6,6
sideskips_right,participant_6,participant_6/sideskips_right_2020-09-24--19-52-43.json,234,participant_6,6
sideskips_right,participant_6,participant_6/sideskips_right_2020-09-24--19-52-43.json,247,participant_6,6
sideskips_right,participant_6,participant_6/sideskips_right_2020-09-24--19-52-43.json,260,participant_6,6
sideskips_right,participant_6,participant_6/sideskips_right_2020-09-24--19-52-43.json,273,participant_6,6
sideskips_right,participant_6,participant_6/sideskips_right_2020-09-24--19-52-43.json,286,participant_6,6
sideskips_right,participant_6,participant_6/sideskips_right_2020-09-24--19-52-43.json,299,participant_6,6
sideskips_right,participant_6,participant_6/sideskips_right_2020-09-24--19-52-43.json,312,participant_6,6
sideskips_right,participant_6,participant_6/sideskips_right_2020-09-24--19-52-43.json,325,participant_6,6
sideskips_right,participant_6,participant_6/sideskips_right_2020-09-24--19-52-43.json,338,participant_6,6
sideskips_right,participant_6,participant_6/sideskips_right_2020-09-24--19-52-43.json,351,participant_6,6
sideskips_right,participant_6,participant_6/sideskips_right_2020-09-24--19-52-43.json,364,participant_6,6
sideskips_right,participant_6,participant_6/sideskips_right_2020-09-24--19-52-43.json,377,participant_6,6
sideskips_right,participant_6,participant_6/sideskips_right_2020-09-24--19-52-43.json,390,participant_6,6
sideskips_right,participant_6,participant_6/sideskips_right_2020-09-24--19-52-43.json,403,participant_6,6
sideskips_right,participant_6,participant_6/sideskips_right_2020-09-24--19-52-43.json,416,participant_6,6
sideskips_right,participant_6,participant_6/sideskips_right_2020-09-24--19-52-43.json,429,participant_6,6
sideskips_right,participant_6,participant_6/sideskips_right_2020-09-24--19-52-43.json,442,participant_6,6
sideskips_right,participant_6,participant_6/sideskips_right_2020-09-24--19-52-43.json,455,participant_6,6
carioca_left,participant_7,participant_7/carioca_left_2020-09-24--19-38-04.json,0,participant_7,0
carioca_left,participant_7,participant_7/carioca_left_2020-09-24--19-38-04.json,13,participant_7,0
carioca_left,participant_7,participant_7/carioca_left_2020-09-24--19-38-04.json,26,participant_7,0
carioca_left,participant_7,participant_7/carioca_left_2020-09-24--19-38-04.json,39,participant_7,0
carioca_left,participant_7,participant_7/carioca_left_2020-09-24--19-38-04.json,52,participant_7,0
carioca_left,participant_7,participant_7/carioca_left_2020-09-24--19-38-04.json,65,participant_7,0
carioca_left,participant_7,participant_7/carioca_left_2020-09-24--19-38-04.json,78,participant_7,0
carioca_left,participant_7,participant_7/carioca_left_2020-09-24--19-38-04.json,91,participant_7,0
carioca_left,participant_7,participant_7/carioca_left_2020-09-24--19-38-04.json,104,participant_7,0
carioca_left,participant_7,participant_7/carioca_left_2020-09-24--19-38-04.json,117,participant_7,0
carioca_left,participant_7,participant_7/carioca_left_2020-09-24--19-38-04.json,130,participant_7,0
carioca_left,participant_7,participant_7/carioca_left_2020-09-24--19-38-04.json,143,participant_7,0
carioca_left,participant_7,participant_7/carioca_left_2020-09-24--19-38-04.json,156,participant_7,0
carioca_left,participant_7,participant_7/carioca_left_2020-09-24--19-38-04.json,169,participant_7,0
carioca_left,participant_7,participant_7/carioca_left_2020-09-24--19-38-04.json,182,participant_7,0
carioca_left,participant_7,participant_7/carioca_left_2020-09-24--19-38-04.json,195,participant_7,0
carioca_left,participant_7,participant_7/carioca_left_2020-09-24--19-38-04.json,208,participant_7,0
carioca_left,participant_7,participant_7/carioca_left_2020-09-24--19-38-04.json,221,participant_7,0
carioca_left,participant_7,participant_7/carioca_left_2020-09-24--19-38-04.json,234,participant_7,0
carioca_left,participant_7,participant_7/carioca_left_2020-09-24--19-38-04.json,247,participant_7,0
carioca_left,participant_7,participant_7/carioca_left_2020-09-24--19-38-04.json,260,participant_7,0
carioca_left,participant_7,participant_7/carioca_left_2020-09-24--19-38-04.json,273,participant_7,0
carioca_left,participant_7,participant_7/carioca_left_2020-09-24--19-38-04.json,286,participant_7,0
carioca_left,participant_7,participant_7/carioca_left_2020-09-24--19-38-04.json,299,participant_7,0
carioca_left,participant_7,participant_7/carioca_left_2020-09-24--19-38-04.json,312,participant_7,0
carioca_left,participant_7,participant_7/carioca_left_2020-09-24--19-38-04.json,325,participant_7,0
carioca_left,participant_7,participant_7/carioca_left_2020-09-24--19-38-04.json,338,participant_7,0
carioca_left,participant_7,participant_7/carioca_left_2020-09-24--19-38-04.json,351,participant_7,0
carioca_left,participant_7,participant_7/carioca_left_2020-09-24--19-38-04.json,364,participant_7,0
carioca_left,participant_7,participant_7/carioca_left_2020-09-24--19-38-04.json,377,participant_7,0
carioca_left,participant_7,participant_7/carioca_left_2020-09-24--19-38-04.json,390,participant_7,0
carioca_left,participant_7,participant_7/carioca_left_2020-09-24--19-38-04.json,403,participant_7,0
carioca_left,participant_7,participant_7/carioca_left_2020-09-24--19-38-04.json,416,participant_7,0
carioca_left,participant_7,participant_7/carioca_left_2020-09-24--19-38-04.json,429,participant_7,0
carioca_left,participant_7,participant_7/carioca_left_2020-09-24--19-38-04.json,442,participant_7,0
carioca_left,participant_7,participant_7/carioca_left_2020-09-24--19-38-04.json,455,participant_7,0
carioca_right,participant_7,participant_7/carioca_right_2020-09-24--19-37-44.json,0,participant_7,1
carioca_right,participant_7,participant_7/carioca_right_2020-09-24--19-37-44.json,13,participant_7,1
carioca_right,participant_7,participant_7/carioca_right_2020-09-24--19-37-44.json,26,participant_7,1
carioca_right,participant_7,participant_7/carioca_right_2020-09-24--19-37-44.json,39,participant_7,1
carioca_right,participant_7,participant_7/carioca_right_2020-09-24--19-37-44.json,52,participant_7,1
carioca_right,participant_7,participant_7/carioca_right_2020-09-24--19-37-44.json,65,participant_7,1
carioca_right,participant_7,participant_7/carioca_right_2020-09-24--19-37-44.json,78,participant_7,1
carioca_right,participant_7,participant_7/carioca_right_2020-09-24--19-37-44.json,91,participant_7,1
carioca_right,participant_7,participant_7/carioca_right_2020-09-24--19-37-44.json,104,participant_7,1
carioca_right,participant_7,participant_7/carioca_right_2020-09-24--19-37-44.json,117,participant_7,1
carioca_right,participant_7,participant_7/carioca_right_2020-09-24--19-37-44.json,130,participant_7,1
carioca_right,participant_7,participant_7/carioca_right_2020-09-24--19-37-44.json,143,participant_7,1
carioca_right,participant_7,participant_7/carioca_right_2020-09-24--19-37-44.json,156,participant_7,1
carioca_right,participant_7,participant_7/carioca_right_2020-09-24--19-37-44.json,169,participant_7,1
carioca_right,participant_7,participant_7/carioca_right_2020-09-24--19-37-44.json,182,participant_7,1
carioca_right,participant_7,participant_7/carioca_right_2020-09-24--19-37-44.json,195,participant_7,1
carioca_right,participant_7,participant_7/carioca_right_2020-09-24--19-37-44.json,208,participant_7,1
carioca_right,participant_7,participant_7/carioca_right_2020-09-24--19-37-44.json,221,participant_7,1
carioca_right,participant_7,participant_7/carioca_right_2020-09-24--19-37-44.json,234,participant_7,1
carioca_right,participant_7,participant_7/carioca_right_2020-09-24--19-37-44.json,247,participant_7,1
carioca_right,participant_7,participant_7/carioca_right_2020-09-24--19-37-44.json,260,participant_7,1
carioca_right,participant_7,participant_7/carioca_right_2020-09-24--19-37-44.json,273,participant_7,1
carioca_right,participant_7,participant_7/carioca_right_2020-09-24--19-37-44.json,286,participant_7,1
carioca_right,participant_7,participant_7/carioca_right_2020-09-24--19-37-44.json,299,participant_7,1
carioca_right,participant_7,participant_7/carioca_right_2020-09-24--19-37-44.json,312,participant_7,1
carioca_right,participant_7,participant_7/carioca_right_2020-09-24--19-37-44.json,325,participant_7,1
carioca_right,participant_7,participant_7/carioca_right_2020-09-24--19-37-44.json,338,participant_7,1
carioca_right,participant_7,participant_7/carioca_right_2020-09-24--19-37-44.json,351,participant_7,1
carioca_right,participant_7,participant_7/carioca_right_2020-09-24--19-37-44.json,364,participant_7,1
carioca_right,participant_7,participant_7/carioca_right_2020-09-24--19-37-44.json,377,participant_7,1
carioca_right,participant_7,participant_7/carioca_right_2020-09-24--19-37-44.json,390,participant_7,1
carioca_right,participant_7,participant_7/carioca_right_2020-09-24--19-37-44.json,403,participant_7,1
carioca_right,participant_7,participant_7/carioca_right_2020-09-24--19-37-44.json,416,participant_7,1
carioca_right,participant_7,participant_7/carioca_right_2020-09-24--19-37-44.json,429,participant_7,1
carioca_right,participant_7,participant_7/carioca_right_2020-09-24--19-37-44.json,442,participant_7,1
carioca_right,participant_7,participant_7/carioca_right_2020-09-24--19-37-44.json,455,participant_7,1
heel_to_butt,participant_7,participant_7/heel_to_butt_2020-09-24--19-37-20.json,0,participant_7,2
heel_to_butt,participant_7,participant_7/heel_to_butt_2020-09-24--19-37-20.json,13,participant_7,2
heel_to_butt,participant_7,participant_7/heel_to_butt_2020-09-24--19-37-20.json,26,participant_7,2
heel_to_butt,participant_7,participant_7/heel_to_butt_2020-09-24--19-37-20.json,39,participant_7,2
heel_to_butt,participant_7,participant_7/heel_to_butt_2020-09-24--19-37-20.json,52,participant_7,2
heel_to_butt,participant_7,participant_7/heel_to_butt_2020-09-24--19-37-20.json,65,participant_7,2
heel_to_butt,participant_7,participant_7/heel_to_butt_2020-09-24--19-37-20.json,78,participant_7,2
heel_to_butt,participant_7,participant_7/heel_to_butt_2020-09-24--19-37-20.json,91,participant_7,2
heel_to_butt,participant_7,participant_7/heel_to_butt_2020-09-24--19-37-20.json,104,participant_7,2
heel_to_butt,participant_7,participant_7/heel_to_butt_2020-09-24--19-37-20.json,117,participant_7,2
heel_to_butt,participant_7,participant_7/heel_to_butt_2020-09-24--19-37-20.json,130,participant_7,2
heel_to_butt,participant_7,participant_7/heel_to_butt_2020-09-24--19-37-20.json,143,participant_7,2
heel_to_butt,participant_7,participant_7/heel_to_butt_2020-09-24--19-37-20.json,156,participant_7,2
heel_to_butt,participant_7,participant_7/heel_to_butt_2020-09-24--19-37-20.json,169,participant_7,2
heel_to_butt,participant_7,participant_7/heel_to_butt_2020-09-24--19-37-20.json,182,participant_7,2
heel_to_butt,participant_7,participant_7/heel_to_butt_2020-09-24--19-37-20.json,195,participant_7,2
heel_to_butt,participant_7,participant_7/heel_to_butt_2020-09-24--19-37-20.json,208,participant_7,2
heel_to_butt,participant_7,participant_7/heel_to_butt_2020-09-24--19-37-20.json,221,participant_7,2
heel_to_butt,participant_7,participant_7/heel_to_butt_2020-09-24--19-37-20.json,234,participant_7,2
heel_to_butt,participant_7,participant_7/heel_to_butt_2020-09-24--19-37-20.json,247,participant_7,2
heel_to_butt,participant_7,participant_7/heel_to_butt_2020-09-24--19-37-20.json,260,participant_7,2
heel_to_butt,participant_7,participant_7/heel_to_butt_2020-09-24--19-37-20.json,273,participant_7,2
heel_to_butt,participant_7,participant_7/heel_to_butt_2020-09-24--19-37-20.json,286,participant_7,2
heel_to_butt,participant_7,participant_7/heel_to_butt_2020-09-24--19-37-20.json,299,participant_7,2
heel_to_butt,participant_7,participant_7/heel_to_butt_2020-09-24--19-37-20.json,312,participant_7,2
heel_to_butt,participant_7,participant_7/heel_to_butt_2020-09-24--19-37-20.json,325,participant_7,2
heel_to_butt,participant_7,participant_7/heel_to_butt_2020-09-24--19-37-20.json,338,participant_7,2
heel_to_butt,participant_7,participant_7/heel_to_butt_2020-09-24--19-37-20.json,351,participant_7,2
heel_to_butt,participant_7,participant_7/heel_to_butt_2020-09-24--19-37-20.json,364,participant_7,2
heel_to_butt,participant_7,participant_7/heel_to_butt_2020-09-24--19-37-20.json,377,participant_7,2
heel_to_butt,participant_7,participant_7/heel_to_butt_2020-09-24--19-37-20.json,390,participant_7,2
heel_to_butt,participant_7,participant_7/heel_to_butt_2020-09-24--19-37-20.json,403,participant_7,2
heel_to_butt,participant_7,participant_7/heel_to_butt_2020-09-24--19-37-20.json,416,participant_7,2
heel_to_butt,participant_7,participant_7/heel_to_butt_2020-09-24--19-37-20.json,429,participant_7,2
heel_to_butt,participant_7,participant_7/heel_to_butt_2020-09-24--19-37-20.json,442,participant_7,2
heel_to_butt,participant_7,participant_7/heel_to_butt_2020-09-24--19-37-20.json,455,participant_7,2
high_knee_run,participant_7,participant_7/high_knee_run_2020-09-24--19-36-58.json,0,participant_7,3
high_knee_run,participant_7,participant_7/high_knee_run_2020-09-24--19-36-58.json,13,participant_7,3
high_knee_run,participant_7,participant_7/high_knee_run_2020-09-24--19-36-58.json,26,participant_7,3
high_knee_run,participant_7,participant_7/high_knee_run_2020-09-24--19-36-58.json,39,participant_7,3
high_knee_run,participant_7,participant_7/high_knee_run_2020-09-24--19-36-58.json,52,participant_7,3
high_knee_run,participant_7,participant_7/high_knee_run_2020-09-24--19-36-58.json,65,participant_7,3
high_knee_run,participant_7,participant_7/high_knee_run_2020-09-24--19-36-58.json,78,participant_7,3
high_knee_run,participant_7,participant_7/high_knee_run_2020-09-24--19-36-58.json,91,participant_7,3
high_knee_run,participant_7,participant_7/high_knee_run_2020-09-24--19-36-58.json,104,participant_7,3
high_knee_run,participant_7,participant_7/high_knee_run_2020-09-24--19-36-58.json,117,participant_7,3
high_knee_run,participant_7,participant_7/high_knee_run_2020-09-24--19-36-58.json,130,participant_7,3
high_knee_run,participant_7,participant_7/high_knee_run_2020-09-24--19-36-58.json,143,participant_7,3
high_knee_run,participant_7,participant_7/high_knee_run_2020-09-24--19-36-58.json,156,participant_7,3
high_knee_run,participant_7,participant_7/high_knee_run_2020-09-24--19-36-58.json,169,participant_7,3
high_knee_run,participant_7,participant_7/high_knee_run_2020-09-24--19-36-58.json,182,participant_7,3
high_knee_run,participant_7,participant_7/high_knee_run_2020-09-24--19-36-58.json,195,participant_7,3
high_knee_run,participant_7,participant_7/high_knee_run_2020-09-24--19-36-58.json,208,participant_7,3
high_knee_run,participant_7,participant_7/high_knee_run_2020-09-24--19-36-58.json,221,participant_7,3
high_knee_run,participant_7,participant_7/high_knee_run_2020-09-24--19-36-58.json,234,participant_7,3
high_knee_run,participant_7,participant_7/high_knee_run_2020-09-24--19-36-58.json,247,participant_7,3
high_knee_run,participant_7,participant_7/high_knee_run_2020-09-24--19-36-58.json,260,participant_7,3
high_knee_run,participant_7,participant_7/high_knee_run_2020-09-24--19-36-58.json,273,participant_7,3
high_knee_run,participant_7,participant_7/high_knee_run_2020-09-24--19-36-58.json,286,participant_7,3
high_knee_run,participant_7,participant_7/high_knee_run_2020-09-24--19-36-58.json,299,participant_7,3
high_knee_run,participant_7,participant_7/high_knee_run_2020-09-24--19-36-58.json,312,participant_7,3
high_knee_run,participant_7,participant_7/high_knee_run_2020-09-24--19-36-58.json,325,participant_7,3
high_knee_run,participant_7,participant_7/high_knee_run_2020-09-24--19-36-58.json,338,participant_7,3
high_knee_run,participant_7,participant_7/high_knee_run_2020-09-24--19-36-58.json,351,participant_7,3
high_knee_run,participant_7,participant_7/high_knee_run_2020-09-24--19-36-58.json,364,participant_7,3
high_knee_run,participant_7,participant_7/high_knee_run_2020-09-24--19-36-58.json,377,participant_7,3
high_knee_run,participant_7,participant_7/high_knee_run_2020-09-24--19-36-58.json,390,participant_7,3
high_knee_run,participant_7,participant_7/high_knee_run_2020-09-24--19-36-58.json,403,participant_7,3
high_knee_run,participant_7,participant_7/high_knee_run_2020-09-24--19-36-58.json,416,participant_7,3
high_knee_run,participant_7,participant_7/high_knee_run_2020-09-24--19-36-58.json,429,participant_7,3
high_knee_run,participant_7,participant_7/high_knee_run_2020-09-24--19-36-58.json,442,participant_7,3
high_knee_run,participant_7,participant_7/high_knee_run_2020-09-24--19-36-58.json,455,participant_7,3
running,participant_7,participant_7/running_2020-09-24--19-35-38.json,0,participant_7,4
running,participant_7,participant_7/running_2020-09-24--19-35-38.json,13,participant_7,4
running,participant_7,participant_7/running_2020-09-24--19-35-38.json,26,participant_7,4
running,participant_7,participant_7/running_2020-09-24--19-35-38.json,39,participant_7,4
running,participant_7,participant_7/running_2020-09-24--19-35-38.json,52,participant_7,4
running,participant_7,participant_7/running_2020-09-24--19-35-38.json,65,participant_7,4
running,participant_7,participant_7/running_2020-09-24--19-35-38.json,78,participant_7,4
running,participant_7,participant_7/running_2020-09-24--19-35-38.json,91,participant_7,4
running,participant_7,participant_7/running_2020-09-24--19-35-38.json,104,participant_7,4
running,participant_7,participant_7/running_2020-09-24--19-35-38.json,117,participant_7,4
running,participant_7,participant_7/running_2020-09-24--19-35-38.json,130,participant_7,4
running,participant_7,participant_7/running_2020-09-24--19-35-38.json,143,participant_7,4
running,participant_7,participant_7/running_2020-09-24--19-35-38.json,156,participant_7,4
running,participant_7,participant_7/running_2020-09-24--19-35-38.json,169,participant_7,4
running,participant_7,participant_7/running_2020-09-24--19-35-38.json,182,participant_7,4
running,participant_7,participant_7/running_2020-09-24--19-35-38.json,195,participant_7,4
running,participant_7,participant_7/running_2020-09-24--19-35-38.json,208,participant_7,4
running,participant_7,participant_7/running_2020-09-24--19-35-38.json,221,participant_7,4
running,participant_7,participant_7/running_2020-09-24--19-35-38.json,234,participant_7,4
running,participant_7,participant_7/running_2020-09-24--19-35-38.json,247,participant_7,4
running,participant_7,participant_7/running_2020-09-24--19-35-38.json,260,participant_7,4
running,participant_7,participant_7/running_2020-09-24--19-35-38.json,273,participant_7,4
running,participant_7,participant_7/running_2020-09-24--19-35-38.json,286,participant_7,4
running,participant_7,participant_7/running_2020-09-24--19-35-38.json,299,participant_7,4
running,participant_7,participant_7/running_2020-09-24--19-35-38.json,312,participant_7,4
running,participant_7,participant_7/running_2020-09-24--19-35-38.json,325,participant_7,4
running,participant_7,participant_7/running_2020-09-24--19-35-38.json,338,participant_7,4
running,participant_7,participant_7/running_2020-09-24--19-35-38.json,351,participant_7,4
running,participant_7,participant_7/running_2020-09-24--19-35-38.json,364,participant_7,4
running,participant_7,participant_7/running_2020-09-24--19-35-38.json,377,participant_7,4
running,participant_7,participant_7/running_2020-09-24--19-35-38.json,390,participant_7,4
running,participant_7,participant_7/running_2020-09-24--19-35-38.json,403,participant_7,4
running,participant_7,participant_7/running_2020-09-24--19-35-38.json,416,participant_7,4
running,participant_7,participant_7/running_2020-09-24--19-35-38.json,429,participant_7,4
running,participant_7,participant_7/running_2020-09-24--19-35-38.json,442,participant_7,4
running,participant_7,participant_7/running_2020-09-24--19-35-38.json,455,participant_7,4
sideskips_left,participant_7,participant_7/sideskips_left_2020-09-24--19-36-36.json,0,participant_7,5
sideskips_left,participant_7,participant_7/sideskips_left_2020-09-24--19-36-36.json,13,participant_7,5
sideskips_left,participant_7,participant_7/sideskips_left_2020-09-24--19-36-36.json,26,participant_7,5
sideskips_left,participant_7,participant_7/sideskips_left_2020-09-24--19-36-36.json,39,participant_7,5
sideskips_left,participant_7,participant_7/sideskips_left_2020-09-24--19-36-36.json,52,participant_7,5
sideskips_left,participant_7,participant_7/sideskips_left_2020-09-24--19-36-36.json,65,participant_7,5
sideskips_left,participant_7,participant_7/sideskips_left_2020-09-24--19-36-36.json,78,participant_7,5
sideskips_left,participant_7,participant_7/sideskips_left_2020-09-24--19-36-36.json,91,participant_7,5
sideskips_left,participant_7,participant_7/sideskips_left_2020-09-24--19-36-36.json,104,participant_7,5
sideskips_left,participant_7,participant_7/sideskips_left_2020-09-24--19-36-36.json,117,participant_7,5
sideskips_left,participant_7,participant_7/sideskips_left_2020-09-24--19-36-36.json,130,participant_7,5
sideskips_left,participant_7,participant_7/sideskips_left_2020-09-24--19-36-36.json,143,participant_7,5
sideskips_left,participant_7,participant_7/sideskips_left_2020-09-24--19-36-36.json,156,participant_7,5
sideskips_left,participant_7,participant_7/sideskips_left_2020-09-24--19-36-36.json,169,participant_7,5
sideskips_left,participant_7,participant_7/sideskips_left_2020-09-24--19-36-36.json,182,participant_7,5
sideskips_left,participant_7,participant_7/sideskips_left_2020-09-24--19-36-36.json,195,participant_7,5
sideskips_left,participant_7,participant_7/sideskips_left_2020-09-24--19-36-36.json,208,participant_7,5
sideskips_left,participant_7,participant_7/sideskips_left_2020-09-24--19-36-36.json,221,participant_7,5
sideskips_left,participant_7,participant_7/sideskips_left_2020-09-24--19-36-36.json,234,participant_7,5
sideskips_left,participant_7,participant_7/sideskips_left_2020-09-24--19-36-36.json,247,participant_7,5
sideskips_left,participant_7,participant_7/sideskips_left_2020-09-24--19-36-36.json,260,participant_7,5
sideskips_left,participant_7,participant_7/sideskips_left_2020-09-24--19-36-36.json,273,participant_7,5
sideskips_left,participant_7,participant_7/sideskips_left_2020-09-24--19-36-36.json,286,participant_7,5
sideskips_left,participant_7,participant_7/sideskips_left_2020-09-24--19-36-36.json,299,participant_7,5
sideskips_left,participant_7,participant_7/sideskips_left_2020-09-24--19-36-36.json,312,participant_7,5
sideskips_left,participant_7,participant_7/sideskips_left_2020-09-24--19-36-36.json,325,participant_7,5
sideskips_left,participant_7,participant_7/sideskips_left_2020-09-24--19-36-36.json,338,participant_7,5
sideskips_left,participant_7,participant_7/sideskips_left_2020-09-24--19-36-36.json,351,participant_7,5
sideskips_left,participant_7,participant_7/sideskips_left_2020-09-24--19-36-36.json,364,participant_7,5
sideskips_left,participant_7,participant_7/sideskips_left_2020-09-24--19-36-36.json,377,participant_7,5
sideskips_left,participant_7,participant_7/sideskips_left_2020-09-24--19-36-36.json,390,participant_7,5
sideskips_left,participant_7,participant_7/sideskips_left_2020-09-24--19-36-36.json,403,participant_7,5
sideskips_left,participant_7,participant_7/sideskips_left_2020-09-24--19-36-36.json,416,participant_7,5
sideskips_left,participant_7,participant_7/sideskips_left_2020-09-24--19-36-36.json,429,participant_7,5
sideskips_left,participant_7,participant_7/sideskips_left_2020-09-24--19-36-36.json,442,participant_7,5
sideskips_left,participant_7,participant_7/sideskips_left_2020-09-24--19-36-36.json,455,participant_7,5
sideskips_right,participant_7,participant_7/sideskips_right_2020-09-24--19-36-16.json,0,participant_7,6
sideskips_right,participant_7,participant_7/sideskips_right_2020-09-24--19-36-16.json,13,participant_7,6
sideskips_right,participant_7,participant_7/sideskips_right_2020-09-24--19-36-16.json,26,participant_7,6
sideskips_right,participant_7,participant_7/sideskips_right_2020-09-24--19-36-16.json,39,participant_7,6
sideskips_right,participant_7,participant_7/sideskips_right_2020-09-24--19-36-16.json,52,participant_7,6
sideskips_right,participant_7,participant_7/sideskips_right_2020-09-24--19-36-16.json,65,participant_7,6
sideskips_right,participant_7,participant_7/sideskips_right_2020-09-24--19-36-16.json,78,participant_7,6
sideskips_right,participant_7,participant_7/sideskips_right_2020-09-24--19-36-16.json,91,participant_7,6
sideskips_right,participant_7,participant_7/sideskips_right_2020-09-24--19-36-16.json,104,participant_7,6
sideskips_right,participant_7,participant_7/sideskips_right_2020-09-24--19-36-16.json,117,participant_7,6
sideskips_right,participant_7,participant_7/sideskips_right_2020-09-24--19-36-16.json,130,participant_7,6
sideskips_right,participant_7,participant_7/sideskips_right_2020-09-24--19-36-16.json,143,participant_7,6
sideskips_right,participant_7,participant_7/sideskips_right_2020-09-24--19-36-16.json,156,participant_7,6
sideskips_right,participant_7,participant_7/sideskips_right_2020-09-24--19-36-16.json,169,participant_7,6
sideskips_right,participant_7,participant_7/sideskips_right_2020-09-24--19-36-16.json,182,participant_7,6
sideskips_right,participant_7,participant_7/sideskips_right_2020-09-24--19-36-16.json,195,participant_7,6
sideskips_right,participant_7,participant_7/sideskips_right_2020-09-24--19-36-16.json,208,participant_7,6
sideskips_right,participant_7,participant_7/sideskips_right_2020-09-24--19-36-16.json,221,participant_7,6
sideskips_right,participant_7,participant_7/sideskips_right_2020-09-24--19-36-16.json,234,participant_7,6
sideskips_right,participant_7,participant_7/sideskips_right_2020-09-24--19-36-16.json,247,participant_7,6
sideskips_right,participant_7,participant_7/sideskips_right_2020-09-24--19-36-16.json,260,participant_7,6
sideskips_right,participant_7,participant_7/sideskips_right_2020-09-24--19-36-16.json,273,participant_7,6
sideskips_right,participant_7,participant_7/sideskips_right_2020-09-24--19-36-16.json,286,participant_7,6
sideskips_right,participant_7,participant_7/sideskips_right_2020-09-24--19-36-16.json,299,participant_7,6
sideskips_right,participant_7,participant_7/sideskips_right_2020-09-24--19-36-16.json,312,participant_7,6
sideskips_right,participant_7,participant_7/sideskips_right_2020-09-24--19-36-16.json,325,participant_7,6
sideskips_right,participant_7,participant_7/sideskips_right_2020-09-24--19-36-16.json,338,participant_7,6
sideskips_right,participant_7,participant_7/sideskips_right_2020-09-24--19-36-16.json,351,participant_7,6
sideskips_right,participant_7,participant_7/sideskips_right_2020-09-24--19-36-16.json,364,participant_7,6
sideskips_right,participant_7,participant_7/sideskips_right_2020-09-24--19-36-16.json,377,participant_7,6
sideskips_right,participant_7,participant_7/sideskips_right_2020-09-24--19-36-16.json,390,participant_7,6
sideskips_right,participant_7,participant_7/sideskips_right_2020-09-24--19-36-16.json,403,participant_7,6
sideskips_right,participant_7,participant_7/sideskips_right_2020-09-24--19-36-16.json,416,participant_7,6
sideskips_right,participant_7,participant_7/sideskips_right_2020-09-24--19-36-16.json,429,participant_7,6
sideskips_right,participant_7,participant_7/sideskips_right_2020-09-24--19-36-16.json,442,participant_7,6
sideskips_right,participant_7,participant_7/sideskips_right_2020-09-24--19-36-16.json,455,participant_7,6
carioca_left,participant_8,participant_8/carioca_left_2020-08-27--19-46-16.json,0,participant_8,0
carioca_left,participant_8,participant_8/carioca_left_2020-08-27--19-46-16.json,13,participant_8,0
carioca_left,participant_8,participant_8/carioca_left_2020-08-27--19-46-16.json,26,participant_8,0
carioca_left,participant_8,participant_8/carioca_left_2020-08-27--19-46-16.json,39,participant_8,0
carioca_left,participant_8,participant_8/carioca_left_2020-08-27--19-46-16.json,52,participant_8,0
carioca_left,participant_8,participant_8/carioca_left_2020-08-27--19-46-16.json,65,participant_8,0
carioca_left,participant_8,participant_8/carioca_left_2020-08-27--19-46-16.json,78,participant_8,0
carioca_left,participant_8,participant_8/carioca_left_2020-08-27--19-46-16.json,91,participant_8,0
carioca_left,participant_8,participant_8/carioca_left_2020-08-27--19-46-16.json,104,participant_8,0
carioca_left,participant_8,participant_8/carioca_left_2020-08-27--19-46-16.json,117,participant_8,0
carioca_left,participant_8,participant_8/carioca_left_2020-08-27--19-46-16.json,130,participant_8,0
carioca_left,participant_8,participant_8/carioca_left_2020-08-27--19-46-16.json,143,participant_8,0
carioca_left,participant_8,participant_8/carioca_left_2020-08-27--19-46-16.json,156,participant_8,0
carioca_left,participant_8,participant_8/carioca_left_2020-08-27--19-46-16.json,169,participant_8,0
carioca_left,participant_8,participant_8/carioca_left_2020-08-27--19-46-16.json,182,participant_8,0
carioca_left,participant_8,participant_8/carioca_left_2020-08-27--19-46-16.json,195,participant_8,0
carioca_left,participant_8,participant_8/carioca_left_2020-08-27--19-46-16.json,208,participant_8,0
carioca_left,participant_8,participant_8/carioca_left_2020-08-27--19-46-16.json,221,participant_8,0
carioca_left,participant_8,participant_8/carioca_left_2020-08-27--19-46-16.json,234,participant_8,0
carioca_left,participant_8,participant_8/carioca_left_2020-08-27--19-46-16.json,247,participant_8,0
carioca_left,participant_8,participant_8/carioca_left_2020-08-27--19-46-16.json,260,participant_8,0
carioca_left,participant_8,participant_8/carioca_left_2020-08-27--19-46-16.json,273,participant_8,0
carioca_left,participant_8,participant_8/carioca_left_2020-08-27--19-46-16.json,286,participant_8,0
carioca_left,participant_8,participant_8/carioca_left_2020-08-27--19-46-16.json,299,participant_8,0
carioca_left,participant_8,participant_8/carioca_left_2020-08-27--19-46-16.json,312,participant_8,0
carioca_left,participant_8,participant_8/carioca_left_2020-08-27--19-46-16.json,325,participant_8,0
carioca_left,participant_8,participant_8/carioca_left_2020-08-27--19-46-16.json,338,participant_8,0
carioca_left,participant_8,participant_8/carioca_left_2020-08-27--19-46-16.json,351,participant_8,0
carioca_left,participant_8,participant_8/carioca_left_2020-08-27--19-46-16.json,364,participant_8,0
carioca_left,participant_8,participant_8/carioca_left_2020-08-27--19-46-16.json,377,participant_8,0
carioca_left,participant_8,participant_8/carioca_left_2020-08-27--19-46-16.json,390,participant_8,0
carioca_left,participant_8,participant_8/carioca_left_2020-08-27--19-46-16.json,403,participant_8,0
carioca_left,participant_8,participant_8/carioca_left_2020-08-27--19-46-16.json,416,participant_8,0
carioca_left,participant_8,participant_8/carioca_left_2020-08-27--19-46-16.json,429,participant_8,0
carioca_left,participant_8,participant_8/carioca_left_2020-08-27--19-46-16.json,442,participant_8,0
carioca_left,participant_8,participant_8/carioca_left_2020-08-27--19-46-16.json,455,participant_8,0
carioca_right,participant_8,participant_8/carioca_right_2020-08-27--19-46-39.json,0,participant_8,1
carioca_right,participant_8,participant_8/carioca_right_2020-08-27--19-46-39.json,13,participant_8,1
carioca_right,participant_8,participant_8/carioca_right_2020-08-27--19-46-39.json,26,participant_8,1
carioca_right,participant_8,participant_8/carioca_right_2020-08-27--19-46-39.json,39,participant_8,1
carioca_right,participant_8,participant_8/carioca_right_2020-08-27--19-46-39.json,52,participant_8,1
carioca_right,participant_8,participant_8/carioca_right_2020-08-27--19-46-39.json,65,participant_8,1
carioca_right,participant_8,participant_8/carioca_right_2020-08-27--19-46-39.json,78,participant_8,1
carioca_right,participant_8,participant_8/carioca_right_2020-08-27--19-46-39.json,91,participant_8,1
carioca_right,participant_8,participant_8/carioca_right_2020-08-27--19-46-39.json,104,participant_8,1
carioca_right,participant_8,participant_8/carioca_right_2020-08-27--19-46-39.json,117,participant_8,1
carioca_right,participant_8,participant_8/carioca_right_2020-08-27--19-46-39.json,130,participant_8,1
carioca_right,participant_8,participant_8/carioca_right_2020-08-27--19-46-39.json,143,participant_8,1
carioca_right,participant_8,participant_8/carioca_right_2020-08-27--19-46-39.json,156,participant_8,1
carioca_right,participant_8,participant_8/carioca_right_2020-08-27--19-46-39.json,169,participant_8,1
carioca_right,participant_8,participant_8/carioca_right_2020-08-27--19-46-39.json,182,participant_8,1
carioca_right,participant_8,participant_8/carioca_right_2020-08-27--19-46-39.json,195,participant_8,1
carioca_right,participant_8,participant_8/carioca_right_2020-08-27--19-46-39.json,208,participant_8,1
carioca_right,participant_8,participant_8/carioca_right_2020-08-27--19-46-39.json,221,participant_8,1
carioca_right,participant_8,participant_8/carioca_right_2020-08-27--19-46-39.json,234,participant_8,1
carioca_right,participant_8,participant_8/carioca_right_2020-08-27--19-46-39.json,247,participant_8,1
carioca_right,participant_8,participant_8/carioca_right_2020-08-27--19-46-39.json,260,participant_8,1
carioca_right,participant_8,participant_8/carioca_right_2020-08-27--19-46-39.json,273,participant_8,1
carioca_right,participant_8,participant_8/carioca_right_2020-08-27--19-46-39.json,286,participant_8,1
carioca_right,participant_8,participant_8/carioca_right_2020-08-27--19-46-39.json,299,participant_8,1
carioca_right,participant_8,participant_8/carioca_right_2020-08-27--19-46-39.json,312,participant_8,1
carioca_right,participant_8,participant_8/carioca_right_2020-08-27--19-46-39.json,325,participant_8,1
carioca_right,participant_8,participant_8/carioca_right_2020-08-27--19-46-39.json,338,participant_8,1
carioca_right,participant_8,participant_8/carioca_right_2020-08-27--19-46-39.json,351,participant_8,1
carioca_right,participant_8,participant_8/carioca_right_2020-08-27--19-46-39.json,364,participant_8,1
carioca_right,participant_8,participant_8/carioca_right_2020-08-27--19-46-39.json,377,participant_8,1
carioca_right,participant_8,participant_8/carioca_right_2020-08-27--19-46-39.json,390,participant_8,1
carioca_right,participant_8,participant_8/carioca_right_2020-08-27--19-46-39.json,403,participant_8,1
carioca_right,participant_8,participant_8/carioca_right_2020-08-27--19-46-39.json,416,participant_8,1
carioca_right,participant_8,participant_8/carioca_right_2020-08-27--19-46-39.json,429,participant_8,1
carioca_right,participant_8,participant_8/carioca_right_2020-08-27--19-46-39.json,442,participant_8,1
carioca_right,participant_8,participant_8/carioca_right_2020-08-27--19-46-39.json,455,participant_8,1
heel_to_butt,participant_8,participant_8/heel_to_butt_2020-08-27--19-45-25.json,0,participant_8,2
heel_to_butt,participant_8,participant_8/heel_to_butt_2020-08-27--19-45-25.json,13,participant_8,2
heel_to_butt,participant_8,participant_8/heel_to_butt_2020-08-27--19-45-25.json,26,participant_8,2
heel_to_butt,participant_8,participant_8/heel_to_butt_2020-08-27--19-45-25.json,39,participant_8,2
heel_to_butt,participant_8,participant_8/heel_to_butt_2020-08-27--19-45-25.json,52,participant_8,2
heel_to_butt,participant_8,participant_8/heel_to_butt_2020-08-27--19-45-25.json,65,participant_8,2
heel_to_butt,participant_8,participant_8/heel_to_butt_2020-08-27--19-45-25.json,78,participant_8,2
heel_to_butt,participant_8,participant_8/heel_to_butt_2020-08-27--19-45-25.json,91,participant_8,2
heel_to_butt,participant_8,participant_8/heel_to_butt_2020-08-27--19-45-25.json,104,participant_8,2
heel_to_butt,participant_8,participant_8/heel_to_butt_2020-08-27--19-45-25.json,117,participant_8,2
heel_to_butt,participant_8,participant_8/heel_to_butt_2020-08-27--19-45-25.json,130,participant_8,2
heel_to_butt,participant_8,participant_8/heel_to_butt_2020-08-27--19-45-25.json,143,participant_8,2
heel_to_butt,participant_8,participant_8/heel_to_butt_2020-08-27--19-45-25.json,156,participant_8,2
heel_to_butt,participant_8,participant_8/heel_to_butt_2020-08-27--19-45-25.json,169,participant_8,2
heel_to_butt,participant_8,participant_8/heel_to_butt_2020-08-27--19-45-25.json,182,participant_8,2
heel_to_butt,participant_8,participant_8/heel_to_butt_2020-08-27--19-45-25.json,195,participant_8,2
heel_to_butt,participant_8,participant_8/heel_to_butt_2020-08-27--19-45-25.json,208,participant_8,2
heel_to_butt,participant_8,participant_8/heel_to_butt_2020-08-27--19-45-25.json,221,participant_8,2
heel_to_butt,participant_8,participant_8/heel_to_butt_2020-08-27--19-45-25.json,234,participant_8,2
heel_to_butt,participant_8,participant_8/heel_to_butt_2020-08-27--19-45-25.json,247,participant_8,2
heel_to_butt,participant_8,participant_8/heel_to_butt_2020-08-27--19-45-25.json,260,participant_8,2
heel_to_butt,participant_8,participant_8/heel_to_butt_2020-08-27--19-45-25.json,273,participant_8,2
heel_to_butt,participant_8,participant_8/heel_to_butt_2020-08-27--19-45-25.json,286,participant_8,2
heel_to_butt,participant_8,participant_8/heel_to_butt_2020-08-27--19-45-25.json,299,participant_8,2
heel_to_butt,participant_8,participant_8/heel_to_butt_2020-08-27--19-45-25.json,312,participant_8,2
heel_to_butt,participant_8,participant_8/heel_to_butt_2020-08-27--19-45-25.json,325,participant_8,2
heel_to_butt,participant_8,participant_8/heel_to_butt_2020-08-27--19-45-25.json,338,participant_8,2
heel_to_butt,participant_8,participant_8/heel_to_butt_2020-08-27--19-45-25.json,351,participant_8,2
heel_to_butt,participant_8,participant_8/heel_to_butt_2020-08-27--19-45-25.json,364,participant_8,2
heel_to_butt,participant_8,participant_8/heel_to_butt_2020-08-27--19-45-25.json,377,participant_8,2
heel_to_butt,participant_8,participant_8/heel_to_butt_2020-08-27--19-45-25.json,390,participant_8,2
heel_to_butt,participant_8,participant_8/heel_to_butt_2020-08-27--19-45-25.json,403,participant_8,2
heel_to_butt,participant_8,participant_8/heel_to_butt_2020-08-27--19-45-25.json,416,participant_8,2
heel_to_butt,participant_8,participant_8/heel_to_butt_2020-08-27--19-45-25.json,429,participant_8,2
heel_to_butt,participant_8,participant_8/heel_to_butt_2020-08-27--19-45-25.json,442,participant_8,2
heel_to_butt,participant_8,participant_8/heel_to_butt_2020-08-27--19-45-25.json,455,participant_8,2
high_knee_run,participant_8,participant_8/high_knee_run_2020-08-27--19-47-34.json,0,participant_8,3
high_knee_run,participant_8,participant_8/high_knee_run_2020-08-27--19-47-34.json,13,participant_8,3
high_knee_run,participant_8,participant_8/high_knee_run_2020-08-27--19-47-34.json,26,participant_8,3
high_knee_run,participant_8,participant_8/high_knee_run_2020-08-27--19-47-34.json,39,participant_8,3
high_knee_run,participant_8,participant_8/high_knee_run_2020-08-27--19-47-34.json,52,participant_8,3
high_knee_run,participant_8,participant_8/high_knee_run_2020-08-27--19-47-34.json,65,participant_8,3
high_knee_run,participant_8,participant_8/high_knee_run_2020-08-27--19-47-34.json,78,participant_8,3
high_knee_run,participant_8,participant_8/high_knee_run_2020-08-27--19-47-34.json,91,participant_8,3
high_knee_run,participant_8,participant_8/high_knee_run_2020-08-27--19-47-34.json,104,participant_8,3
high_knee_run,participant_8,participant_8/high_knee_run_2020-08-27--19-47-34.json,117,participant_8,3
high_knee_run,participant_8,participant_8/high_knee_run_2020-08-27--19-47-34.json,130,participant_8,3
high_knee_run,participant_8,participant_8/high_knee_run_2020-08-27--19-47-34.json,143,participant_8,3
high_knee_run,participant_8,participant_8/high_knee_run_2020-08-27--19-47-34.json,156,participant_8,3
high_knee_run,participant_8,participant_8/high_knee_run_2020-08-27--19-47-34.json,169,participant_8,3
high_knee_run,participant_8,participant_8/high_knee_run_2020-08-27--19-47-34.json,182,participant_8,3
high_knee_run,participant_8,participant_8/high_knee_run_2020-08-27--19-47-34.json,195,participant_8,3
high_knee_run,participant_8,participant_8/high_knee_run_2020-08-27--19-47-34.json,208,participant_8,3
high_knee_run,participant_8,participant_8/high_knee_run_2020-08-27--19-47-34.json,221,participant_8,3
high_knee_run,participant_8,participant_8/high_knee_run_2020-08-27--19-47-34.json,234,participant_8,3
high_knee_run,participant_8,participant_8/high_knee_run_2020-08-27--19-47-34.json,247,participant_8,3
high_knee_run,participant_8,participant_8/high_knee_run_2020-08-27--19-47-34.json,260,participant_8,3
high_knee_run,participant_8,participant_8/high_knee_run_2020-08-27--19-47-34.json,273,participant_8,3
high_knee_run,participant_8,participant_8/high_knee_run_2020-08-27--19-47-34.json,286,participant_8,3
high_knee_run,participant_8,participant_8/high_knee_run_2020-08-27--19-47-34.json,299,participant_8,3
high_knee_run,participant_8,participant_8/high_knee_run_2020-08-27--19-47-34.json,312,participant_8,3
high_knee_run,participant_8,participant_8/high_knee_run_2020-08-27--19-47-34.json,325,participant_8,3
high_knee_run,participant_8,participant_8/high_knee_run_2020-08-27--19-47-34.json,338,participant_8,3
high_knee_run,participant_8,participant_8/high_knee_run_2020-08-27--19-47-34.json,351,participant_8,3
high_knee_run,participant_8,participant_8/high_knee_run_2020-08-27--19-47-34.json,364,participant_8,3
high_knee_run,participant_8,participant_8/high_knee_run_2020-08-27--19-47-34.json,377,participant_8,3
high_knee_run,participant_8,participant_8/high_knee_run_2020-08-27--19-47-34.json,390,participant_8,3
high_knee_run,participant_8,participant_8/high_knee_run_2020-08-27--19-47-34.json,403,participant_8,3
high_knee_run,participant_8,participant_8/high_knee_run_2020-08-27--19-47-34.json,416,participant_8,3
high_knee_run,participant_8,participant_8/high_knee_run_2020-08-27--19-47-34.json,429,participant_8,3
high_knee_run,participant_8,participant_8/high_knee_run_2020-08-27--19-47-34.json,442,participant_8,3
high_knee_run,participant_8,participant_8/high_knee_run_2020-08-27--19-47-34.json,455,participant_8,3
running,participant_8,participant_8/running_2020-08-27--19-44-11.json,0,participant_8,4
running,participant_8,participant_8/running_2020-08-27--19-44-11.json,13,participant_8,4
running,participant_8,participant_8/running_2020-08-27--19-44-11.json,26,participant_8,4
running,participant_8,participant_8/running_2020-08-27--19-44-11.json,39,participant_8,4
running,participant_8,participant_8/running_2020-08-27--19-44-11.json,52,participant_8,4
running,participant_8,participant_8/running_2020-08-27--19-44-11.json,65,participant_8,4
running,participant_8,participant_8/running_2020-08-27--19-44-11.json,78,participant_8,4
running,participant_8,participant_8/running_2020-08-27--19-44-11.json,91,participant_8,4
running,participant_8,participant_8/running_2020-08-27--19-44-11.json,104,participant_8,4
running,participant_8,participant_8/running_2020-08-27--19-44-11.json,117,participant_8,4
running,participant_8,participant_8/running_2020-08-27--19-44-11.json,130,participant_8,4
running,participant_8,participant_8/running_2020-08-27--19-44-11.json,143,participant_8,4
running,participant_8,participant_8/running_2020-08-27--19-44-11.json,156,participant_8,4
running,participant_8,participant_8/running_2020-08-27--19-44-11.json,169,participant_8,4
running,participant_8,participant_8/running_2020-08-27--19-44-11.json,182,participant_8,4
running,participant_8,participant_8/running_2020-08-27--19-44-11.json,195,participant_8,4
running,participant_8,participant_8/running_2020-08-27--19-44-11.json,208,participant_8,4
running,participant_8,participant_8/running_2020-08-27--19-44-11.json,221,participant_8,4
running,participant_8,participant_8/running_2020-08-27--19-44-11.json,234,participant_8,4
running,participant_8,participant_8/running_2020-08-27--19-44-11.json,247,participant_8,4
running,participant_8,participant_8/running_2020-08-27--19-44-11.json,260,participant_8,4
running,participant_8,participant_8/running_2020-08-27--19-44-11.json,273,participant_8,4
running,participant_8,participant_8/running_2020-08-27--19-44-11.json,286,participant_8,4
running,participant_8,participant_8/running_2020-08-27--19-44-11.json,299,participant_8,4
running,participant_8,participant_8/running_2020-08-27--19-44-11.json,312,participant_8,4
running,participant_8,participant_8/running_2020-08-27--19-44-11.json,325,participant_8,4
running,participant_8,participant_8/running_2020-08-27--19-44-11.json,338,participant_8,4
running,participant_8,participant_8/running_2020-08-27--19-44-11.json,351,participant_8,4
running,participant_8,participant_8/running_2020-08-27--19-44-11.json,364,participant_8,4
running,participant_8,participant_8/running_2020-08-27--19-44-11.json,377,participant_8,4
running,participant_8,participant_8/running_2020-08-27--19-44-11.json,390,participant_8,4
running,participant_8,participant_8/running_2020-08-27--19-44-11.json,403,participant_8,4
running,participant_8,participant_8/running_2020-08-27--19-44-11.json,416,participant_8,4
running,participant_8,participant_8/running_2020-08-27--19-44-11.json,429,participant_8,4
running,participant_8,participant_8/running_2020-08-27--19-44-11.json,442,participant_8,4
running,participant_8,participant_8/running_2020-08-27--19-44-11.json,455,participant_8,4
sideskips_left,participant_8,participant_8/sideskips_left_2020-08-27--19-44-36.json,0,participant_8,5
sideskips_left,participant_8,participant_8/sideskips_left_2020-08-27--19-44-36.json,13,participant_8,5
sideskips_left,participant_8,participant_8/sideskips_left_2020-08-27--19-44-36.json,26,participant_8,5
sideskips_left,participant_8,participant_8/sideskips_left_2020-08-27--19-44-36.json,39,participant_8,5
sideskips_left,participant_8,participant_8/sideskips_left_2020-08-27--19-44-36.json,52,participant_8,5
sideskips_left,participant_8,participant_8/sideskips_left_2020-08-27--19-44-36.json,65,participant_8,5
sideskips_left,participant_8,participant_8/sideskips_left_2020-08-27--19-44-36.json,78,participant_8,5
sideskips_left,participant_8,participant_8/sideskips_left_2020-08-27--19-44-36.json,91,participant_8,5
sideskips_left,participant_8,participant_8/sideskips_left_2020-08-27--19-44-36.json,104,participant_8,5
sideskips_left,participant_8,participant_8/sideskips_left_2020-08-27--19-44-36.json,117,participant_8,5
sideskips_left,participant_8,participant_8/sideskips_left_2020-08-27--19-44-36.json,130,participant_8,5
sideskips_left,participant_8,participant_8/sideskips_left_2020-08-27--19-44-36.json,143,participant_8,5
sideskips_left,participant_8,participant_8/sideskips_left_2020-08-27--19-44-36.json,156,participant_8,5
sideskips_left,participant_8,participant_8/sideskips_left_2020-08-27--19-44-36.json,169,participant_8,5
sideskips_left,participant_8,participant_8/sideskips_left_2020-08-27--19-44-36.json,182,participant_8,5
sideskips_left,participant_8,participant_8/sideskips_left_2020-08-27--19-44-36.json,195,participant_8,5
sideskips_left,participant_8,participant_8/sideskips_left_2020-08-27--19-44-36.json,208,participant_8,5
sideskips_left,participant_8,participant_8/sideskips_left_2020-08-27--19-44-36.json,221,participant_8,5
sideskips_left,participant_8,participant_8/sideskips_left_2020-08-27--19-44-36.json,234,participant_8,5
sideskips_left,participant_8,participant_8/sideskips_left_2020-08-27--19-44-36.json,247,participant_8,5
sideskips_left,participant_8,participant_8/sideskips_left_2020-08-27--19-44-36.json,260,participant_8,5
sideskips_left,participant_8,participant_8/sideskips_left_2020-08-27--19-44-36.json,273,participant_8,5
sideskips_left,participant_8,participant_8/sideskips_left_2020-08-27--19-44-36.json,286,participant_8,5
sideskips_left,participant_8,participant_8/sideskips_left_2020-08-27--19-44-36.json,299,participant_8,5
sideskips_left,participant_8,participant_8/sideskips_left_2020-08-27--19-44-36.json,312,participant_8,5
sideskips_left,participant_8,participant_8/sideskips_left_2020-08-27--19-44-36.json,325,participant_8,5
sideskips_left,participant_8,participant_8/sideskips_left_2020-08-27--19-44-36.json,338,participant_8,5
sideskips_left,participant_8,participant_8/sideskips_left_2020-08-27--19-44-36.json,351,participant_8,5
sideskips_left,participant_8,participant_8/sideskips_left_2020-08-27--19-44-36.json,364,participant_8,5
sideskips_left,participant_8,participant_8/sideskips_left_2020-08-27--19-44-36.json,377,participant_8,5
sideskips_left,participant_8,participant_8/sideskips_left_2020-08-27--19-44-36.json,390,participant_8,5
sideskips_left,participant_8,participant_8/sideskips_left_2020-08-27--19-44-36.json,403,participant_8,5
sideskips_left,participant_8,participant_8/sideskips_left_2020-08-27--19-44-36.json,416,participant_8,5
sideskips_left,participant_8,participant_8/sideskips_left_2020-08-27--19-44-36.json,429,participant_8,5
sideskips_left,participant_8,participant_8/sideskips_left_2020-08-27--19-44-36.json,442,participant_8,5
sideskips_left,participant_8,participant_8/sideskips_left_2020-08-27--19-44-36.json,455,participant_8,5
sideskips_right,participant_8,participant_8/sideskips_right_2020-08-27--19-44-59.json,0,participant_8,6
sideskips_right,participant_8,participant_8/sideskips_right_2020-08-27--19-44-59.json,13,participant_8,6
sideskips_right,participant_8,participant_8/sideskips_right_2020-08-27--19-44-59.json,26,participant_8,6
sideskips_right,participant_8,participant_8/sideskips_right_2020-08-27--19-44-59.json,39,participant_8,6
sideskips_right,participant_8,participant_8/sideskips_right_2020-08-27--19-44-59.json,52,participant_8,6
sideskips_right,participant_8,participant_8/sideskips_right_2020-08-27--19-44-59.json,65,participant_8,6
sideskips_right,participant_8,participant_8/sideskips_right_2020-08-27--19-44-59.json,78,participant_8,6
sideskips_right,participant_8,participant_8/sideskips_right_2020-08-27--19-44-59.json,91,participant_8,6
sideskips_right,participant_8,participant_8/sideskips_right_2020-08-27--19-44-59.json,104,participant_8,6
sideskips_right,participant_8,participant_8/sideskips_right_2020-08-27--19-44-59.json,117,participant_8,6
sideskips_right,participant_8,participant_8/sideskips_right_2020-08-27--19-44-59.json,130,participant_8,6
sideskips_right,participant_8,participant_8/sideskips_right_2020-08-27--19-44-59.json,143,participant_8,6
sideskips_right,participant_8,participant_8/sideskips_right_2020-08-27--19-44-59.json,156,participant_8,6
sideskips_right,participant_8,participant_8/sideskips_right_2020-08-27--19-44-59.json,169,participant_8,6
sideskips_right,participant_8,participant_8/sideskips_right_2020-08-27--19-44-59.json,182,participant_8,6
sideskips_right,participant_8,participant_8/sideskips_right_2020-08-27--19-44-59.json,195,participant_8,6
sideskips_right,participant_8,participant_8/sideskips_right_2020-08-27--19-44-59.json,208,participant_8,6
sideskips_right,participant_8,participant_8/sideskips_right_2020-08-27--19-44-59.json,221,participant_8,6
sideskips_right,participant_8,participant_8/sideskips_right_2020-08-27--19-44-59.json,234,participant_8,6
sideskips_right,participant_8,participant_8/sideskips_right_2020-08-27--19-44-59.json,247,participant_8,6
sideskips_right,participant_8,participant_8/sideskips_right_2020-08-27--19-44-59.json,260,participant_8,6
sideskips_right,participant_8,participant_8/sideskips_right_2020-08-27--19-44-59.json,273,participant_8,6
sideskips_right,participant_8,participant_8/sideskips_right_2020-08-27--19-44-59.json,286,participant_8,6
sideskips_right,participant_8,participant_8/sideskips_right_2020-08-27--19-44-59.json,299,participant_8,6
sideskips_right,participant_8,participant_8/sideskips_right_2020-08-27--19-44-59.json,312,participant_8,6
sideskips_right,participant_8,participant_8/sideskips_right_2020-08-27--19-44-59.json,325,participant_8,6
sideskips_right,participant_8,participant_8/sideskips_right_2020-08-27--19-44-59.json,338,participant_8,6
sideskips_right,participant_8,participant_8/sideskips_right_2020-08-27--19-44-59.json,351,participant_8,6
sideskips_right,participant_8,participant_8/sideskips_right_2020-08-27--19-44-59.json,364,participant_8,6
sideskips_right,participant_8,participant_8/sideskips_right_2020-08-27--19-44-59.json,377,participant_8,6
sideskips_right,participant_8,participant_8/sideskips_right_2020-08-27--19-44-59.json,390,participant_8,6
sideskips_right,participant_8,participant_8/sideskips_right_2020-08-27--19-44-59.json,403,participant_8,6
sideskips_right,participant_8,participant_8/sideskips_right_2020-08-27--19-44-59.json,416,participant_8,6
sideskips_right,participant_8,participant_8/sideskips_right_2020-08-27--19-44-59.json,429,participant_8,6
sideskips_right,participant_8,participant_8/sideskips_right_2020-08-27--19-44-59.json,442,participant_8,6
sideskips_right,participant_8,participant_8/sideskips_right_2020-08-27--19-44-59.json,455,participant_8,6
carioca_left,participant_9,participant_9/carioca_left_2020-09-17--20-04-50.json,0,participant_9,0
carioca_left,participant_9,participant_9/carioca_left_2020-09-17--20-04-50.json,13,participant_9,0
carioca_left,participant_9,participant_9/carioca_left_2020-09-17--20-04-50.json,26,participant_9,0
carioca_left,participant_9,participant_9/carioca_left_2020-09-17--20-04-50.json,39,participant_9,0
carioca_left,participant_9,participant_9/carioca_left_2020-09-17--20-04-50.json,52,participant_9,0
carioca_left,participant_9,participant_9/carioca_left_2020-09-17--20-04-50.json,65,participant_9,0
carioca_left,participant_9,participant_9/carioca_left_2020-09-17--20-04-50.json,78,participant_9,0
carioca_left,participant_9,participant_9/carioca_left_2020-09-17--20-04-50.json,91,participant_9,0
carioca_left,participant_9,participant_9/carioca_left_2020-09-17--20-04-50.json,104,participant_9,0
carioca_left,participant_9,participant_9/carioca_left_2020-09-17--20-04-50.json,117,participant_9,0
carioca_left,participant_9,participant_9/carioca_left_2020-09-17--20-04-50.json,130,participant_9,0
carioca_left,participant_9,participant_9/carioca_left_2020-09-17--20-04-50.json,143,participant_9,0
carioca_left,participant_9,participant_9/carioca_left_2020-09-17--20-04-50.json,156,participant_9,0
carioca_left,participant_9,participant_9/carioca_left_2020-09-17--20-04-50.json,169,participant_9,0
carioca_left,participant_9,participant_9/carioca_left_2020-09-17--20-04-50.json,182,participant_9,0
carioca_left,participant_9,participant_9/carioca_left_2020-09-17--20-04-50.json,195,participant_9,0
carioca_left,participant_9,participant_9/carioca_left_2020-09-17--20-04-50.json,208,participant_9,0
carioca_left,participant_9,participant_9/carioca_left_2020-09-17--20-04-50.json,221,participant_9,0
carioca_left,participant_9,participant_9/carioca_left_2020-09-17--20-04-50.json,234,participant_9,0
carioca_left,participant_9,participant_9/carioca_left_2020-09-17--20-04-50.json,247,participant_9,0
carioca_left,participant_9,participant_9/carioca_left_2020-09-17--20-04-50.json,260,participant_9,0
carioca_left,participant_9,participant_9/carioca_left_2020-09-17--20-04-50.json,273,participant_9,0
carioca_left,participant_9,participant_9/carioca_left_2020-09-17--20-04-50.json,286,participant_9,0
carioca_left,participant_9,participant_9/carioca_left_2020-09-17--20-04-50.json,299,participant_9,0
carioca_left,participant_9,participant_9/carioca_left_2020-09-17--20-04-50.json,312,participant_9,0
carioca_left,participant_9,participant_9/carioca_left_2020-09-17--20-04-50.json,325,participant_9,0
carioca_left,participant_9,participant_9/carioca_left_2020-09-17--20-04-50.json,338,participant_9,0
carioca_left,participant_9,participant_9/carioca_left_2020-09-17--20-04-50.json,351,participant_9,0
carioca_left,participant_9,participant_9/carioca_left_2020-09-17--20-04-50.json,364,participant_9,0
carioca_left,participant_9,participant_9/carioca_left_2020-09-17--20-04-50.json,377,participant_9,0
carioca_left,participant_9,participant_9/carioca_left_2020-09-17--20-04-50.json,390,participant_9,0
carioca_left,participant_9,participant_9/carioca_left_2020-09-17--20-04-50.json,403,participant_9,0
carioca_left,participant_9,participant_9/carioca_left_2020-09-17--20-04-50.json,416,participant_9,0
carioca_left,participant_9,participant_9/carioca_left_2020-09-17--20-04-50.json,429,participant_9,0
carioca_left,participant_9,participant_9/carioca_left_2020-09-17--20-04-50.json,442,participant_9,0
carioca_left,participant_9,participant_9/carioca_left_2020-09-17--20-04-50.json,455,participant_9,0
carioca_right,participant_9,participant_9/carioca_right_2020-09-17--20-04-26.json,0,participant_9,1
carioca_right,participant_9,participant_9/carioca_right_2020-09-17--20-04-26.json,13,participant_9,1
carioca_right,participant_9,participant_9/carioca_right_2020-09-17--20-04-26.json,26,participant_9,1
carioca_right,participant_9,participant_9/carioca_right_2020-09-17--20-04-26.json,39,participant_9,1
carioca_right,participant_9,participant_9/carioca_right_2020-09-17--20-04-26.json,52,participant_9,1
carioca_right,participant_9,participant_9/carioca_right_2020-09-17--20-04-26.json,65,participant_9,1
carioca_right,participant_9,participant_9/carioca_right_2020-09-17--20-04-26.json,78,participant_9,1
carioca_right,participant_9,participant_9/carioca_right_2020-09-17--20-04-26.json,91,participant_9,1
carioca_right,participant_9,participant_9/carioca_right_2020-09-17--20-04-26.json,104,participant_9,1
carioca_right,participant_9,participant_9/carioca_right_2020-09-17--20-04-26.json,117,participant_9,1
carioca_right,participant_9,participant_9/carioca_right_2020-09-17--20-04-26.json,130,participant_9,1
carioca_right,participant_9,participant_9/carioca_right_2020-09-17--20-04-26.json,143,participant_9,1
carioca_right,participant_9,participant_9/carioca_right_2020-09-17--20-04-26.json,156,participant_9,1
carioca_right,participant_9,participant_9/carioca_right_2020-09-17--20-04-26.json,169,participant_9,1
carioca_right,participant_9,participant_9/carioca_right_2020-09-17--20-04-26.json,182,participant_9,1
carioca_right,participant_9,participant_9/carioca_right_2020-09-17--20-04-26.json,195,participant_9,1
carioca_right,participant_9,participant_9/carioca_right_2020-09-17--20-04-26.json,208,participant_9,1
carioca_right,participant_9,participant_9/carioca_right_2020-09-17--20-04-26.json,221,participant_9,1
carioca_right,participant_9,participant_9/carioca_right_2020-09-17--20-04-26.json,234,participant_9,1
carioca_right,participant_9,participant_9/carioca_right_2020-09-17--20-04-26.json,247,participant_9,1
carioca_right,participant_9,participant_9/carioca_right_2020-09-17--20-04-26.json,260,participant_9,1
carioca_right,participant_9,participant_9/carioca_right_2020-09-17--20-04-26.json,273,participant_9,1
carioca_right,participant_9,participant_9/carioca_right_2020-09-17--20-04-26.json,286,participant_9,1
carioca_right,participant_9,participant_9/carioca_right_2020-09-17--20-04-26.json,299,participant_9,1
carioca_right,participant_9,participant_9/carioca_right_2020-09-17--20-04-26.json,312,participant_9,1
carioca_right,participant_9,participant_9/carioca_right_2020-09-17--20-04-26.json,325,participant_9,1
carioca_right,participant_9,participant_9/carioca_right_2020-09-17--20-04-26.json,338,participant_9,1
carioca_right,participant_9,participant_9/carioca_right_2020-09-17--20-04-26.json,351,participant_9,1
carioca_right,participant_9,participant_9/carioca_right_2020-09-17--20-04-26.json,364,participant_9,1
carioca_right,participant_9,participant_9/carioca_right_2020-09-17--20-04-26.json,377,participant_9,1
carioca_right,participant_9,participant_9/carioca_right_2020-09-17--20-04-26.json,390,participant_9,1
carioca_right,participant_9,participant_9/carioca_right_2020-09-17--20-04-26.json,403,participant_9,1
carioca_right,participant_9,participant_9/carioca_right_2020-09-17--20-04-26.json,416,participant_9,1
carioca_right,participant_9,participant_9/carioca_right_2020-09-17--20-04-26.json,429,participant_9,1
carioca_right,participant_9,participant_9/carioca_right_2020-09-17--20-04-26.json,442,participant_9,1
carioca_right,participant_9,participant_9/carioca_right_2020-09-17--20-04-26.json,455,participant_9,1
heel_to_butt,participant_9,participant_9/heel_to_butt_2020-09-17--20-06-07.json,0,participant_9,2
heel_to_butt,participant_9,participant_9/heel_to_butt_2020-09-17--20-06-07.json,13,participant_9,2
heel_to_butt,participant_9,participant_9/heel_to_butt_2020-09-17--20-06-07.json,26,participant_9,2
heel_to_butt,participant_9,participant_9/heel_to_butt_2020-09-17--20-06-07.json,39,participant_9,2
heel_to_butt,participant_9,participant_9/heel_to_butt_2020-09-17--20-06-07.json,52,participant_9,2
heel_to_butt,participant_9,participant_9/heel_to_butt_2020-09-17--20-06-07.json,65,participant_9,2
heel_to_butt,participant_9,participant_9/heel_to_butt_2020-09-17--20-06-07.json,78,participant_9,2
heel_to_butt,participant_9,participant_9/heel_to_butt_2020-09-17--20-06-07.json,91,participant_9,2
heel_to_butt,participant_9,participant_9/heel_to_butt_2020-09-17--20-06-07.json,104,participant_9,2
heel_to_butt,participant_9,participant_9/heel_to_butt_2020-09-17--20-06-07.json,117,participant_9,2
heel_to_butt,participant_9,participant_9/heel_to_butt_2020-09-17--20-06-07.json,130,participant_9,2
heel_to_butt,participant_9,participant_9/heel_to_butt_2020-09-17--20-06-07.json,143,participant_9,2
heel_to_butt,participant_9,participant_9/heel_to_butt_2020-09-17--20-06-07.json,156,participant_9,2
heel_to_butt,participant_9,participant_9/heel_to_butt_2020-09-17--20-06-07.json,169,participant_9,2
heel_to_butt,participant_9,participant_9/heel_to_butt_2020-09-17--20-06-07.json,182,participant_9,2
heel_to_butt,participant_9,participant_9/heel_to_butt_2020-09-17--20-06-07.json,195,participant_9,2
heel_to_butt,participant_9,participant_9/heel_to_butt_2020-09-17--20-06-07.json,208,participant_9,2
heel_to_butt,participant_9,participant_9/heel_to_butt_2020-09-17--20-06-07.json,221,participant_9,2
heel_to_butt,participant_9,participant_9/heel_to_butt_2020-09-17--20-06-07.json,234,participant_9,2
heel_to_butt,participant_9,participant_9/heel_to_butt_2020-09-17--20-06-07.json,247,participant_9,2
heel_to_butt,participant_9,participant_9/heel_to_butt_2020-09-17--20-06-07.json,260,participant_9,2
heel_to_butt,participant_9,participant_9/heel_to_butt_2020-09-17--20-06-07.json,273,participant_9,2
heel_to_butt,participant_9,participant_9/heel_to_butt_2020-09-17--20-06-07.json,286,participant_9,2
heel_to_butt,participant_9,participant_9/heel_to_butt_2020-09-17--20-06-07.json,299,participant_9,2
heel_to_butt,participant_9,participant_9/heel_to_butt_2020-09-17--20-06-07.json,312,participant_9,2
heel_to_butt,participant_9,participant_9/heel_to_butt_2020-09-17--20-06-07.json,325,participant_9,2
heel_to_butt,participant_9,participant_9/heel_to_butt_2020-09-17--20-06-07.json,338,participant_9,2
heel_to_butt,participant_9,participant_9/heel_to_butt_2020-09-17--20-06-07.json,351,participant_9,2
heel_to_butt,participant_9,participant_9/heel_to_butt_2020-09-17--20-06-07.json,364,participant_9,2
heel_to_butt,participant_9,participant_9/heel_to_butt_2020-09-17--20-06-07.json,377,participant_9,2
heel_to_butt,participant_9,participant_9/heel_to_butt_2020-09-17--20-06-07.json,390,participant_9,2
heel_to_butt,participant_9,participant_9/heel_to_butt_2020-09-17--20-06-07.json,403,participant_9,2
heel_to_butt,participant_9,participant_9/heel_to_butt_2020-09-17--20-06-07.json,416,participant_9,2
heel_to_butt,participant_9,participant_9/heel_to_butt_2020-09-17--20-06-07.json,429,participant_9,2
heel_to_butt,participant_9,participant_9/heel_to_butt_2020-09-17--20-06-07.json,442,participant_9,2
heel_to_butt,participant_9,participant_9/heel_to_butt_2020-09-17--20-06-07.json,455,participant_9,2
high_knee_run,participant_9,participant_9/high_knee_run_2020-09-17--20-04-00.json,0,participant_9,3
high_knee_run,participant_9,participant_9/high_knee_run_2020-09-17--20-04-00.json,13,participant_9,3
high_knee_run,participant_9,participant_9/high_knee_run_2020-09-17--20-04-00.json,26,participant_9,3
high_knee_run,participant_9,participant_9/high_knee_run_2020-09-17--20-04-00.json,39,participant_9,3
high_knee_run,participant_9,participant_9/high_knee_run_2020-09-17--20-04-00.json,52,participant_9,3
high_knee_run,participant_9,participant_9/high_knee_run_2020-09-17--20-04-00.json,65,participant_9,3
high_knee_run,participant_9,participant_9/high_knee_run_2020-09-17--20-04-00.json,78,participant_9,3
high_knee_run,participant_9,participant_9/high_knee_run_2020-09-17--20-04-00.json,91,participant_9,3
high_knee_run,participant_9,participant_9/high_knee_run_2020-09-17--20-04-00.json,104,participant_9,3
high_knee_run,participant_9,participant_9/high_knee_run_2020-09-17--20-04-00.json,117,participant_9,3
high_knee_run,participant_9,participant_9/high_knee_run_2020-09-17--20-04-00.json,130,participant_9,3
high_knee_run,participant_9,participant_9/high_knee_run_2020-09-17--20-04-00.json,143,participant_9,3
high_knee_run,participant_9,participant_9/high_knee_run_2020-09-17--20-04-00.json,156,participant_9,3
high_knee_run,participant_9,participant_9/high_knee_run_2020-09-17--20-04-00.json,169,participant_9,3
high_knee_run,participant_9,participant_9/high_knee_run_2020-09-17--20-04-00.json,182,participant_9,3
high_knee_run,participant_9,participant_9/high_knee_run_2020-09-17--20-04-00.json,195,participant_9,3
high_knee_run,participant_9,participant_9/high_knee_run_2020-09-17--20-04-00.json,208,participant_9,3
high_knee_run,participant_9,participant_9/high_knee_run_2020-09-17--20-04-00.json,221,participant_9,3
high_knee_run,participant_9,participant_9/high_knee_run_2020-09-17--20-04-00.json,234,participant_9,3
high_knee_run,participant_9,participant_9/high_knee_run_2020-09-17--20-04-00.json,247,participant_9,3
high_knee_run,participant_9,participant_9/high_knee_run_2020-09-17--20-04-00.json,260,participant_9,3
high_knee_run,participant_9,participant_9/high_knee_run_2020-09-17--20-04-00.json,273,participant_9,3
high_knee_run,participant_9,participant_9/high_knee_run_2020-09-17--20-04-00.json,286,participant_9,3
high_knee_run,participant_9,participant_9/high_knee_run_2020-09-17--20-04-00.json,299,participant_9,3
high_knee_run,participant_9,participant_9/high_knee_run_2020-09-17--20-04-00.json,312,participant_9,3
high_knee_run,participant_9,participant_9/high_knee_run_2020-09-17--20-04-00.json,325,participant_9,3
high_knee_run,participant_9,participant_9/high_knee_run_2020-09-17--20-04-00.json,338,participant_9,3
high_knee_run,participant_9,participant_9/high_knee_run_2020-09-17--20-04-00.json,351,participant_9,3
high_knee_run,participant_9,participant_9/high_knee_run_2020-09-17--20-04-00.json,364,participant_9,3
high_knee_run,participant_9,participant_9/high_knee_run_2020-09-17--20-04-00.json,377,participant_9,3
high_knee_run,participant_9,participant_9/high_knee_run_2020-09-17--20-04-00.json,390,participant_9,3
high_knee_run,participant_9,participant_9/high_knee_run_2020-09-17--20-04-00.json,403,participant_9,3
high_knee_run,participant_9,participant_9/high_knee_run_2020-09-17--20-04-00.json,416,participant_9,3
high_knee_run,participant_9,participant_9/high_knee_run_2020-09-17--20-04-00.json,429,participant_9,3
high_knee_run,participant_9,participant_9/high_knee_run_2020-09-17--20-04-00.json,442,participant_9,3
high_knee_run,participant_9,participant_9/high_knee_run_2020-09-17--20-04-00.json,455,participant_9,3
running,participant_9,participant_9/running_2020-09-17--20-06-32.json,0,participant_9,4
running,participant_9,participant_9/running_2020-09-17--20-06-32.json,13,participant_9,4
running,participant_9,participant_9/running_2020-09-17--20-06-32.json,26,participant_9,4
running,participant_9,participant_9/running_2020-09-17--20-06-32.json,39,participant_9,4
running,participant_9,participant_9/running_2020-09-17--20-06-32.json,52,participant_9,4
running,participant_9,participant_9/running_2020-09-17--20-06-32.json,65,participant_9,4
running,participant_9,participant_9/running_2020-09-17--20-06-32.json,78,participant_9,4
running,participant_9,participant_9/running_2020-09-17--20-06-32.json,91,participant_9,4
running,participant_9,participant_9/running_2020-09-17--20-06-32.json,104,participant_9,4
running,participant_9,participant_9/running_2020-09-17--20-06-32.json,117,participant_9,4
running,participant_9,participant_9/running_2020-09-17--20-06-32.json,130,participant_9,4
running,participant_9,participant_9/running_2020-09-17--20-06-32.json,143,participant_9,4
running,participant_9,participant_9/running_2020-09-17--20-06-32.json,156,participant_9,4
running,participant_9,participant_9/running_2020-09-17--20-06-32.json,169,participant_9,4
running,participant_9,participant_9/running_2020-09-17--20-06-32.json,182,participant_9,4
running,participant_9,participant_9/running_2020-09-17--20-06-32.json,195,participant_9,4
running,participant_9,participant_9/running_2020-09-17--20-06-32.json,208,participant_9,4
running,participant_9,participant_9/running_2020-09-17--20-06-32.json,221,participant_9,4
running,participant_9,participant_9/running_2020-09-17--20-06-32.json,234,participant_9,4
running,participant_9,participant_9/running_2020-09-17--20-06-32.json,247,participant_9,4
running,participant_9,participant_9/running_2020-09-17--20-06-32.json,260,participant_9,4
running,participant_9,participant_9/running_2020-09-17--20-06-32.json,273,participant_9,4
running,participant_9,participant_9/running_2020-09-17--20-06-32.json,286,participant_9,4
running,participant_9,participant_9/running_2020-09-17--20-06-32.json,299,participant_9,4
running,participant_9,participant_9/running_2020-09-17--20-06-32.json,312,participant_9,4
running,participant_9,participant_9/running_2020-09-17--20-06-32.json,325,participant_9,4
running,participant_9,participant_9/running_2020-09-17--20-06-32.json,338,participant_9,4
running,participant_9,participant_9/running_2020-09-17--20-06-32.json,351,participant_9,4
running,participant_9,participant_9/running_2020-09-17--20-06-32.json,364,participant_9,4
running,participant_9,participant_9/running_2020-09-17--20-06-32.json,377,participant_9,4
running,participant_9,participant_9/running_2020-09-17--20-06-32.json,390,participant_9,4
running,participant_9,participant_9/running_2020-09-17--20-06-32.json,403,participant_9,4
running,participant_9,participant_9/running_2020-09-17--20-06-32.json,416,participant_9,4
running,participant_9,participant_9/running_2020-09-17--20-06-32.json,429,participant_9,4
running,participant_9,participant_9/running_2020-09-17--20-06-32.json,442,participant_9,4
running,participant_9,participant_9/running_2020-09-17--20-06-32.json,455,participant_9,4
sideskips_left,participant_9,participant_9/sideskips_left_2020-09-17--20-05-18.json,0,participant_9,5
sideskips_left,participant_9,participant_9/sideskips_left_2020-09-17--20-05-18.json,13,participant_9,5
sideskips_left,participant_9,participant_9/sideskips_left_2020-09-17--20-05-18.json,26,participant_9,5
sideskips_left,participant_9,participant_9/sideskips_left_2020-09-17--20-05-18.json,39,participant_9,5
sideskips_left,participant_9,participant_9/sideskips_left_2020-09-17--20-05-18.json,52,participant_9,5
sideskips_left,participant_9,participant_9/sideskips_left_2020-09-17--20-05-18.json,65,participant_9,5
sideskips_left,participant_9,participant_9/sideskips_left_2020-09-17--20-05-18.json,78,participant_9,5
sideskips_left,participant_9,participant_9/sideskips_left_2020-09-17--20-05-18.json,91,participant_9,5
sideskips_left,participant_9,participant_9/sideskips_left_2020-09-17--20-05-18.json,104,participant_9,5
sideskips_left,participant_9,participant_9/sideskips_left_2020-09-17--20-05-18.json,117,participant_9,5
sideskips_left,participant_9,participant_9/sideskips_left_2020-09-17--20-05-18.json,130,participant_9,5
sideskips_left,participant_9,participant_9/sideskips_left_2020-09-17--20-05-18.json,143,participant_9,5
sideskips_left,participant_9,participant_9/sideskips_left_2020-09-17--20-05-18.json,156,participant_9,5
sideskips_left,participant_9,participant_9/sideskips_left_2020-09-17--20-05-18.json,169,participant_9,5
sideskips_left,participant_9,participant_9/sideskips_left_2020-09-17--20-05-18.json,182,participant_9,5
sideskips_left,participant_9,participant_9/sideskips_left_2020-09-17--20-05-18.json,195,participant_9,5
sideskips_left,participant_9,participant_9/sideskips_left_2020-09-17--20-05-18.json,208,participant_9,5
sideskips_left,participant_9,participant_9/sideskips_left_2020-09-17--20-05-18.json,221,participant_9,5
sideskips_left,participant_9,participant_9/sideskips_left_2020-09-17--20-05-18.json,234,participant_9,5
sideskips_left,participant_9,participant_9/sideskips_left_2020-09-17--20-05-18.json,247,participant_9,5
sideskips_left,participant_9,participant_9/sideskips_left_2020-09-17--20-05-18.json,260,participant_9,5
sideskips_left,participant_9,participant_9/sideskips_left_2020-09-17--20-05-18.json,273,participant_9,5
sideskips_left,participant_9,participant_9/sideskips_left_2020-09-17--20-05-18.json,286,participant_9,5
sideskips_left,participant_9,participant_9/sideskips_left_2020-09-17--20-05-18.json,299,participant_9,5
sideskips_left,participant_9,participant_9/sideskips_left_2020-09-17--20-05-18.json,312,participant_9,5
sideskips_left,participant_9,participant_9/sideskips_left_2020-09-17--20-05-18.json,325,participant_9,5
sideskips_left,participant_9,participant_9/sideskips_left_2020-09-17--20-05-18.json,338,participant_9,5
sideskips_left,participant_9,participant_9/sideskips_left_2020-09-17--20-05-18.json,351,participant_9,5
sideskips_left,participant_9,participant_9/sideskips_left_2020-09-17--20-05-18.json,364,participant_9,5
sideskips_left,participant_9,participant_9/sideskips_left_2020-09-17--20-05-18.json,377,participant_9,5
sideskips_left,participant_9,participant_9/sideskips_left_2020-09-17--20-05-18.json,390,participant_9,5
sideskips_left,participant_9,participant_9/sideskips_left_2020-09-17--20-05-18.json,403,participant_9,5
sideskips_left,participant_9,participant_9/sideskips_left_2020-09-17--20-05-18.json,416,participant_9,5
sideskips_left,participant_9,participant_9/sideskips_left_2020-09-17--20-05-18.json,429,participant_9,5
sideskips_left,participant_9,participant_9/sideskips_left_2020-09-17--20-05-18.json,442,participant_9,5
sideskips_left,participant_9,participant_9/sideskips_left_2020-09-17--20-05-18.json,455,participant_9,5
sideskips_right,participant_9,participant_9/sideskips_right_2020-09-17--20-05-42.json,0,participant_9,6
sideskips_right,participant_9,participant_9/sideskips_right_2020-09-17--20-05-42.json,13,participant_9,6
sideskips_right,participant_9,participant_9/sideskips_right_2020-09-17--20-05-42.json,26,participant_9,6
sideskips_right,participant_9,participant_9/sideskips_right_2020-09-17--20-05-42.json,39,participant_9,6
sideskips_right,participant_9,participant_9/sideskips_right_2020-09-17--20-05-42.json,52,participant_9,6
sideskips_right,participant_9,participant_9/sideskips_right_2020-09-17--20-05-42.json,65,participant_9,6
sideskips_right,participant_9,participant_9/sideskips_right_2020-09-17--20-05-42.json,78,participant_9,6
sideskips_right,participant_9,participant_9/sideskips_right_2020-09-17--20-05-42.json,91,participant_9,6
sideskips_right,participant_9,participant_9/sideskips_right_2020-09-17--20-05-42.json,104,participant_9,6
sideskips_right,participant_9,participant_9/sideskips_right_2020-09-17--20-05-42.json,117,participant_9,6
sideskips_right,participant_9,participant_9/sideskips_right_2020-09-17--20-05-42.json,130,participant_9,6
sideskips_right,participant_9,participant_9/sideskips_right_2020-09-17--20-05-42.json,143,participant_9,6
sideskips_right,participant_9,participant_9/sideskips_right_2020-09-17--20-05-42.json,156,participant_9,6
sideskips_right,participant_9,participant_9/sideskips_right_2020-09-17--20-05-42.json,169,participant_9,6
sideskips_right,participant_9,participant_9/sideskips_right_2020-09-17--20-05-42.json,182,participant_9,6
sideskips_right,participant_9,participant_9/sideskips_right_2020-09-17--20-05-42.json,195,participant_9,6
sideskips_right,participant_9,participant_9/sideskips_right_2020-09-17--20-05-42.json,208,participant_9,6
sideskips_right,participant_9,participant_9/sideskips_right_2020-09-17--20-05-42.json,221,participant_9,6
sideskips_right,participant_9,participant_9/sideskips_right_2020-09-17--20-05-42.json,234,participant_9,6
sideskips_right,participant_9,participant_9/sideskips_right_2020-09-17--20-05-42.json,247,participant_9,6
sideskips_right,participant_9,participant_9/sideskips_right_2020-09-17--20-05-42.json,260,participant_9,6
sideskips_right,participant_9,participant_9/sideskips_right_2020-09-17--20-05-42.json,273,participant_9,6
sideskips_right,participant_9,participant_9/sideskips_right_2020-09-17--20-05-42.json,286,participant_9,6
sideskips_right,participant_9,participant_9/sideskips_right_2020-09-17--20-05-42.json,299,participant_9,6
sideskips_right,participant_9,participant_9/sideskips_right_2020-09-17--20-05-42.json,312,participant_9,6
sideskips_right,participant_9,participant_9/sideskips_right_2020-09-17--20-05-42.json,325,participant_9,6
sideskips_right,participant_9,participant_9/sideskips_right_2020-09-17--20-05-42.json,338,participant_9,6
sideskips_right,participant_9,participant_9/sideskips_right_2020-09-17--20-05-42.json,351,participant_9,6
sideskips_right,participant_9,participant_9/sideskips_right_2020-09-17--20-05-42.json,364,participant_9,6
sideskips_right,participant_9,participant_9/sideskips_right_2020-09-17--20-05-42.json,377,participant_9,6
sideskips_right,participant_9,participant_9/sideskips_right_2020-09-17--20-05-42.json,390,participant_9,6
sideskips_right,participant_9,participant_9/sideskips_right_2020-09-17--20-05-42.json,403,participant_9,6
sideskips_right,participant_9,participant_9/sideskips_right_2020-09-17--20-05-42.json,416,participant_9,6
sideskips_right,participant_9,participant_9/sideskips_right_2020-09-17--20-05-42.json,429,participant_9,6
sideskips_right,participant_9,participant_9/sideskips_right_2020-09-17--20-05-42.json,442,participant_9,6
sideskips_right,participant_9,participant_9/sideskips_right_2020-09-17--20-05-42.json,455,participant_9,6
